# Blender 4.3.2
# www.blender.org
mtllib legs.mtl
o mike_legs_prev.004
v -154.550766 2.440586 8.074692
v -154.094360 2.440586 8.438098
v -154.550766 2.470770 8.074692
v -154.094360 2.470770 8.438098
v -154.448212 2.440586 8.882496
v -154.904617 2.440586 8.519089
v -154.448212 2.470770 8.882496
v -154.904617 2.470770 8.519089
v -155.482346 2.122529 8.763876
v -155.477615 2.122529 8.778965
v -155.470032 2.122529 8.792836
v -155.459885 2.122529 8.804961
v -155.447571 2.122529 8.814873
v -155.433563 2.122529 8.822193
v -155.418396 2.122529 8.826640
v -155.402649 2.122529 8.828041
v -155.386932 2.122529 8.826347
v -155.371841 2.122529 8.821612
v -155.357971 2.122529 8.814031
v -155.345840 2.122529 8.803886
v -155.335938 2.122529 8.791573
v -155.328613 2.122529 8.777564
v -155.324158 2.122529 8.762394
v -155.322754 2.122529 8.746648
v -155.324463 2.122529 8.730926
v -155.329193 2.122529 8.715842
v -155.336777 2.122529 8.701971
v -155.346924 2.122529 8.689846
v -155.359238 2.122529 8.679929
v -155.373245 2.122529 8.672608
v -155.388412 2.122529 8.668161
v -155.404160 2.122529 8.666760
v -155.419876 2.122529 8.668460
v -155.434967 2.122529 8.673189
v -155.448837 2.122529 8.680771
v -155.460968 2.122529 8.690914
v -155.470871 2.122529 8.703228
v -155.478195 2.122529 8.717243
v -155.482651 2.122529 8.732413
v -155.484039 2.122529 8.748160
v -155.477615 2.122529 8.778965
v -155.482346 2.122529 8.763876
v -155.470032 2.122529 8.792836
v -155.459885 2.122529 8.804961
v -155.447571 2.122529 8.814873
v -155.433563 2.122529 8.822193
v -155.418396 2.122529 8.826640
v -155.402649 2.122529 8.828041
v -155.386932 2.122529 8.826347
v -155.371841 2.122529 8.821612
v -155.357971 2.122529 8.814031
v -155.345840 2.122529 8.803886
v -155.335938 2.122529 8.791573
v -155.328613 2.122529 8.777564
v -155.324158 2.122529 8.762394
v -155.322754 2.122529 8.746648
v -155.324463 2.122529 8.730926
v -155.329193 2.122529 8.715842
v -155.336777 2.122529 8.701971
v -155.346924 2.122529 8.689846
v -155.359238 2.122529 8.679929
v -155.373245 2.122529 8.672608
v -155.388412 2.122529 8.668161
v -155.404160 2.122529 8.666760
v -155.419876 2.122529 8.668460
v -155.434967 2.122529 8.673189
v -155.448837 2.122529 8.680771
v -155.460968 2.122529 8.690914
v -155.470871 2.122529 8.703228
v -155.478195 2.122529 8.717243
v -155.482651 2.122529 8.732413
v -155.484039 2.122529 8.748160
v -155.445663 2.150467 8.765371
v -155.448349 2.150467 8.756781
v -155.441345 2.150467 8.773269
v -155.435562 2.150467 8.780172
v -155.428558 2.150467 8.785813
v -155.420578 2.150467 8.789987
v -155.411942 2.150467 8.792517
v -155.402969 2.150467 8.793318
v -155.394028 2.150467 8.792347
v -155.385437 2.150467 8.789658
v -155.377533 2.150467 8.785337
v -155.370636 2.150467 8.779565
v -155.364990 2.150467 8.772548
v -155.360825 2.150467 8.764574
v -155.358292 2.150467 8.755937
v -155.357254 2.150538 8.746922
v -155.357986 2.150606 8.737922
v -155.360901 2.150538 8.729385
v -155.365463 2.150467 8.721539
v -155.371246 2.150467 8.714636
v -155.378250 2.150467 8.708988
v -155.386230 2.150467 8.704821
v -155.394867 2.150467 8.702291
v -155.403839 2.150467 8.701490
v -155.412781 2.150467 8.702454
v -155.421371 2.150467 8.705151
v -155.429276 2.150467 8.709470
v -155.436172 2.150467 8.715243
v -155.441818 2.150467 8.722253
v -155.445984 2.150467 8.730234
v -155.448517 2.150467 8.738871
v -155.449310 2.150467 8.747836
v -155.477615 2.150467 8.778965
v -155.482346 2.150467 8.763876
v -155.470032 2.150467 8.792836
v -155.459885 2.150467 8.804961
v -155.447571 2.150467 8.814873
v -155.433563 2.150467 8.822193
v -155.418396 2.150467 8.826640
v -155.402649 2.150467 8.828041
v -155.386932 2.150467 8.826347
v -155.371841 2.150467 8.821612
v -155.357971 2.150467 8.814031
v -155.345840 2.150467 8.803886
v -155.335938 2.150467 8.791573
v -155.328613 2.150467 8.777564
v -155.323227 2.150813 8.762165
v -155.320694 2.152553 8.745902
v -155.322006 2.153637 8.730415
v -155.326996 2.152553 8.715700
v -155.335815 2.150813 8.701800
v -155.346924 2.150467 8.689846
v -155.359238 2.150467 8.679929
v -155.373245 2.150467 8.672608
v -155.388412 2.150467 8.668161
v -155.404160 2.150467 8.666760
v -155.419876 2.150467 8.668460
v -155.434967 2.150467 8.673189
v -155.448837 2.150467 8.680771
v -155.460968 2.150467 8.690914
v -155.470871 2.150467 8.703228
v -155.478195 2.150467 8.717243
v -155.482651 2.150467 8.732413
v -155.484039 2.150467 8.748160
v -155.340485 2.299201 8.744763
v -155.342728 2.300202 8.734738
v -155.338058 2.296236 8.754339
v -155.335510 2.291422 8.763110
v -155.332977 2.284943 8.770727
v -155.330521 2.277048 8.776898
v -155.328262 2.268040 8.781401
v -155.326263 2.258267 8.784045
v -155.324631 2.248104 8.784734
v -155.323395 2.237940 8.783446
v -155.322632 2.228166 8.780226
v -155.322357 2.219159 8.775193
v -155.322571 2.211265 8.768558
v -155.323288 2.204785 8.760557
v -155.324463 2.199971 8.751503
v -155.326065 2.197006 8.741754
v -155.328018 2.196005 8.731669
v -155.330261 2.197006 8.721651
v -155.332703 2.199971 8.712069
v -155.335236 2.204785 8.703304
v -155.337784 2.211265 8.695686
v -155.340225 2.219159 8.689509
v -155.342499 2.228166 8.685014
v -155.344482 2.237940 8.682369
v -155.346130 2.248104 8.681681
v -155.347351 2.258267 8.682968
v -155.348129 2.268040 8.686189
v -155.348404 2.277048 8.691215
v -155.348175 2.284943 8.697857
v -155.347473 2.291422 8.705856
v -155.346283 2.296236 8.714904
v -155.344681 2.299201 8.724661
v -154.814468 2.389606 8.534145
v -154.817795 2.391555 8.521795
v -154.810822 2.385112 8.545938
v -154.807526 2.378935 8.556812
v -154.804352 2.370875 8.566289
v -154.801300 2.361052 8.573976
v -154.798492 2.349846 8.579568
v -154.796005 2.337687 8.582861
v -154.793961 2.325041 8.583720
v -154.792435 2.312396 8.582116
v -154.791489 2.300237 8.578107
v -154.791138 2.289031 8.571855
v -154.791412 2.279208 8.563589
v -154.792313 2.271147 8.553638
v -154.793777 2.265157 8.542380
v -154.795761 2.261469 8.530247
v -154.798203 2.260223 8.517705
v -154.800980 2.261469 8.505230
v -154.804016 2.265157 8.493315
v -154.807175 2.271147 8.482409
v -154.810333 2.279208 8.472933
v -154.813385 2.289031 8.465247
v -154.816208 2.300237 8.459655
v -154.818680 2.312396 8.456362
v -154.820724 2.325041 8.455503
v -154.822250 2.337687 8.457107
v -154.823212 2.349846 8.461116
v -154.823547 2.361052 8.467368
v -154.823273 2.370875 8.475633
v -154.822388 2.378935 8.485585
v -154.821060 2.385112 8.496872
v -154.819687 2.389606 8.509140
v -154.769302 2.406679 8.526661
v -154.773712 2.406662 8.512589
v -154.762238 2.406729 8.539595
v -154.752777 2.406811 8.550905
v -154.741287 2.406921 8.560146
v -154.728226 2.407055 8.566975
v -154.714081 2.407208 8.571120
v -154.699402 2.407374 8.572429
v -154.684753 2.407547 8.570850
v -154.670685 2.407720 8.566436
v -154.657761 2.407886 8.559364
v -154.646454 2.408038 8.549908
v -154.637207 2.408173 8.538424
v -154.630386 2.408283 8.525362
v -154.626236 2.408365 8.511212
v -154.624924 2.408415 8.496531
v -154.626511 2.408432 8.481870
v -154.630920 2.408415 8.467805
v -154.638000 2.408365 8.454871
v -154.647461 2.408283 8.443561
v -154.658936 2.408173 8.434319
v -154.671997 2.408038 8.427490
v -154.686142 2.407886 8.423345
v -154.700821 2.407720 8.422036
v -154.715485 2.407547 8.423615
v -154.729538 2.407374 8.428029
v -154.742477 2.407208 8.435101
v -154.753784 2.407055 8.444557
v -154.763016 2.406921 8.456041
v -154.769852 2.406811 8.469103
v -154.773987 2.406729 8.483253
v -154.775299 2.406679 8.497934
v -154.769302 2.429670 8.526661
v -154.773712 2.429653 8.512589
v -154.762238 2.429720 8.539595
v -154.752777 2.429802 8.550905
v -154.741287 2.429912 8.560146
v -154.728226 2.430046 8.566975
v -154.714081 2.430199 8.571120
v -154.699402 2.430365 8.572429
v -154.684753 2.430538 8.570850
v -154.670685 2.430710 8.566436
v -154.657761 2.430876 8.559364
v -154.646454 2.431029 8.549908
v -154.637207 2.431163 8.538424
v -154.630386 2.431273 8.525362
v -154.626236 2.431355 8.511212
v -154.624924 2.431406 8.496531
v -154.626511 2.431422 8.481870
v -154.630920 2.431406 8.467805
v -154.638000 2.431355 8.454871
v -154.647461 2.431273 8.443561
v -154.658936 2.431163 8.434319
v -154.671997 2.431029 8.427490
v -154.686142 2.430876 8.423345
v -154.700821 2.430710 8.422036
v -154.715485 2.430538 8.423615
v -154.729538 2.430365 8.428029
v -154.742477 2.430199 8.435101
v -154.753784 2.430046 8.444557
v -154.763016 2.429912 8.456041
v -154.769852 2.429802 8.469103
v -154.773987 2.429720 8.483253
v -154.775299 2.429670 8.497934
v -154.824722 2.428975 8.550230
v -154.832657 2.428944 8.524898
v -154.811981 2.429065 8.573526
v -154.794952 2.429213 8.593889
v -154.774277 2.429411 8.610538
v -154.750748 2.429652 8.622837
v -154.725281 2.429928 8.630303
v -154.698837 2.430227 8.632660
v -154.672440 2.430538 8.629810
v -154.647125 2.430849 8.621866
v -154.623825 2.431147 8.609132
v -154.603470 2.431423 8.592100
v -154.586823 2.431665 8.571419
v -154.574539 2.431862 8.547889
v -154.567062 2.432010 8.522413
v -154.564713 2.432101 8.495970
v -154.567566 2.432131 8.469574
v -154.575516 2.432101 8.444241
v -154.588242 2.432010 8.420945
v -154.605270 2.431862 8.400582
v -154.625946 2.431665 8.383933
v -154.649475 2.431423 8.371634
v -154.674957 2.431147 8.364168
v -154.701385 2.430849 8.361812
v -154.727783 2.430538 8.364661
v -154.753113 2.430227 8.372605
v -154.776398 2.429928 8.385340
v -154.796753 2.429653 8.402371
v -154.813400 2.429411 8.423053
v -154.825699 2.429213 8.446583
v -154.833160 2.429065 8.472058
v -154.835510 2.428975 8.498502
v -154.825241 2.445190 8.550340
v -154.833191 2.445160 8.525007
v -154.812515 2.445281 8.573635
v -154.795471 2.445429 8.593998
v -154.774796 2.445627 8.610648
v -154.751266 2.445868 8.622946
v -154.725800 2.446144 8.630412
v -154.699356 2.446443 8.632769
v -154.672974 2.446754 8.629919
v -154.647644 2.447064 8.621975
v -154.624359 2.447363 8.609241
v -154.603989 2.447639 8.592210
v -154.587341 2.447881 8.571527
v -154.575058 2.448078 8.547997
v -154.567596 2.448225 8.522523
v -154.565231 2.448316 8.496078
v -154.568085 2.448347 8.469683
v -154.576035 2.448316 8.444350
v -154.588760 2.448225 8.421055
v -154.605804 2.448078 8.400692
v -154.626480 2.447881 8.384042
v -154.649994 2.447639 8.371744
v -154.675476 2.447363 8.364278
v -154.701920 2.447064 8.361921
v -154.728302 2.446754 8.364771
v -154.753632 2.446443 8.372714
v -154.776917 2.446144 8.385449
v -154.797287 2.445868 8.402480
v -154.813934 2.445627 8.423162
v -154.826218 2.445429 8.446692
v -154.833679 2.445281 8.472167
v -154.836029 2.445190 8.498611
v -154.770859 2.388297 8.511993
v -154.758698 2.399403 8.509456
v -154.767120 2.399388 8.511220
v -154.769211 2.397581 8.498116
v -154.760437 2.398031 8.495803
v -154.772278 2.387782 8.497793
v -154.770721 2.393174 8.485415
v -154.760666 2.394362 8.482371
v -154.771088 2.386208 8.483596
v -154.772003 2.386843 8.473692
v -154.759735 2.388747 8.469753
v -154.767532 2.383607 8.469998
v -154.772766 2.378510 8.463338
v -154.757477 2.381268 8.458393
v -154.761612 2.380098 8.457502
v -154.772858 2.368356 8.454724
v -154.753845 2.372156 8.448697
v -154.753510 2.375823 8.446565
v -154.772263 2.356771 8.448194
v -154.749008 2.361759 8.441044
v -154.743546 2.370944 8.437613
v -154.771027 2.344201 8.443984
v -154.743118 2.350478 8.435732
v -154.732071 2.365651 8.430987
v -154.769180 2.331128 8.442266
v -154.736435 2.338746 8.432949
v -154.719543 2.360147 8.426948
v -154.766800 2.318056 8.443103
v -154.729187 2.327014 8.432822
v -154.706451 2.354642 8.425641
v -154.763977 2.305485 8.446465
v -154.721664 2.315733 8.435338
v -154.693283 2.349349 8.427126
v -154.760818 2.293900 8.452214
v -154.714172 2.305336 8.440414
v -154.680557 2.344471 8.431339
v -154.757462 2.283746 8.460143
v -154.706970 2.296223 8.447851
v -154.668762 2.340196 8.438124
v -154.754013 2.275413 8.469936
v -154.700348 2.288745 8.457356
v -154.658340 2.336686 8.447212
v -154.750610 2.269221 8.481218
v -154.694565 2.283188 8.468576
v -154.649704 2.334079 8.458265
v -154.747391 2.265408 8.493564
v -154.689835 2.279766 8.481069
v -154.643188 2.332474 8.470844
v -154.744476 2.264120 8.506495
v -154.686340 2.278610 8.494361
v -154.639023 2.331932 8.484479
v -154.741974 2.265408 8.519505
v -154.684219 2.279766 8.507934
v -154.637375 2.332474 8.498640
v -154.739990 2.269221 8.532106
v -154.683563 2.283188 8.521280
v -154.638321 2.334080 8.512785
v -154.738602 2.275413 8.543807
v -154.684372 2.288745 8.533872
v -154.641830 2.336687 8.526371
v -154.737839 2.283746 8.554162
v -154.686646 2.296224 8.545232
v -154.647736 2.340196 8.538867
v -154.737747 2.293901 8.562775
v -154.690262 2.305337 8.554927
v -154.655838 2.344471 8.549805
v -154.738342 2.305485 8.569305
v -154.695114 2.315733 8.562581
v -154.665817 2.349350 8.558757
v -154.739578 2.318056 8.573515
v -154.700989 2.327014 8.567893
v -154.677292 2.354643 8.565382
v -154.741425 2.331128 8.575233
v -154.707687 2.338747 8.570676
v -154.689804 2.360147 8.569422
v -154.743805 2.344201 8.574396
v -154.714935 2.350478 8.570802
v -154.702911 2.365652 8.570729
v -154.746628 2.356771 8.571034
v -154.722443 2.361759 8.568286
v -154.716064 2.370945 8.569244
v -154.749771 2.368356 8.565285
v -154.729950 2.372156 8.563210
v -154.728790 2.375823 8.565030
v -154.753143 2.378510 8.557356
v -154.737152 2.381269 8.555774
v -154.740601 2.380099 8.558246
v -154.756592 2.386844 8.547564
v -154.743774 2.388747 8.546268
v -154.751007 2.383608 8.549157
v -154.760101 2.393174 8.536304
v -154.749664 2.394362 8.535069
v -154.759705 2.386208 8.538116
v -154.763794 2.397581 8.524057
v -154.754822 2.398031 8.522669
v -154.766479 2.387782 8.525582
v -153.573242 2.114564 8.039228
v -153.580185 2.114564 8.024366
v -153.589890 2.114564 8.011140
v -153.601990 2.114564 8.000060
v -153.616028 2.114564 7.991552
v -153.631454 2.114564 7.985952
v -153.647675 2.114564 7.983465
v -153.664062 2.114564 7.984187
v -153.679993 2.114564 7.988102
v -153.694855 2.114564 7.995041
v -153.708084 2.114564 8.004752
v -153.719162 2.114564 8.016852
v -153.727676 2.114564 8.030888
v -153.733276 2.114564 8.046312
v -153.735764 2.114564 8.062526
v -153.735031 2.114564 8.078920
v -153.731125 2.114564 8.094857
v -153.724182 2.114564 8.109719
v -153.714478 2.114564 8.122946
v -153.702362 2.114564 8.134026
v -153.688339 2.114564 8.142533
v -153.672913 2.114564 8.148133
v -153.656693 2.114564 8.150621
v -153.640305 2.114564 8.149892
v -153.624374 2.114564 8.145984
v -153.609497 2.114564 8.139045
v -153.596283 2.114564 8.129333
v -153.585190 2.114564 8.117232
v -153.576691 2.114564 8.103198
v -153.571091 2.114564 8.087773
v -153.568604 2.114564 8.071559
v -153.569336 2.114564 8.055165
v -153.580185 2.114564 8.024366
v -153.573242 2.114564 8.039228
v -153.589890 2.114564 8.011140
v -153.601990 2.114564 8.000060
v -153.616028 2.114564 7.991552
v -153.631454 2.114564 7.985952
v -153.647675 2.114564 7.983465
v -153.664062 2.114564 7.984187
v -153.679993 2.114564 7.988102
v -153.694855 2.114564 7.995041
v -153.708084 2.114564 8.004752
v -153.719162 2.114564 8.016852
v -153.727676 2.114564 8.030888
v -153.733276 2.114564 8.046312
v -153.735764 2.114564 8.062526
v -153.735031 2.114564 8.078920
v -153.731125 2.114564 8.094857
v -153.724182 2.114564 8.109719
v -153.714478 2.114564 8.122946
v -153.702362 2.114564 8.134026
v -153.688339 2.114564 8.142533
v -153.672913 2.114564 8.148133
v -153.656693 2.114564 8.150621
v -153.640305 2.114564 8.149892
v -153.624374 2.114564 8.145984
v -153.609497 2.114564 8.139045
v -153.596283 2.114564 8.129333
v -153.585190 2.114564 8.117232
v -153.576691 2.114564 8.103198
v -153.571091 2.114564 8.087773
v -153.568604 2.114564 8.071559
v -153.569336 2.114564 8.055165
v -153.611191 2.143560 8.042743
v -153.607239 2.143560 8.051205
v -153.616714 2.143560 8.035212
v -153.623611 2.143560 8.028903
v -153.631592 2.143560 8.024062
v -153.640381 2.143560 8.020872
v -153.649612 2.143560 8.019459
v -153.658951 2.143560 8.019873
v -153.668015 2.143560 8.022095
v -153.676483 2.143560 8.026051
v -153.684006 2.143560 8.031579
v -153.690323 2.143560 8.038466
v -153.695160 2.143560 8.046460
v -153.698349 2.143560 8.055242
v -153.699768 2.143560 8.064469
v -153.699600 2.143634 8.073888
v -153.697601 2.143704 8.083047
v -153.693420 2.143634 8.091427
v -153.687653 2.143560 8.098873
v -153.680756 2.143560 8.105183
v -153.672760 2.143560 8.110023
v -153.663986 2.143560 8.113213
v -153.654755 2.143560 8.114627
v -153.645416 2.143560 8.114213
v -153.636353 2.143560 8.111991
v -153.627884 2.143560 8.108035
v -153.620346 2.143560 8.102507
v -153.614044 2.143560 8.095613
v -153.609207 2.143560 8.087626
v -153.606018 2.143560 8.078844
v -153.604599 2.143560 8.069611
v -153.605011 2.143560 8.060282
v -153.580185 2.143560 8.024366
v -153.573242 2.143560 8.039228
v -153.589890 2.143560 8.011140
v -153.601990 2.143560 8.000060
v -153.616028 2.143560 7.991552
v -153.631454 2.143560 7.985952
v -153.647675 2.143560 7.983465
v -153.664062 2.143560 7.984187
v -153.679993 2.143560 7.988102
v -153.694855 2.143560 7.995041
v -153.708084 2.143560 8.004752
v -153.719162 2.143560 8.016852
v -153.727676 2.143560 8.030888
v -153.733276 2.143560 8.046312
v -153.736694 2.143919 8.062889
v -153.737061 2.145724 8.079971
v -153.733566 2.146850 8.095716
v -153.726410 2.145724 8.110172
v -153.715424 2.143919 8.123252
v -153.702362 2.143560 8.134026
v -153.688339 2.143560 8.142533
v -153.672913 2.143560 8.148133
v -153.656693 2.143560 8.150621
v -153.640305 2.143560 8.149892
v -153.624374 2.143560 8.145984
v -153.609497 2.143560 8.139045
v -153.596283 2.143560 8.129333
v -153.585190 2.143560 8.117232
v -153.576691 2.143560 8.103198
v -153.571091 2.143560 8.087773
v -153.568604 2.143560 8.071559
v -153.569336 2.143560 8.055165
v -153.716537 2.297926 8.078415
v -153.712860 2.298965 8.088419
v -153.720367 2.294849 8.068894
v -153.724182 2.289853 8.060230
v -153.727844 2.283128 8.052739
v -153.731216 2.274934 8.046726
v -153.734161 2.265586 8.042414
v -153.736572 2.255443 8.039965
v -153.738358 2.244894 8.039480
v -153.739441 2.234345 8.040978
v -153.739792 2.224202 8.044398
v -153.739380 2.214853 8.049603
v -153.738235 2.206660 8.056409
v -153.736404 2.199935 8.064536
v -153.733948 2.194938 8.073685
v -153.730957 2.191861 8.083500
v -153.727570 2.190823 8.093598
v -153.723877 2.191861 8.103602
v -153.720062 2.194938 8.113123
v -153.716232 2.199935 8.121787
v -153.712570 2.206660 8.129278
v -153.709198 2.214853 8.135290
v -153.706253 2.224202 8.139603
v -153.703842 2.234345 8.142053
v -153.702057 2.244894 8.142537
v -153.700974 2.255443 8.141039
v -153.700623 2.265586 8.137619
v -153.701035 2.274934 8.132414
v -153.702179 2.283128 8.125608
v -153.704010 2.289853 8.117481
v -153.706467 2.294849 8.108332
v -153.709457 2.297926 8.098516
v -154.191101 2.389606 8.407205
v -154.186157 2.391555 8.419010
v -154.196274 2.385112 8.396006
v -154.200989 2.378936 8.385660
v -154.205383 2.370875 8.376687
v -154.209427 2.361053 8.369476
v -154.212967 2.349846 8.364307
v -154.215851 2.337687 8.361376
v -154.217987 2.325042 8.360791
v -154.219299 2.312396 8.362583
v -154.219711 2.300237 8.366680
v -154.219223 2.289031 8.372926
v -154.217850 2.279208 8.381077
v -154.215652 2.271147 8.390828
v -154.212708 2.265157 8.401791
v -154.209122 2.261469 8.413557
v -154.205048 2.260224 8.425663
v -154.200638 2.261469 8.437658
v -154.196045 2.265157 8.449068
v -154.191467 2.271147 8.459456
v -154.187073 2.279208 8.468429
v -154.183029 2.289031 8.475640
v -154.179504 2.300237 8.480815
v -154.176605 2.312396 8.483747
v -154.174469 2.325042 8.484325
v -154.173172 2.337687 8.482533
v -154.172760 2.349846 8.478436
v -154.173248 2.361053 8.472190
v -154.174606 2.370875 8.464040
v -154.176819 2.378936 8.454294
v -154.179626 2.385112 8.443277
v -154.182602 2.389606 8.431305
v -154.234879 2.406679 8.420619
v -154.228638 2.406662 8.433974
v -154.243591 2.406730 8.408733
v -154.254471 2.406811 8.398783
v -154.267075 2.406921 8.391141
v -154.280930 2.407055 8.386105
v -154.295502 2.407208 8.383869
v -154.310226 2.407374 8.384519
v -154.324539 2.407547 8.388035
v -154.337891 2.407720 8.394270
v -154.349777 2.407886 8.402990
v -154.359726 2.408038 8.413865
v -154.367355 2.408173 8.426474
v -154.372391 2.408283 8.440327
v -154.374634 2.408365 8.454901
v -154.373978 2.408415 8.469628
v -154.370468 2.408432 8.483941
v -154.364227 2.408415 8.497303
v -154.355499 2.408365 8.509183
v -154.344635 2.408283 8.519139
v -154.332016 2.408173 8.526780
v -154.318176 2.408038 8.531816
v -154.303604 2.407886 8.534046
v -154.288879 2.407720 8.533397
v -154.274567 2.407547 8.529887
v -154.261200 2.407374 8.523652
v -154.249329 2.407208 8.514925
v -154.239380 2.407055 8.504057
v -154.231735 2.406921 8.491448
v -154.226700 2.406811 8.477590
v -154.224472 2.406730 8.463021
v -154.225128 2.406679 8.448293
v -154.234879 2.429670 8.420619
v -154.228638 2.429653 8.433974
v -154.243591 2.429720 8.408733
v -154.254471 2.429802 8.398783
v -154.267075 2.429912 8.391141
v -154.280930 2.430046 8.386105
v -154.295502 2.430199 8.383869
v -154.310226 2.430365 8.384519
v -154.324539 2.430538 8.388035
v -154.337891 2.430710 8.394270
v -154.349777 2.430876 8.402990
v -154.359726 2.431029 8.413865
v -154.367355 2.431163 8.426474
v -154.372391 2.431273 8.440327
v -154.374634 2.431355 8.454901
v -154.373978 2.431406 8.469628
v -154.370468 2.431422 8.483941
v -154.364227 2.431406 8.497303
v -154.355499 2.431355 8.509183
v -154.344635 2.431273 8.519139
v -154.332016 2.431163 8.526780
v -154.318176 2.431029 8.531816
v -154.303604 2.430876 8.534046
v -154.288879 2.430710 8.533397
v -154.274567 2.430538 8.529887
v -154.261200 2.430365 8.523652
v -154.249329 2.430199 8.514925
v -154.239380 2.430046 8.504057
v -154.231735 2.429912 8.491448
v -154.226700 2.429802 8.477590
v -154.224472 2.429720 8.463021
v -154.225128 2.429670 8.448293
v -154.183075 2.428975 8.389909
v -154.171844 2.428944 8.413965
v -154.198776 2.429065 8.368506
v -154.218369 2.429213 8.350577
v -154.241058 2.429411 8.336821
v -154.266022 2.429652 8.327752
v -154.292252 2.429928 8.323727
v -154.318771 2.430227 8.324896
v -154.344559 2.430538 8.331220
v -154.368607 2.430849 8.342453
v -154.389999 2.431147 8.358167
v -154.407913 2.431423 8.377748
v -154.421677 2.431665 8.400453
v -154.430740 2.431862 8.425405
v -154.434753 2.432010 8.451641
v -154.433578 2.432101 8.478166
v -154.427261 2.432131 8.503950
v -154.416031 2.432101 8.528007
v -154.400314 2.432010 8.549409
v -154.380737 2.431862 8.567331
v -154.358032 2.431665 8.581095
v -154.333084 2.431423 8.590163
v -154.306839 2.431147 8.594189
v -154.280334 2.430849 8.593014
v -154.254547 2.430538 8.586696
v -154.230499 2.430227 8.575463
v -154.209106 2.429928 8.559749
v -154.191177 2.429653 8.540167
v -154.177429 2.429411 8.517463
v -154.168365 2.429213 8.492511
v -154.164337 2.429065 8.466268
v -154.165512 2.428975 8.439750
v -154.182571 2.445190 8.389729
v -154.171341 2.445160 8.413787
v -154.198273 2.445282 8.368328
v -154.217865 2.445429 8.350405
v -154.240570 2.445627 8.336642
v -154.265518 2.445868 8.327574
v -154.291748 2.446144 8.323548
v -154.318268 2.446443 8.324723
v -154.344055 2.446754 8.331047
v -154.368103 2.447064 8.342274
v -154.389496 2.447363 8.357988
v -154.407425 2.447639 8.377570
v -154.421173 2.447881 8.400274
v -154.430237 2.448078 8.425226
v -154.434250 2.448225 8.451468
v -154.433090 2.448316 8.477987
v -154.426758 2.448347 8.503771
v -154.415527 2.448316 8.527828
v -154.399811 2.448225 8.549231
v -154.380234 2.448078 8.567160
v -154.357529 2.447881 8.580915
v -154.332581 2.447639 8.589984
v -154.306335 2.447363 8.594010
v -154.279831 2.447064 8.592841
v -154.254044 2.446754 8.586517
v -154.229996 2.446443 8.575284
v -154.208603 2.446144 8.559577
v -154.190674 2.445868 8.539988
v -154.176926 2.445627 8.517284
v -154.167862 2.445429 8.492332
v -154.163834 2.445282 8.466096
v -154.165009 2.445190 8.439571
v -154.231384 2.388297 8.434943
v -154.243103 2.399403 8.439075
v -154.234985 2.399388 8.436210
v -154.231186 2.397582 8.448921
v -154.239578 2.398031 8.452380
v -154.228088 2.387782 8.448839
v -154.227997 2.393174 8.461308
v -154.237564 2.394362 8.465661
v -154.227402 2.386208 8.463063
v -154.225174 2.386843 8.472762
v -154.236801 2.388747 8.478292
v -154.229111 2.383608 8.477015
v -154.223053 2.378510 8.482925
v -154.237549 2.381269 8.489855
v -154.233322 2.380099 8.490186
v -154.221817 2.368356 8.491447
v -154.239853 2.372156 8.499938
v -154.239899 2.375823 8.502098
v -154.221542 2.356771 8.498004
v -154.243637 2.361759 8.508168
v -154.248596 2.370944 8.512297
v -154.222214 2.344201 8.502336
v -154.248764 2.350478 8.514219
v -154.259094 2.365651 8.520379
v -154.223816 2.331128 8.504284
v -154.255035 2.338746 8.517857
v -154.270966 2.360147 8.526052
v -154.226273 2.318056 8.503768
v -154.262192 2.327014 8.518950
v -154.283783 2.354642 8.529078
v -154.229523 2.305485 8.500814
v -154.269974 2.315733 8.517448
v -154.297028 2.349349 8.529352
v -154.233398 2.293900 8.495526
v -154.278091 2.305336 8.513410
v -154.310196 2.344471 8.526864
v -154.237793 2.283746 8.488119
v -154.286209 2.296223 8.506995
v -154.322784 2.340196 8.521706
v -154.242508 2.275413 8.478872
v -154.294037 2.288745 8.498450
v -154.334320 2.336686 8.514075
v -154.247375 2.269221 8.468137
v -154.301254 2.283188 8.488099
v -154.344345 2.334079 8.504270
v -154.252197 2.265408 8.456327
v -154.307602 2.279766 8.476346
v -154.352478 2.332474 8.492662
v -154.256805 2.264120 8.443897
v -154.312820 2.278610 8.463635
v -154.358414 2.331932 8.479699
v -154.261002 2.265408 8.431330
v -154.316727 2.279766 8.450455
v -154.361923 2.332474 8.465880
v -154.264648 2.269221 8.419106
v -154.319153 2.283188 8.437323
v -154.362854 2.334080 8.451734
v -154.267578 2.275413 8.407693
v -154.320007 2.288745 8.424732
v -154.361191 2.336687 8.437807
v -154.269714 2.283746 8.397531
v -154.319275 2.296224 8.413169
v -154.356979 2.340196 8.424636
v -154.270935 2.293901 8.389008
v -154.316956 2.305337 8.403079
v -154.350403 2.344471 8.412724
v -154.271210 2.305485 8.382451
v -154.313171 2.315733 8.394855
v -154.341705 2.349350 8.402524
v -154.270554 2.318056 8.378119
v -154.308044 2.327014 8.388804
v -154.331207 2.354643 8.394443
v -154.268951 2.331128 8.376172
v -154.301788 2.338747 8.385160
v -154.319336 2.360147 8.388770
v -154.266479 2.344201 8.376681
v -154.294617 2.350478 8.384074
v -154.306534 2.365652 8.385743
v -154.263229 2.356771 8.379641
v -154.286835 2.361759 8.385576
v -154.293289 2.370945 8.385469
v -154.259354 2.368356 8.384923
v -154.278717 2.372156 8.389608
v -154.280121 2.375823 8.387957
v -154.254959 2.378510 8.392330
v -154.270599 2.381269 8.396022
v -154.267517 2.380099 8.393116
v -154.250244 2.386844 8.401584
v -154.262772 2.388747 8.404568
v -154.255981 2.383608 8.400746
v -154.245270 2.393174 8.412284
v -154.255463 2.394362 8.414885
v -154.245911 2.386208 8.410534
v -154.239990 2.397582 8.423929
v -154.248688 2.398031 8.426496
v -154.237534 2.387782 8.422057
v -154.590958 2.126094 7.357145
v -154.606674 2.126094 7.362071
v -154.621109 2.126094 7.369967
v -154.633743 2.126094 7.380529
v -154.644073 2.126094 7.393351
v -154.651688 2.126094 7.407944
v -154.656326 2.126094 7.423742
v -154.657776 2.126094 7.440136
v -154.656006 2.126094 7.456507
v -154.651093 2.126094 7.472212
v -154.643188 2.126094 7.486660
v -154.632629 2.126094 7.499288
v -154.619797 2.126094 7.509608
v -154.605209 2.126094 7.517230
v -154.589417 2.126094 7.521861
v -154.573013 2.126094 7.523320
v -154.556656 2.126094 7.521552
v -154.540939 2.126094 7.516626
v -154.526505 2.126094 7.508730
v -154.513870 2.126094 7.498168
v -154.503555 2.126094 7.485346
v -154.495926 2.126094 7.470759
v -154.491302 2.126094 7.454961
v -154.489838 2.126094 7.438560
v -154.491608 2.126094 7.422196
v -154.496536 2.126094 7.406485
v -154.504425 2.126094 7.392043
v -154.514984 2.126094 7.379416
v -154.527817 2.126094 7.369089
v -154.542404 2.126094 7.361467
v -154.558197 2.126094 7.356836
v -154.574600 2.126094 7.355377
v -154.606674 2.126094 7.362071
v -154.590958 2.126094 7.357145
v -154.621109 2.126094 7.369967
v -154.633743 2.126094 7.380529
v -154.644073 2.126094 7.393351
v -154.651688 2.126094 7.407944
v -154.656326 2.126094 7.423742
v -154.657776 2.126094 7.440136
v -154.656006 2.126094 7.456507
v -154.651093 2.126094 7.472212
v -154.643188 2.126094 7.486660
v -154.632629 2.126094 7.499288
v -154.619797 2.126094 7.509608
v -154.605209 2.126094 7.517230
v -154.589417 2.126094 7.521861
v -154.573013 2.126094 7.523320
v -154.556656 2.126094 7.521552
v -154.540939 2.126094 7.516626
v -154.526505 2.126094 7.508730
v -154.513870 2.126094 7.498168
v -154.503555 2.126094 7.485346
v -154.495926 2.126094 7.470759
v -154.491302 2.126094 7.454961
v -154.489838 2.126094 7.438560
v -154.491608 2.126094 7.422196
v -154.496536 2.126094 7.406485
v -154.504425 2.126094 7.392043
v -154.514984 2.126094 7.379416
v -154.527817 2.126094 7.369089
v -154.542404 2.126094 7.361467
v -154.558197 2.126094 7.356836
v -154.574600 2.126094 7.355377
v -154.592514 2.155186 7.395354
v -154.583572 2.155186 7.392544
v -154.600739 2.155186 7.399849
v -154.607925 2.155186 7.405863
v -154.613815 2.155186 7.413163
v -154.618149 2.155186 7.421468
v -154.620789 2.155186 7.430461
v -154.621613 2.155186 7.439801
v -154.620605 2.155186 7.449119
v -154.617798 2.155186 7.458062
v -154.613312 2.155186 7.466283
v -154.607300 2.155186 7.473472
v -154.599991 2.155186 7.479354
v -154.591690 2.155186 7.483693
v -154.582687 2.155186 7.486329
v -154.573303 2.155260 7.487410
v -154.563934 2.155330 7.486647
v -154.555038 2.155260 7.483599
v -154.546875 2.155186 7.478853
v -154.539688 2.155186 7.472840
v -154.533813 2.155186 7.465541
v -154.529465 2.155186 7.457230
v -154.526825 2.155186 7.448236
v -154.526001 2.155186 7.438903
v -154.527008 2.155186 7.429584
v -154.529816 2.155186 7.420642
v -154.534302 2.155186 7.412413
v -154.540314 2.155186 7.405225
v -154.547623 2.155186 7.399350
v -154.555923 2.155186 7.395010
v -154.564926 2.155186 7.392374
v -154.574249 2.155186 7.391543
v -154.606674 2.155186 7.362071
v -154.590958 2.155186 7.357145
v -154.621109 2.155186 7.369967
v -154.633743 2.155186 7.380529
v -154.644073 2.155186 7.393351
v -154.651688 2.155186 7.407944
v -154.656326 2.155186 7.423742
v -154.657776 2.155186 7.440136
v -154.656006 2.155186 7.456507
v -154.651093 2.155186 7.472212
v -154.643188 2.155186 7.486660
v -154.632629 2.155186 7.499288
v -154.619797 2.155186 7.509608
v -154.605209 2.155186 7.517230
v -154.589172 2.155547 7.522842
v -154.572250 2.157357 7.525475
v -154.556122 2.158487 7.524098
v -154.540787 2.157357 7.518911
v -154.526321 2.155547 7.509725
v -154.513870 2.155186 7.498168
v -154.503555 2.155186 7.485346
v -154.495926 2.155186 7.470759
v -154.491302 2.155186 7.454961
v -154.489838 2.155186 7.438560
v -154.491608 2.155186 7.422196
v -154.496536 2.155186 7.406485
v -154.504425 2.155186 7.392043
v -154.514984 2.155186 7.379416
v -154.527817 2.155186 7.369089
v -154.542404 2.155186 7.361467
v -154.558197 2.155186 7.356836
v -154.574600 2.155186 7.355377
v -154.571060 2.310062 7.504859
v -154.560623 2.311104 7.502527
v -154.581039 2.306975 7.507396
v -154.590164 2.301961 7.510037
v -154.598099 2.295215 7.512691
v -154.604523 2.286994 7.515244
v -154.609207 2.277615 7.517601
v -154.611954 2.267438 7.519675
v -154.612686 2.256854 7.521386
v -154.611343 2.246271 7.522659
v -154.607986 2.236094 7.523459
v -154.602753 2.226715 7.523752
v -154.595840 2.218494 7.523515
v -154.587509 2.211747 7.522774
v -154.578079 2.206734 7.521544
v -154.567932 2.203647 7.519880
v -154.557434 2.202605 7.517843
v -154.546997 2.203647 7.515511
v -154.537018 2.206734 7.512974
v -154.527893 2.211747 7.510332
v -154.519958 2.218494 7.507679
v -154.513519 2.226715 7.505132
v -154.508850 2.236094 7.502769
v -154.506088 2.246271 7.500694
v -154.505371 2.256854 7.498991
v -154.506714 2.267438 7.497711
v -154.510071 2.277615 7.496911
v -154.515305 2.286994 7.496624
v -154.522217 2.295215 7.496855
v -154.530548 2.301961 7.497596
v -154.539963 2.306975 7.498826
v -154.550125 2.310062 7.500490
v -154.564835 2.389606 8.164143
v -154.552475 2.391555 8.160814
v -154.576614 2.385112 8.167795
v -154.587494 2.378936 8.171096
v -154.596970 2.370875 8.174259
v -154.604660 2.361053 8.177309
v -154.610245 2.349846 8.180124
v -154.613541 2.337687 8.182605
v -154.614395 2.325042 8.184646
v -154.612793 2.312396 8.186172
v -154.608780 2.300237 8.187130
v -154.602539 2.289031 8.187472
v -154.594269 2.279208 8.187195
v -154.584320 2.271147 8.186309
v -154.573059 2.265158 8.184843
v -154.560928 2.261469 8.182854
v -154.548386 2.260224 8.180416
v -154.535904 2.261469 8.177633
v -154.523987 2.265158 8.174603
v -154.513092 2.271147 8.171444
v -154.503616 2.279208 8.168274
v -154.495926 2.289031 8.165225
v -154.490326 2.300237 8.162410
v -154.487045 2.312396 8.159929
v -154.486191 2.325042 8.157888
v -154.487793 2.337687 8.156362
v -154.491791 2.349846 8.155403
v -154.498047 2.361053 8.155061
v -154.506317 2.370875 8.155339
v -154.516266 2.378936 8.156231
v -154.527557 2.385112 8.157556
v -154.539810 2.389606 8.158923
v -154.557343 2.406679 8.209310
v -154.543274 2.406662 8.204901
v -154.570267 2.406730 8.216382
v -154.581573 2.406811 8.225839
v -154.590820 2.406921 8.237317
v -154.597656 2.407055 8.250385
v -154.601807 2.407208 8.264529
v -154.603104 2.407374 8.279211
v -154.601532 2.407547 8.293859
v -154.597122 2.407720 8.307924
v -154.590042 2.407886 8.320858
v -154.580582 2.408039 8.332162
v -154.569107 2.408173 8.341410
v -154.556046 2.408283 8.348230
v -154.541885 2.408365 8.352376
v -154.527206 2.408415 8.353684
v -154.512558 2.408432 8.352098
v -154.498489 2.408415 8.347690
v -154.485550 2.408365 8.340618
v -154.474243 2.408283 8.331161
v -154.464996 2.408173 8.319683
v -154.458176 2.408039 8.306614
v -154.454025 2.407886 8.292471
v -154.452713 2.407720 8.277789
v -154.454300 2.407547 8.263134
v -154.458710 2.407374 8.249076
v -154.465775 2.407208 8.236142
v -154.475235 2.407056 8.224838
v -154.486725 2.406921 8.215590
v -154.499786 2.406811 8.208769
v -154.513931 2.406730 8.204623
v -154.528610 2.406679 8.203316
v -154.557343 2.429670 8.209310
v -154.543274 2.429653 8.204901
v -154.570267 2.429720 8.216382
v -154.581573 2.429802 8.225839
v -154.590820 2.429912 8.237317
v -154.597656 2.430046 8.250385
v -154.601807 2.430199 8.264529
v -154.603104 2.430365 8.279211
v -154.601532 2.430538 8.293859
v -154.597122 2.430710 8.307924
v -154.590042 2.430876 8.320858
v -154.580582 2.431029 8.332162
v -154.569107 2.431163 8.341410
v -154.556046 2.431273 8.348230
v -154.541885 2.431355 8.352376
v -154.527206 2.431406 8.353684
v -154.512558 2.431422 8.352098
v -154.498489 2.431406 8.347690
v -154.485550 2.431355 8.340618
v -154.474243 2.431273 8.331161
v -154.464996 2.431163 8.319683
v -154.458176 2.431029 8.306614
v -154.454025 2.430876 8.292471
v -154.452713 2.430710 8.277789
v -154.454300 2.430538 8.263134
v -154.458710 2.430365 8.249076
v -154.465775 2.430199 8.236142
v -154.475235 2.430046 8.224838
v -154.486725 2.429912 8.215590
v -154.499786 2.429802 8.208769
v -154.513931 2.429720 8.204623
v -154.528610 2.429670 8.203316
v -154.580902 2.428975 8.153893
v -154.555573 2.428944 8.145948
v -154.604202 2.429065 8.166629
v -154.624573 2.429213 8.183661
v -154.641220 2.429411 8.204337
v -154.653519 2.429652 8.227861
v -154.660980 2.429928 8.253337
v -154.663345 2.430227 8.279776
v -154.660492 2.430538 8.306165
v -154.652542 2.430849 8.331497
v -154.639816 2.431148 8.354786
v -154.622772 2.431423 8.375142
v -154.602097 2.431665 8.391790
v -154.578568 2.431863 8.404081
v -154.553085 2.432010 8.411548
v -154.526642 2.432101 8.413902
v -154.500259 2.432131 8.411046
v -154.474915 2.432101 8.403108
v -154.451630 2.432010 8.390371
v -154.431259 2.431863 8.373340
v -154.414612 2.431665 8.352663
v -154.402313 2.431423 8.329133
v -154.394852 2.431148 8.303663
v -154.392487 2.430849 8.277225
v -154.395340 2.430538 8.250830
v -154.403290 2.430227 8.225503
v -154.416016 2.429928 8.202214
v -154.433044 2.429653 8.181852
v -154.453735 2.429411 8.165210
v -154.477264 2.429213 8.152919
v -154.502731 2.429065 8.145453
v -154.529175 2.428975 8.143098
v -154.581024 2.445190 8.153374
v -154.555679 2.445160 8.145429
v -154.604309 2.445282 8.166103
v -154.624680 2.445429 8.183142
v -154.641327 2.445627 8.203817
v -154.653625 2.445868 8.227342
v -154.661087 2.446144 8.252817
v -154.663452 2.446443 8.279256
v -154.660599 2.446754 8.305645
v -154.652649 2.447064 8.330971
v -154.639923 2.447363 8.354266
v -154.622894 2.447639 8.374622
v -154.602203 2.447881 8.391271
v -154.578674 2.448078 8.403562
v -154.553207 2.448225 8.411028
v -154.526764 2.448316 8.413377
v -154.500366 2.448347 8.410526
v -154.475037 2.448316 8.402581
v -154.451736 2.448225 8.389852
v -154.431366 2.448078 8.372820
v -154.414719 2.447881 8.352143
v -154.402420 2.447639 8.328613
v -154.394958 2.447363 8.303144
v -154.392593 2.447064 8.276699
v -154.395447 2.446754 8.250310
v -154.403397 2.446443 8.224983
v -154.416122 2.446144 8.201694
v -154.433167 2.445868 8.181333
v -154.453842 2.445627 8.164690
v -154.477371 2.445429 8.152399
v -154.502838 2.445282 8.144927
v -154.529297 2.445190 8.142578
v -154.542679 2.388297 8.207756
v -154.540131 2.399403 8.219915
v -154.541901 2.399389 8.211491
v -154.528793 2.397582 8.209407
v -154.526489 2.398031 8.218177
v -154.528473 2.387782 8.206332
v -154.516098 2.393174 8.207894
v -154.513046 2.394362 8.217957
v -154.514282 2.386208 8.207527
v -154.504364 2.386843 8.206606
v -154.500427 2.388747 8.218874
v -154.500687 2.383608 8.211084
v -154.494019 2.378510 8.205851
v -154.489075 2.381269 8.221136
v -154.488174 2.380099 8.217000
v -154.485397 2.368356 8.205761
v -154.479370 2.372156 8.224765
v -154.477249 2.375823 8.225097
v -154.478867 2.356771 8.206352
v -154.471725 2.361759 8.229609
v -154.468292 2.370944 8.235073
v -154.474670 2.344201 8.207591
v -154.466415 2.350478 8.235490
v -154.461670 2.365652 8.246547
v -154.472946 2.331128 8.209441
v -154.463638 2.338746 8.242182
v -154.457626 2.360147 8.259068
v -154.473785 2.318056 8.211819
v -154.463501 2.327014 8.249426
v -154.456314 2.354642 8.272167
v -154.477142 2.305485 8.214636
v -154.466019 2.315733 8.256949
v -154.457809 2.349349 8.285326
v -154.482895 2.293900 8.217792
v -154.471100 2.305336 8.264449
v -154.462021 2.344471 8.298050
v -154.490814 2.283746 8.221153
v -154.478531 2.296223 8.271652
v -154.468796 2.340196 8.309851
v -154.500610 2.275413 8.224604
v -154.488037 2.288745 8.278270
v -154.477890 2.336686 8.320271
v -154.511902 2.269221 8.228004
v -154.499252 2.283188 8.284053
v -154.488937 2.334079 8.328905
v -154.524246 2.265408 8.231222
v -154.511749 2.279766 8.288782
v -154.501526 2.332474 8.335435
v -154.537170 2.264120 8.234134
v -154.525040 2.278610 8.292273
v -154.515167 2.331932 8.339593
v -154.550186 2.265408 8.236635
v -154.538620 2.279766 8.294390
v -154.529327 2.332474 8.341236
v -154.562790 2.269221 8.238623
v -154.551956 2.283188 8.295052
v -154.543472 2.334080 8.340284
v -154.574493 2.275413 8.240021
v -154.564545 2.288745 8.294238
v -154.557053 2.336687 8.336791
v -154.584839 2.283746 8.240775
v -154.575912 2.296224 8.291976
v -154.569550 2.340196 8.330875
v -154.593460 2.293901 8.240865
v -154.585602 2.305337 8.288347
v -154.580490 2.344472 8.322780
v -154.599991 2.305485 8.240273
v -154.593262 2.315733 8.283503
v -154.589432 2.349350 8.312797
v -154.604187 2.318056 8.239035
v -154.598572 2.327014 8.277616
v -154.596054 2.354643 8.301330
v -154.605911 2.331128 8.237191
v -154.601349 2.338747 8.270924
v -154.600098 2.360147 8.288801
v -154.605072 2.344201 8.234807
v -154.601486 2.350478 8.263680
v -154.601410 2.365652 8.275709
v -154.601715 2.356771 8.231990
v -154.598969 2.361760 8.256163
v -154.599930 2.370945 8.262544
v -154.595963 2.368356 8.228834
v -154.593887 2.372156 8.248662
v -154.595703 2.375823 8.249819
v -154.588043 2.378510 8.225472
v -154.586456 2.381269 8.241460
v -154.588928 2.380099 8.238025
v -154.578247 2.386844 8.222023
v -154.576950 2.388747 8.234842
v -154.579834 2.383608 8.227604
v -154.566986 2.393174 8.218513
v -154.565750 2.394362 8.228956
v -154.568802 2.386208 8.218906
v -154.554733 2.397582 8.214820
v -154.553345 2.398032 8.223783
v -154.556259 2.387782 8.212132
v -154.325592 2.124415 9.594349
v -154.310532 2.124415 9.592197
v -154.296188 2.124415 9.587141
v -154.283096 2.124415 9.579388
v -154.271774 2.124415 9.569230
v -154.262650 2.124415 9.557055
v -154.256073 2.124415 9.543336
v -154.252304 2.124415 9.528601
v -154.251480 2.124415 9.513411
v -154.253632 2.124415 9.498353
v -154.258682 2.124415 9.484000
v -154.266449 2.124415 9.470915
v -154.276596 2.124415 9.459590
v -154.288773 2.124415 9.450466
v -154.302490 2.124415 9.443889
v -154.317230 2.124415 9.440121
v -154.332428 2.124415 9.439301
v -154.347488 2.124415 9.441452
v -154.361832 2.124415 9.446503
v -154.374924 2.124415 9.454262
v -154.386246 2.124415 9.464419
v -154.395370 2.124415 9.476595
v -154.401947 2.124415 9.490314
v -154.405716 2.124415 9.505048
v -154.406540 2.124415 9.520239
v -154.404373 2.124415 9.535296
v -154.399323 2.124415 9.549648
v -154.391571 2.124415 9.562735
v -154.381409 2.124415 9.574059
v -154.369247 2.124415 9.583183
v -154.355515 2.124415 9.589754
v -154.340790 2.124415 9.593529
v -154.310532 2.124415 9.592197
v -154.325592 2.124415 9.594349
v -154.296188 2.124415 9.587141
v -154.283096 2.124415 9.579388
v -154.271774 2.124415 9.569230
v -154.262650 2.124415 9.557055
v -154.256073 2.124415 9.543336
v -154.252304 2.124415 9.528601
v -154.251480 2.124415 9.513411
v -154.253632 2.124415 9.498353
v -154.258682 2.124415 9.484000
v -154.266449 2.124415 9.470915
v -154.276596 2.124415 9.459590
v -154.288773 2.124415 9.450466
v -154.302490 2.124415 9.443889
v -154.317230 2.124415 9.440121
v -154.332428 2.124415 9.439301
v -154.347488 2.124415 9.441452
v -154.361832 2.124415 9.446503
v -154.374924 2.124415 9.454262
v -154.386246 2.124415 9.464419
v -154.395370 2.124415 9.476595
v -154.401947 2.124415 9.490314
v -154.405716 2.124415 9.505048
v -154.406540 2.124415 9.520239
v -154.404373 2.124415 9.535296
v -154.399323 2.124415 9.549648
v -154.391571 2.124415 9.562735
v -154.381409 2.124415 9.574059
v -154.369247 2.124415 9.583183
v -154.355515 2.124415 9.589754
v -154.340790 2.124415 9.593529
v -154.318497 2.151299 9.559736
v -154.327057 2.151299 9.560963
v -154.310318 2.151299 9.556859
v -154.302872 2.151299 9.552444
v -154.296417 2.151299 9.546660
v -154.291229 2.151299 9.539731
v -154.287491 2.151299 9.531919
v -154.285339 2.151299 9.523530
v -154.284866 2.151299 9.514881
v -154.286102 2.151299 9.506306
v -154.288971 2.151299 9.498135
v -154.293381 2.151299 9.490686
v -154.299164 2.151299 9.484240
v -154.306107 2.151299 9.479044
v -154.313919 2.151299 9.475305
v -154.322311 2.151368 9.472913
v -154.330978 2.151433 9.472216
v -154.339539 2.151368 9.473675
v -154.347702 2.151299 9.476790
v -154.355148 2.151299 9.481205
v -154.361588 2.151299 9.486989
v -154.366791 2.151299 9.493918
v -154.370529 2.151299 9.501730
v -154.372681 2.151299 9.510119
v -154.373154 2.151299 9.518768
v -154.371918 2.151299 9.527344
v -154.369049 2.151299 9.535515
v -154.364624 2.151299 9.542963
v -154.358841 2.151299 9.549410
v -154.351913 2.151299 9.554605
v -154.344101 2.151299 9.558346
v -154.335709 2.151299 9.560497
v -154.310532 2.151299 9.592197
v -154.325592 2.151299 9.594349
v -154.296188 2.151299 9.587141
v -154.283096 2.151299 9.579388
v -154.271774 2.151299 9.569230
v -154.262650 2.151299 9.557055
v -154.256073 2.151299 9.543336
v -154.252304 2.151299 9.528601
v -154.251480 2.151299 9.513411
v -154.253632 2.151299 9.498353
v -154.258682 2.151299 9.484000
v -154.266449 2.151299 9.470915
v -154.276596 2.151299 9.459590
v -154.288773 2.151299 9.450466
v -154.302567 2.151633 9.442966
v -154.317612 2.153306 9.438046
v -154.332535 2.154350 9.436898
v -154.347275 2.153306 9.439348
v -154.361847 2.151633 9.445575
v -154.374924 2.151299 9.454262
v -154.386246 2.151299 9.464419
v -154.395370 2.151299 9.476595
v -154.401947 2.151299 9.490314
v -154.405716 2.151299 9.505048
v -154.406540 2.151299 9.520239
v -154.404373 2.151299 9.535296
v -154.399323 2.151299 9.549648
v -154.391571 2.151299 9.562735
v -154.381409 2.151299 9.574059
v -154.369247 2.151299 9.583183
v -154.355515 2.151299 9.589754
v -154.340790 2.151299 9.593529
v -154.321762 2.294421 9.456668
v -154.331635 2.295384 9.457241
v -154.312286 2.291569 9.455836
v -154.303574 2.286936 9.454786
v -154.295944 2.280701 9.453549
v -154.289703 2.273104 9.452179
v -154.285080 2.264437 9.450726
v -154.282257 2.255032 9.449240
v -154.281342 2.245252 9.447791
v -154.282379 2.235471 9.446427
v -154.285324 2.226067 9.445199
v -154.290054 2.217400 9.444151
v -154.296387 2.209803 9.443338
v -154.304108 2.203568 9.442778
v -154.312881 2.198935 9.442493
v -154.322388 2.196083 9.442503
v -154.332275 2.195119 9.442797
v -154.342133 2.196083 9.443369
v -154.351608 2.198935 9.444201
v -154.360321 2.203568 9.445251
v -154.367950 2.209803 9.446488
v -154.374207 2.217400 9.447859
v -154.378815 2.226067 9.449312
v -154.381638 2.235471 9.450798
v -154.382553 2.245252 9.452247
v -154.381516 2.255032 9.453610
v -154.378586 2.264437 9.454839
v -154.373840 2.273104 9.455887
v -154.367508 2.280701 9.456699
v -154.359802 2.286936 9.457260
v -154.351013 2.291569 9.457544
v -154.341507 2.294421 9.457535
v -154.457016 2.389606 8.790787
v -154.469742 2.391555 8.792078
v -154.444794 2.385112 8.789080
v -154.433533 2.378936 8.787572
v -154.423660 2.370875 8.785975
v -154.415588 2.361053 8.784204
v -154.409607 2.349846 8.782320
v -154.405960 2.337687 8.780408
v -154.404785 2.325042 8.778529
v -154.406128 2.312396 8.776765
v -154.409927 2.300237 8.775175
v -154.416046 2.289031 8.773827
v -154.424240 2.279208 8.772772
v -154.434204 2.271147 8.772047
v -154.445557 2.265158 8.771683
v -154.457855 2.261469 8.771691
v -154.470627 2.260224 8.772074
v -154.483383 2.261469 8.772814
v -154.495636 2.265158 8.773890
v -154.506897 2.271147 8.775252
v -154.516769 2.279208 8.776849
v -154.524841 2.289031 8.778621
v -154.530823 2.300237 8.780503
v -154.534470 2.312396 8.782416
v -154.535645 2.325042 8.784295
v -154.534302 2.337687 8.786059
v -154.530502 2.349846 8.787649
v -154.524384 2.361053 8.788998
v -154.516190 2.370875 8.790051
v -154.506226 2.378936 8.790777
v -154.494858 2.385112 8.791287
v -154.482544 2.389606 8.791908
v -154.457138 2.406679 8.744999
v -154.471725 2.406662 8.747087
v -154.443222 2.406730 8.740108
v -154.430542 2.406811 8.732594
v -154.419571 2.406921 8.722751
v -154.410736 2.407055 8.710956
v -154.404358 2.407208 8.697660
v -154.400711 2.407374 8.683386
v -154.399902 2.407547 8.668670
v -154.401993 2.407720 8.654074
v -154.406891 2.407886 8.640177
v -154.414413 2.408039 8.627497
v -154.424255 2.408173 8.616521
v -154.436050 2.408283 8.607680
v -154.449341 2.408365 8.601315
v -154.463623 2.408415 8.597660
v -154.478348 2.408432 8.596862
v -154.492935 2.408415 8.598950
v -154.506836 2.408365 8.603848
v -154.519531 2.408283 8.611362
v -154.530502 2.408173 8.621204
v -154.539337 2.408039 8.632999
v -154.545715 2.407886 8.646288
v -154.549362 2.407720 8.660569
v -154.550171 2.407547 8.675286
v -154.548080 2.407374 8.689876
v -154.543182 2.407208 8.703778
v -154.535660 2.407056 8.716459
v -154.525818 2.406921 8.727428
v -154.514023 2.406811 8.736269
v -154.500732 2.406730 8.742640
v -154.486450 2.406679 8.746289
v -154.457138 2.429670 8.744999
v -154.471725 2.429653 8.747087
v -154.443222 2.429720 8.740108
v -154.430542 2.429802 8.732594
v -154.419571 2.429912 8.722751
v -154.410736 2.430046 8.710956
v -154.404358 2.430199 8.697660
v -154.400711 2.430365 8.683386
v -154.399902 2.430538 8.668670
v -154.401993 2.430710 8.654074
v -154.406891 2.430876 8.640177
v -154.414413 2.431029 8.627497
v -154.424255 2.431163 8.616521
v -154.436050 2.431273 8.607680
v -154.449341 2.431355 8.601315
v -154.463623 2.431406 8.597660
v -154.478348 2.431422 8.596862
v -154.492935 2.431406 8.598950
v -154.506836 2.431355 8.603848
v -154.519531 2.431273 8.611362
v -154.530502 2.431163 8.621204
v -154.539337 2.431029 8.632999
v -154.545715 2.430876 8.646288
v -154.549362 2.430710 8.660569
v -154.550171 2.430538 8.675286
v -154.548080 2.430365 8.689876
v -154.543182 2.430199 8.703778
v -154.535660 2.430046 8.716459
v -154.525818 2.429912 8.727428
v -154.514023 2.429802 8.736269
v -154.500732 2.429720 8.742640
v -154.486450 2.429670 8.746289
v -154.442795 2.428975 8.803487
v -154.469070 2.428944 8.807251
v -154.417755 2.429065 8.794672
v -154.394913 2.429213 8.781140
v -154.375153 2.429411 8.763417
v -154.359222 2.429652 8.742176
v -154.347748 2.429928 8.718235
v -154.341171 2.430227 8.692522
v -154.339737 2.430538 8.666015
v -154.343491 2.430849 8.639742
v -154.352310 2.431148 8.614705
v -154.365845 2.431423 8.591865
v -154.383575 2.431665 8.572109
v -154.404816 2.431863 8.556188
v -154.428757 2.432010 8.544719
v -154.454483 2.432101 8.538141
v -154.480988 2.432131 8.536704
v -154.507278 2.432101 8.540467
v -154.532318 2.432010 8.549282
v -154.555161 2.431863 8.562814
v -154.574921 2.431665 8.580538
v -154.590836 2.431423 8.601779
v -154.602310 2.431148 8.625713
v -154.608902 2.430849 8.651433
v -154.610336 2.430538 8.677934
v -154.606567 2.430227 8.704212
v -154.597748 2.429928 8.729249
v -154.584229 2.429653 8.752084
v -154.566498 2.429411 8.771846
v -154.545242 2.429213 8.787761
v -154.521301 2.429065 8.799235
v -154.495590 2.428975 8.805813
v -154.442764 2.445190 8.804018
v -154.469055 2.445160 8.807781
v -154.417725 2.445282 8.795202
v -154.394882 2.445429 8.781672
v -154.375122 2.445627 8.763947
v -154.359207 2.445868 8.742706
v -154.347733 2.446144 8.718772
v -154.341141 2.446443 8.693053
v -154.339706 2.446754 8.666553
v -154.343475 2.447064 8.640273
v -154.352295 2.447363 8.615236
v -154.365829 2.447639 8.592402
v -154.383545 2.447881 8.572640
v -154.404800 2.448078 8.556725
v -154.428741 2.448225 8.545250
v -154.454453 2.448316 8.538672
v -154.480972 2.448347 8.537234
v -154.507248 2.448316 8.540998
v -154.532288 2.448225 8.549813
v -154.555130 2.448078 8.563345
v -154.574890 2.447881 8.581068
v -154.590820 2.447639 8.602309
v -154.602295 2.447363 8.626250
v -154.608871 2.447064 8.651963
v -154.610306 2.446754 8.678471
v -154.606552 2.446443 8.704743
v -154.597733 2.446144 8.729780
v -154.584198 2.445868 8.752621
v -154.566467 2.445627 8.772376
v -154.545227 2.445429 8.788298
v -154.521286 2.445282 8.799767
v -154.495560 2.445190 8.806344
v -154.471863 2.388297 8.744175
v -154.472397 2.399403 8.731767
v -154.472015 2.399389 8.740366
v -154.485291 2.397582 8.740309
v -154.486160 2.398031 8.731277
v -154.486099 2.387782 8.743291
v -154.498062 2.393174 8.739755
v -154.499451 2.394362 8.729338
v -154.499924 2.386208 8.739820
v -154.509842 2.386843 8.739140
v -154.511765 2.388747 8.726401
v -154.512772 2.383608 8.734125
v -154.520187 2.378510 8.738218
v -154.522598 2.381269 8.722338
v -154.524155 2.380099 8.726276
v -154.528702 2.368356 8.736920
v -154.531586 2.372156 8.717196
v -154.533646 2.375823 8.716525
v -154.535049 2.356771 8.735288
v -154.538361 2.361759 8.711183
v -154.540863 2.370944 8.705232
v -154.539001 2.344201 8.733380
v -154.542664 2.350478 8.704521
v -154.545563 2.365652 8.692846
v -154.540405 2.331128 8.731289
v -154.544327 2.338746 8.697469
v -154.547531 2.360147 8.679832
v -154.539200 2.318056 8.729074
v -154.543289 2.327014 8.690296
v -154.546707 2.354642 8.666698
v -154.535431 2.305485 8.726829
v -154.539597 2.315733 8.683284
v -154.543121 2.349349 8.653952
v -154.529236 2.293900 8.724647
v -154.533371 2.305336 8.676697
v -154.536926 2.344471 8.642070
v -154.520874 2.283746 8.722600
v -154.524872 2.296223 8.670786
v -154.528320 2.340196 8.631517
v -154.510651 2.275413 8.720775
v -154.514420 2.288745 8.665779
v -154.517670 2.336686 8.622700
v -154.498962 2.269221 8.719234
v -154.502426 2.283188 8.661875
v -154.505386 2.334079 8.615950
v -154.486267 2.265408 8.718049
v -154.489334 2.279766 8.659224
v -154.491913 2.332474 8.611537
v -154.473038 2.264120 8.717250
v -154.475647 2.278610 8.657922
v -154.477783 2.331932 8.609627
v -154.459793 2.265408 8.716883
v -154.461914 2.279766 8.658014
v -154.463547 2.332474 8.610285
v -154.447037 2.269221 8.716946
v -154.448639 2.283188 8.659509
v -154.449738 2.334080 8.613503
v -154.435257 2.275413 8.717455
v -154.436340 2.288745 8.662345
v -154.436890 2.336687 8.619139
v -154.424927 2.283746 8.718370
v -154.425491 2.296224 8.666409
v -154.425507 2.340196 8.626987
v -154.416412 2.293901 8.719673
v -154.416504 2.305337 8.671545
v -154.416016 2.344472 8.636739
v -154.410049 2.305485 8.721307
v -154.409729 2.315733 8.677564
v -154.408798 2.349350 8.648032
v -154.406097 2.318056 8.723207
v -154.405441 2.327014 8.684226
v -154.404099 2.354643 8.660419
v -154.404709 2.331128 8.725306
v -154.403778 2.338747 8.691278
v -154.402130 2.360147 8.673431
v -154.405914 2.344201 8.727520
v -154.404816 2.350478 8.698444
v -154.402954 2.365652 8.686565
v -154.409683 2.356771 8.729759
v -154.408508 2.361760 8.705463
v -154.406525 2.370945 8.699319
v -154.415863 2.368356 8.731948
v -154.414719 2.372156 8.712050
v -154.412735 2.375823 8.711195
v -154.424225 2.378510 8.733994
v -154.423218 2.381269 8.717961
v -154.421341 2.380099 8.721746
v -154.434448 2.386844 8.735820
v -154.433670 2.388747 8.722960
v -154.431992 2.383608 8.730571
v -154.446136 2.393174 8.737468
v -154.445663 2.394362 8.726965
v -154.444275 2.386208 8.737375
v -154.458817 2.397582 8.739142
v -154.458740 2.398032 8.730068
v -154.457733 2.387782 8.742039
vn 0.6229 -0.0000 -0.7823
vn -0.6229 -0.0000 0.7823
vn -0.0000 1.0000 -0.0000
vn -0.0000 -1.0000 -0.0000
vn -0.7823 -0.0000 -0.6229
vn 0.7823 -0.0000 0.6229
vn 0.0003 1.0000 -0.0001
vn 0.0003 1.0000 -0.0000
vn 0.1311 0.7089 -0.6931
vn -0.0066 0.7089 -0.7053
vn -0.0069 0.6857 -0.7279
vn 0.1353 0.6857 -0.7152
vn -0.0000 1.0000 0.0001
vn 0.9789 -0.0000 -0.2043
vn -0.6491 0.7089 0.2760
vn -0.9789 -0.0000 0.2043
vn -0.5902 0.7088 -0.3863
vn 0.7281 0.6854 0.0087
vn -0.5828 0.7088 0.3974
vn -0.6542 0.7088 -0.2639
vn 0.7176 0.6801 -0.1497
vn 0.0001 1.0000 -0.0000
vn -0.4941 0.7088 0.5035
vn -0.6931 0.7088 -0.1311
vn 0.6638 0.6854 -0.2992
vn -0.3864 0.7088 0.5902
vn -0.7053 0.7089 0.0066
vn 0.5805 0.6968 -0.4212
vn -0.2639 0.7089 0.6541
vn -0.6905 0.7088 0.1441
vn 0.4896 0.7058 -0.5121
vn -0.0001 1.0000 0.0001
vn -0.1311 0.7089 0.6931
vn 0.3864 0.7088 -0.5901
vn 0.0066 0.7089 0.7053
vn 0.2639 0.7088 -0.6542
vn 0.1441 0.7089 0.6905
vn 0.1310 0.7088 -0.6931
vn 0.2760 0.7089 0.6491
vn -0.0067 0.7088 -0.7053
vn 0.3974 0.7088 0.5828
vn -0.1440 0.7089 -0.6905
vn -0.0001 1.0000 -0.0000
vn 0.5035 0.7088 0.4940
vn -0.2759 0.7089 -0.6491
vn 0.5902 0.7088 0.3864
vn -0.3974 0.7088 -0.5828
vn 0.6535 0.7058 0.2735
vn -0.5035 0.7088 -0.4940
vn 0.7006 0.6968 0.1539
vn -0.5054 0.8554 0.1136
vn -0.5567 0.8267 -0.0821
vn -0.4362 0.8997 0.0135
vn -0.4237 0.9015 0.0884
vn 0.3973 0.7089 0.5828
vn 0.4100 0.6857 0.6014
vn 0.2849 0.6857 0.6698
vn -0.1441 0.7089 -0.6905
vn -0.1487 0.6857 -0.7125
vn 0.5034 0.7089 0.4941
vn 0.5195 0.6857 0.5098
vn -0.2761 0.7089 -0.6491
vn -0.2848 0.6857 -0.6699
vn 0.6089 0.6857 0.3987
vn -0.3973 0.7089 -0.5828
vn -0.4101 0.6857 -0.6014
vn 0.6535 0.7058 0.2734
vn 0.6687 0.6868 0.2847
vn -0.5195 0.6857 -0.5098
vn 0.7006 0.6968 0.1538
vn 0.7193 0.6696 0.1852
vn -0.6491 0.7088 0.2760
vn -0.6698 0.6857 0.2848
vn -0.7125 0.6857 0.1487
vn -0.6090 0.6857 -0.3987
vn 0.7334 0.6783 0.0447
vn -0.5828 0.7089 0.3973
vn -0.6014 0.6857 0.4101
vn -0.6542 0.7088 -0.2638
vn -0.6751 0.6857 -0.2722
vn 0.7176 0.6802 -0.1497
vn 0.7040 0.6948 -0.1469
vn -0.4940 0.7088 0.5035
vn -0.5098 0.6857 0.5196
vn -0.6931 0.7089 -0.1311
vn -0.7152 0.6857 -0.1353
vn 0.6543 0.6783 -0.3343
vn -0.3865 0.7088 0.5901
vn -0.3986 0.6857 0.6090
vn -0.7053 0.7088 0.0066
vn -0.7278 0.6857 0.0068
vn 0.5806 0.6968 -0.4211
vn 0.5852 0.6695 -0.4575
vn -0.2637 0.7088 0.6542
vn -0.2722 0.6857 0.6751
vn 0.4896 0.7058 -0.5120
vn 0.4990 0.6869 -0.5284
vn -0.1353 0.6857 0.7152
vn 0.3987 0.6857 -0.6090
vn 0.0067 0.7089 0.7053
vn 0.0068 0.6857 0.7278
vn 0.2638 0.7089 -0.6542
vn 0.2722 0.6857 -0.6751
vn 0.1441 0.7088 0.6905
vn 0.1487 0.6857 0.7126
vn -0.4052 0.8997 0.1621
vn -0.3800 0.8943 0.2364
vn -0.3461 0.8846 0.3126
vn -0.3009 0.8694 0.3920
vn -0.2399 0.8474 0.4736
vn -0.1581 0.8166 0.5551
vn -0.0499 0.7760 0.6288
vn 0.0864 0.7259 0.6823
vn 0.2454 0.6710 0.6996
vn 0.4146 0.6168 0.6691
vn 0.5741 0.5704 0.5873
vn 0.7068 0.5351 0.4627
vn 0.7981 0.5126 0.3167
vn 0.8421 0.5033 0.1939
vn 0.8557 0.5143 0.0573
vn 0.8311 0.5283 -0.1735
vn 0.7614 0.5143 -0.3947
vn 0.6943 0.5033 -0.5145
vn 0.6049 0.5125 -0.6095
vn 0.4627 0.5352 -0.7067
vn 0.2911 0.5704 -0.7680
vn 0.1123 0.6168 -0.7791
vn -0.0547 0.6709 -0.7396
vn -0.1938 0.7261 -0.6597
vn -0.2973 0.7760 -0.5563
vn -0.3669 0.8166 -0.4457
vn -0.4094 0.8474 -0.3382
vn -0.4325 0.8694 -0.2388
vn -0.4423 0.8845 -0.1481
vn -0.4428 0.8943 -0.0647
vn -0.4394 0.8450 0.3047
vn -0.0837 0.9633 0.2550
vn -0.1561 0.9874 0.0248
vn -0.5844 0.7730 -0.2469
vn -0.5959 0.6967 -0.3994
vn -0.5913 0.5926 -0.5470
vn -0.5661 0.4651 -0.6806
vn -0.5171 0.3189 -0.7943
vn -0.4428 0.1576 -0.8827
vn -0.3440 -0.0141 -0.9389
vn -0.2260 -0.1884 -0.9557
vn -0.0977 -0.3562 -0.9293
vn 0.0315 -0.5082 -0.8607
vn 0.1549 -0.6372 -0.7550
vn 0.2680 -0.7382 -0.6191
vn 0.3672 -0.8075 -0.4617
vn 0.4510 -0.8442 -0.2897
vn 0.5175 -0.8496 -0.1019
vn 0.5598 -0.8240 0.0874
vn 0.5789 -0.7714 0.2640
vn 0.5772 -0.6932 0.4317
vn 0.5531 -0.5907 0.5875
vn 0.5056 -0.4664 0.7259
vn 0.4345 -0.3218 0.8412
vn 0.3416 -0.1604 0.9261
vn 0.2336 0.0112 0.9723
vn 0.1185 0.1848 0.9756
vn 0.0043 0.3512 0.9363
vn -0.1039 0.5022 0.8585
vn -0.2037 0.6315 0.7482
vn -0.2937 0.7334 0.6130
vn -0.3712 0.8036 0.4653
vn -0.3242 0.6831 -0.6544
vn -0.3408 0.5313 -0.7756
vn 0.1427 -0.9761 0.1640
vn 0.1907 -0.9185 0.3464
vn -0.0278 0.9078 0.4186
vn -0.2970 0.8061 -0.5119
vn 0.0881 -0.9958 -0.0240
vn 0.0265 0.8268 0.5619
vn -0.2630 0.8926 -0.3661
vn 0.0290 -0.9772 -0.2102
vn 0.0846 0.7082 0.7009
vn -0.2206 0.9540 -0.2029
vn -0.0323 -0.9212 -0.3876
vn 0.1395 0.5593 0.8172
vn -0.0933 -0.8304 -0.5493
vn 0.1878 0.3885 0.9021
vn -0.1516 -0.7085 -0.6892
vn 0.2276 0.2025 0.9525
vn -0.2053 -0.5601 -0.8026
vn 0.2573 0.0083 0.9663
vn -0.2524 -0.3911 -0.8850
vn 0.2759 -0.1864 0.9429
vn -0.2912 -0.2078 -0.9338
vn 0.2825 -0.3742 0.8833
vn -0.3203 -0.0168 -0.9472
vn 0.2768 -0.5476 0.7896
vn -0.3387 0.1748 -0.9245
vn 0.2591 -0.7000 0.6655
vn -0.3456 0.3597 -0.8667
vn 0.2300 -0.8253 0.5158
vn -0.9819 -0.0679 -0.1766
vn -0.9970 -0.0766 0.0118
vn -0.6794 -0.7338 0.0046
vn -0.6672 -0.7335 -0.1297
vn 0.3815 -0.7269 -0.5710
vn 0.2636 -0.7276 -0.6334
vn 0.2823 -0.6766 -0.6801
vn 0.4099 -0.6741 -0.6145
vn 0.9178 -0.0808 -0.3887
vn 0.8253 -0.0770 -0.5594
vn 0.5701 -0.7261 -0.3845
vn 0.6337 -0.7259 -0.2675
vn -0.5588 -0.0365 0.8285
vn -0.3847 -0.0253 0.9227
vn -0.2478 -0.7321 0.6346
vn -0.3674 -0.7328 0.5727
vn -0.9759 -0.0787 0.2036
vn -0.6650 -0.7338 0.1388
vn 0.7015 -0.0710 -0.7091
vn 0.4849 -0.7265 -0.4869
vn -0.1941 -0.0202 0.9808
vn -0.1185 -0.7313 0.6717
vn 0.5501 -0.0628 -0.8327
vn 0.0044 -0.0207 0.9998
vn 0.0152 -0.7306 0.6827
vn 0.3770 -0.0534 -0.9247
vn 0.2025 -0.0257 0.9789
vn 0.1485 -0.7298 0.6673
vn 0.1884 -0.0433 -0.9811
vn 0.1356 -0.7282 -0.6718
vn 0.3921 -0.0337 0.9193
vn 0.2762 -0.7290 0.6264
vn -0.0084 -0.0337 -0.9994
vn 0.0026 -0.7290 -0.6845
vn 0.5651 -0.0433 0.8239
vn 0.3930 -0.7282 0.5614
vn -0.2059 -0.0257 -0.9782
vn -0.1307 -0.7298 -0.6710
vn 0.7154 -0.0534 0.6967
vn 0.4949 -0.7276 0.4751
vn -0.3959 -0.0207 -0.9181
vn -0.2591 -0.7306 -0.6318
vn 0.8372 -0.0628 0.5432
vn 0.5780 -0.7269 0.3707
vn -0.5702 -0.0202 -0.8213
vn -0.3773 -0.7313 -0.5682
vn 0.9265 -0.0709 0.3696
vn 0.6392 -0.7265 0.2523
vn -0.7216 -0.0253 -0.6919
vn -0.4809 -0.7321 -0.4825
vn 0.9802 -0.0770 0.1825
vn 0.6763 -0.7261 0.1244
vn -0.9185 -0.0766 0.3879
vn -0.6245 -0.7338 0.2675
vn -0.8435 -0.0365 -0.5358
vn -0.5659 -0.7326 -0.3782
vn 0.9967 -0.0808 -0.0109
vn 0.6878 -0.7259 -0.0083
vn -0.8294 -0.0679 0.5546
vn -0.5596 -0.7335 0.3857
vn -0.9311 -0.0524 -0.3609
vn -0.6287 -0.7332 -0.2590
vn 0.9756 -0.0821 -0.2036
vn 0.6734 -0.7258 -0.1406
vn -0.7091 -0.0524 0.7032
vn -0.4727 -0.7332 0.4889
vn 0.0020 -0.6825 -0.7309
vn -0.1399 -0.6856 -0.7144
vn -0.1575 0.6856 -0.7107
vn -0.0157 0.6888 -0.7248
vn 0.1575 -0.6856 0.7107
vn 0.0157 -0.6888 0.7248
vn 0.1445 -0.6794 -0.7194
vn 0.2942 -0.6825 0.6691
vn 0.4202 -0.6794 0.6015
vn 0.5308 -0.6766 0.5104
vn -0.2755 -0.6888 -0.6706
vn 0.6215 -0.6741 0.3992
vn -0.3998 -0.6919 -0.6012
vn 0.6886 -0.6721 0.2723
vn -0.5081 -0.6946 -0.5092
vn 0.7296 -0.6706 0.1345
vn -0.6551 -0.7015 0.2805
vn -0.6974 -0.7018 0.1455
vn -0.5963 -0.6971 -0.3980
vn 0.7426 -0.6696 -0.0087
vn -0.5876 -0.7006 0.4049
vn -0.6613 -0.6991 -0.2721
vn 0.7273 -0.6693 -0.1518
vn -0.4972 -0.6991 0.5139
vn -0.7005 -0.7006 -0.1361
vn 0.6841 -0.6696 -0.2890
vn -0.3874 -0.6971 0.6033
vn -0.7127 -0.7015 0.0049
vn 0.6149 -0.6706 -0.4151
vn -0.2620 -0.6946 0.6700
vn 0.5222 -0.6721 -0.5250
vn -0.1260 -0.6919 0.7110
vn -0.6842 0.6696 0.2890
vn -0.6149 0.6705 0.4151
vn -0.5222 0.6721 0.5250
vn -0.4099 0.6741 0.6145
vn -0.2823 0.6766 0.6801
vn -0.1445 0.6794 0.7194
vn -0.0020 0.6825 0.7309
vn 0.1399 0.6856 0.7144
vn 0.2755 0.6888 0.6706
vn 0.3998 0.6918 0.6012
vn 0.5081 0.6946 0.5092
vn 0.5964 0.6971 0.3980
vn 0.6613 0.6991 0.2721
vn 0.7005 0.7006 0.1361
vn 0.7127 0.7015 -0.0049
vn 0.6974 0.7018 -0.1455
vn 0.6552 0.7015 -0.2805
vn 0.5876 0.7006 -0.4049
vn 0.4972 0.6991 -0.5139
vn 0.3874 0.6971 -0.6033
vn 0.2620 0.6946 -0.6700
vn 0.1260 0.6918 -0.7110
vn -0.2942 0.6825 -0.6691
vn -0.4202 0.6794 -0.6015
vn -0.5308 0.6766 -0.5104
vn -0.6215 0.6741 -0.3992
vn -0.6886 0.6721 -0.2723
vn -0.7296 0.6705 -0.1345
vn -0.7427 0.6696 0.0087
vn -0.7273 0.6693 0.1518
vn -0.4236 -0.9040 0.0573
vn -0.3950 -0.9155 0.0760
vn -0.3907 -0.9169 0.0815
vn -0.4897 -0.8716 0.0234
vn -0.7300 -0.6602 -0.1768
vn -0.7935 -0.2147 -0.5695
vn -0.5901 0.0064 -0.8073
vn -0.4034 -0.0109 -0.9150
vn -0.2194 -0.0653 -0.9734
vn -0.0348 -0.1311 -0.9908
vn 0.1469 -0.1991 -0.9689
vn 0.3205 -0.2640 -0.9097
vn 0.4802 -0.3218 -0.8160
vn 0.6208 -0.3698 -0.6913
vn 0.7372 -0.4055 -0.5404
vn 0.8251 -0.4276 -0.3692
vn 0.8814 -0.4350 -0.1840
vn 0.9039 -0.4276 0.0083
vn 0.8918 -0.4055 0.2004
vn 0.8455 -0.3698 0.3853
vn 0.7665 -0.3218 0.5558
vn 0.6576 -0.2640 0.7056
vn 0.5221 -0.1991 0.8293
vn 0.3644 -0.1311 0.9220
vn 0.1883 -0.0653 0.9799
vn -0.0037 -0.0109 0.9999
vn -0.2179 0.0064 0.9759
vn -0.4994 -0.2147 0.8393
vn -0.5984 -0.6602 0.4540
vn -0.4582 -0.8716 0.1744
vn -0.4112 -0.9040 0.1169
vn -0.3925 -0.9155 0.0883
vn 0.8763 0.4183 -0.2388
vn 0.8829 0.4320 -0.1843
vn -0.1517 0.9674 -0.2028
vn -0.0902 0.9957 0.0189
vn 0.8729 0.3923 -0.2901
vn -0.2168 0.9064 -0.3627
vn 0.8415 0.2190 -0.4939
vn -0.2668 0.8184 -0.5089
vn -0.7726 -0.2188 -0.5960
vn -0.2990 0.6935 -0.6556
vn -0.6785 0.1261 -0.7237
vn -0.3128 0.5387 -0.7823
vn -0.4858 0.1980 -0.8513
vn -0.3090 0.3635 -0.8789
vn -0.3646 0.0834 -0.9274
vn -0.2896 0.1753 -0.9410
vn -0.2521 -0.0621 -0.9657
vn -0.2572 -0.0189 -0.9662
vn -0.1377 -0.2141 -0.9671
vn -0.2147 -0.2115 -0.9535
vn -0.0220 -0.3626 -0.9317
vn -0.1647 -0.3949 -0.9039
vn 0.0916 -0.5009 -0.8607
vn -0.1099 -0.5627 -0.8193
vn 0.1994 -0.6226 -0.7568
vn -0.0529 -0.7087 -0.7035
vn 0.2974 -0.7229 -0.6237
vn 0.0039 -0.8277 -0.5611
vn 0.3822 -0.7977 -0.4665
vn 0.0581 -0.9158 -0.3975
vn 0.4508 -0.8438 -0.2912
vn 0.1078 -0.9698 -0.2187
vn 0.5005 -0.8594 -0.1044
vn 0.1510 -0.9880 -0.0315
vn 0.5296 -0.8438 0.0866
vn 0.1863 -0.9698 0.1573
vn 0.5369 -0.7977 0.2747
vn 0.2122 -0.9158 0.3411
vn 0.5220 -0.7229 0.4528
vn 0.2280 -0.8277 0.5128
vn 0.4854 -0.6226 0.6139
vn 0.2329 -0.7087 0.6659
vn 0.4282 -0.5009 0.7522
vn 0.2270 -0.5627 0.7949
vn 0.3524 -0.3626 0.8627
vn 0.2106 -0.3949 0.8943
vn 0.2606 -0.2141 0.9414
vn 0.1846 -0.2115 0.9598
vn 0.1552 -0.0621 0.9859
vn 0.1507 -0.0189 0.9884
vn 0.0367 0.0834 0.9958
vn 0.1110 0.1753 0.9782
vn -0.1048 0.1980 0.9746
vn 0.0683 0.3635 0.9291
vn -0.3324 0.1261 0.9347
vn 0.0262 0.5387 0.8421
vn -0.4697 -0.2188 0.8553
vn -0.0118 0.6934 0.7204
vn 0.9688 0.2192 0.1159
vn -0.0409 0.8184 0.5732
vn 0.9160 0.3924 -0.0833
vn -0.0537 0.9064 0.4191
vn 0.8987 0.4183 -0.1316
vn -0.0579 0.9674 0.2466
vn -0.0380 0.7089 0.7043
vn 0.1002 0.7088 0.6982
vn 0.1034 0.6857 0.7205
vn -0.0392 0.6857 0.7269
vn 0.6068 0.7088 -0.3596
vn 0.6362 0.7088 0.3047
vn -0.7228 0.6854 0.0878
vn 0.5250 0.7088 -0.4712
vn 0.6834 0.7088 0.1749
vn -0.6914 0.6802 0.2436
vn 0.4230 0.7088 -0.5645
vn 0.7043 0.7089 0.0380
vn -0.6182 0.6854 0.3847
vn 0.3047 0.7088 -0.6362
vn 0.6982 0.7088 -0.1001
vn -0.5196 0.6968 0.4945
vn 0.1749 0.7088 -0.6833
vn 0.6653 0.7088 -0.2343
vn -0.4174 0.7057 0.5725
vn 0.0380 0.7088 -0.7044
vn -0.3047 0.7088 0.6361
vn -0.1002 0.7088 -0.6983
vn -0.1748 0.7088 0.6834
vn -0.2344 0.7088 -0.6653
vn -0.3597 0.7088 -0.6068
vn 0.1001 0.7089 0.6982
vn -0.4712 0.7088 -0.5249
vn 0.2343 0.7088 0.6653
vn -0.5645 0.7088 -0.4230
vn 0.3597 0.7088 0.6068
vn -0.6362 0.7088 -0.3047
vn 0.4712 0.7088 0.5250
vn -0.6840 0.7058 -0.1844
vn 0.5645 0.7088 0.4229
vn -0.7148 0.6968 -0.0597
vn 0.4841 0.8556 -0.1833
vn 0.5700 0.8216 0.0007
vn 0.4306 0.8997 -0.0712
vn 0.4083 0.9015 -0.1438
vn -0.3595 0.7088 -0.6069
vn -0.4712 0.7088 -0.5250
vn -0.4862 0.6857 -0.5417
vn -0.3711 0.6857 -0.6262
vn 0.2344 0.7088 0.6653
vn 0.2418 0.6857 0.6865
vn -0.5646 0.7088 -0.4228
vn -0.5825 0.6857 -0.4365
vn 0.3596 0.7088 0.6068
vn 0.3711 0.6857 0.6262
vn -0.6362 0.7089 -0.3047
vn -0.6565 0.6857 -0.3144
vn 0.4861 0.6857 0.5417
vn -0.6840 0.7058 -0.1843
vn -0.7006 0.6869 -0.1935
vn 0.5645 0.7088 0.4230
vn 0.5825 0.6857 0.4365
vn -0.7148 0.6968 -0.0596
vn -0.7375 0.6695 -0.0882
vn 0.6068 0.7089 -0.3596
vn 0.6261 0.6857 -0.3712
vn 0.6865 0.6857 -0.2419
vn 0.6362 0.7089 0.3046
vn 0.6565 0.6857 0.3143
vn -0.7229 0.6854 0.0878
vn -0.7329 0.6783 0.0530
vn 0.5250 0.7088 -0.4711
vn 0.5417 0.6857 -0.4862
vn 0.6834 0.7088 0.1748
vn 0.7052 0.6857 0.1803
vn -0.6914 0.6801 0.2436
vn -0.6783 0.6949 0.2390
vn 0.4365 0.6857 -0.5824
vn 0.7043 0.7089 0.0381
vn 0.7268 0.6857 0.0393
vn -0.6183 0.6855 0.3846
vn -0.6043 0.6783 0.4181
vn 0.3047 0.7089 -0.6362
vn 0.3145 0.6857 -0.6565
vn 0.7205 0.6857 -0.1033
vn -0.5193 0.6695 0.5310
vn 0.1747 0.7088 -0.6834
vn 0.1803 0.6857 -0.7052
vn -0.4174 0.7058 0.5724
vn -0.4246 0.6869 0.5899
vn 0.0381 0.7089 -0.7043
vn 0.0393 0.6857 -0.7268
vn -0.3047 0.7089 0.6362
vn -0.3144 0.6857 0.6565
vn -0.1001 0.7088 -0.6982
vn -0.1034 0.6857 -0.7206
vn -0.1747 0.7088 0.6834
vn -0.1803 0.6857 0.7052
vn -0.2343 0.7088 -0.6653
vn -0.2419 0.6858 -0.6864
vn 0.3802 0.8997 -0.2144
vn 0.3453 0.8943 -0.2847
vn 0.3016 0.8846 -0.3558
vn 0.2463 0.8694 -0.4283
vn 0.1749 0.8474 -0.5014
vn 0.0830 0.8166 -0.5712
vn -0.0341 0.7760 -0.6298
vn -0.1759 0.7262 -0.6647
vn -0.3361 0.6709 -0.6609
vn -0.4996 0.6168 -0.6082
vn -0.6468 0.5705 -0.5061
vn -0.7620 0.5351 -0.3648
vn -0.8330 0.5126 -0.2082
vn -0.8604 0.5033 -0.0805
vn -0.8557 0.5143 0.0566
vn -0.8008 0.5283 0.2822
vn -0.7023 0.5143 0.4922
vn -0.6200 0.5032 0.6020
vn -0.5187 0.5126 0.6843
vn -0.3648 0.5352 0.7619
vn -0.1867 0.5704 0.7998
vn -0.0080 0.6169 0.7870
vn 0.1525 0.6709 0.7257
vn 0.2796 0.7262 0.6281
vn 0.3685 0.7760 0.5119
vn 0.4227 0.8166 0.3930
vn 0.4507 0.8473 0.2810
vn 0.4603 0.8694 0.1794
vn 0.4581 0.8845 0.0881
vn 0.4475 0.8943 0.0054
vn 0.3851 0.8497 -0.3602
vn 0.0425 0.9652 -0.2581
vn 0.1555 0.9869 -0.0427
vn 0.6256 0.7642 0.1568
vn 0.6622 0.6858 0.3020
vn 0.6821 0.5806 0.4445
vn 0.6793 0.4537 0.5768
vn 0.6499 0.3092 0.6943
vn 0.5914 0.1499 0.7923
vn 0.5032 -0.0203 0.8639
vn 0.3889 -0.1945 0.9005
vn 0.2565 -0.3632 0.8957
vn 0.1152 -0.5165 0.8485
vn -0.0273 -0.6465 0.7624
vn -0.1652 -0.7471 0.6439
vn -0.2928 -0.8139 0.5018
vn -0.4069 -0.8465 0.3435
vn -0.5052 -0.8464 0.1685
vn -0.5788 -0.8154 -0.0096
vn -0.6270 -0.7587 -0.1769
vn -0.6527 -0.6782 -0.3378
vn -0.6542 -0.5758 -0.4904
vn -0.6301 -0.4529 -0.6308
vn -0.5791 -0.3109 -0.7537
vn -0.5020 -0.1524 -0.8513
vn -0.4029 0.0178 -0.9151
vn -0.2895 0.1910 -0.9379
vn -0.1696 0.3577 -0.9183
vn -0.0482 0.5097 -0.8590
vn 0.0711 0.6400 -0.7651
vn 0.1851 0.7418 -0.6446
vn 0.2888 0.8109 -0.5090
vn 0.4379 0.6748 0.5940
vn 0.4740 0.5226 0.7087
vn -0.1743 -0.9751 -0.1370
vn -0.2544 -0.9165 -0.3087
vn -0.0427 0.9108 -0.4106
vn 0.3872 0.7993 0.4596
vn -0.0864 -0.9955 0.0392
vn -0.1228 0.8308 -0.5428
vn 0.3285 0.8877 0.3226
vn 0.0055 -0.9771 0.2127
vn -0.2057 0.7130 -0.6703
vn 0.2586 0.9509 0.1699
vn 0.0977 -0.9211 0.3769
vn -0.2813 0.5646 -0.7760
vn 0.1865 -0.8303 0.5252
vn -0.3447 0.3944 -0.8518
vn 0.2687 -0.7087 0.6524
vn -0.3936 0.2091 -0.8952
vn 0.3412 -0.5612 0.7540
vn -0.4263 0.0153 -0.9045
vn 0.4019 -0.3936 0.8268
vn -0.4414 -0.1793 -0.8792
vn 0.4488 -0.2118 0.8682
vn -0.4383 -0.3674 -0.8203
vn 0.4802 -0.0226 0.8769
vn -0.4171 -0.5417 -0.7298
vn 0.4952 0.1673 0.8525
vn -0.3783 -0.6953 -0.6112
vn 0.4932 0.3513 0.7958
vn -0.3233 -0.8219 -0.4689
vn 0.9967 -0.0678 0.0449
vn 0.9866 -0.0766 -0.1439
vn 0.6728 -0.7338 -0.0947
vn 0.6784 -0.7336 0.0401
vn -0.3025 -0.7269 0.6165
vn -0.1772 -0.7276 0.6627
vn -0.1897 -0.6766 0.7115
vn -0.3248 -0.6741 0.6634
vn -0.8582 -0.0808 0.5070
vn -0.7439 -0.0770 0.6639
vn -0.5141 -0.7261 0.4567
vn -0.5926 -0.7259 0.3492
vn 0.4441 -0.0365 -0.8952
vn 0.2589 -0.0253 -0.9656
vn 0.1615 -0.7320 -0.6618
vn 0.2883 -0.7327 -0.6165
vn 0.9402 -0.0787 -0.3313
vn 0.6407 -0.7339 -0.2257
vn -0.6011 -0.0709 0.7960
vn -0.4161 -0.7265 0.5469
vn 0.0624 -0.0202 -0.9978
vn 0.0285 -0.7313 -0.6814
vn -0.4349 -0.0628 0.8983
vn -0.1370 -0.0207 -0.9903
vn -0.1058 -0.7306 -0.6745
vn -0.2510 -0.0534 0.9665
vn -0.3307 -0.0257 -0.9434
vn -0.2358 -0.7297 -0.6418
vn -0.0566 -0.0433 0.9975
vn -0.0453 -0.7282 0.6839
vn -0.5103 -0.0337 -0.8593
vn -0.3566 -0.7290 -0.5843
vn 0.1408 -0.0337 0.9895
vn 0.0882 -0.7290 0.6788
vn -0.6694 -0.0433 -0.7417
vn -0.4639 -0.7283 -0.5044
vn 0.3337 -0.0257 0.9423
vn 0.2185 -0.7298 0.6478
vn -0.8015 -0.0534 -0.5956
vn -0.5536 -0.7276 -0.4052
vn 0.5141 -0.0207 0.8575
vn 0.3405 -0.7306 0.5918
vn -0.9019 -0.0628 -0.4274
vn -0.6221 -0.7269 -0.2908
vn 0.6740 -0.0202 0.7384
vn 0.4493 -0.7313 0.5132
vn -0.9673 -0.0709 -0.2435
vn -0.6670 -0.7265 -0.1653
vn 0.8069 -0.0253 0.5901
vn 0.5406 -0.7321 0.4145
vn -0.9957 -0.0770 -0.0509
vn -0.6868 -0.7261 -0.0336
vn 0.8589 -0.0766 -0.5063
vn 0.5835 -0.7338 -0.3479
vn 0.9072 -0.0365 0.4191
vn 0.6111 -0.7327 0.2997
vn -0.9864 -0.0808 0.1430
vn -0.6806 -0.7259 0.0994
vn 0.7484 -0.0678 -0.6597
vn 0.5034 -0.7336 -0.4565
vn 0.9708 -0.0524 0.2342
vn 0.6576 -0.7331 0.1733
vn -0.9400 -0.0821 0.3311
vn -0.6489 -0.7258 0.2286
vn 0.6096 -0.0524 -0.7910
vn 0.4037 -0.7331 -0.5473
vn 0.0949 -0.6825 0.7247
vn 0.2333 -0.6856 0.6896
vn 0.2504 0.6856 0.6835
vn 0.1116 0.6887 0.7164
vn -0.2504 -0.6856 -0.6836
vn -0.1117 -0.6887 -0.7164
vn -0.0479 -0.6794 0.7322
vn -0.3803 -0.6824 -0.6242
vn -0.4963 -0.6795 -0.5404
vn -0.5937 -0.6766 -0.4355
vn 0.3620 -0.6888 0.6281
vn -0.6689 -0.6741 -0.3133
vn 0.4760 -0.6919 0.5428
vn -0.7186 -0.6721 -0.1786
vn 0.5712 -0.6946 0.4373
vn -0.7409 -0.6706 -0.0366
vn 0.6122 -0.7015 -0.3649
vn 0.6719 -0.7018 -0.2367
vn 0.6439 -0.6970 0.3155
vn -0.7349 -0.6696 0.1071
vn 0.5288 -0.7005 -0.4792
vn 0.6915 -0.6990 0.1820
vn -0.7008 -0.6693 0.2469
vn 0.4247 -0.6990 -0.5753
vn 0.7124 -0.7005 0.0420
vn -0.6398 -0.6696 0.3772
vn 0.3039 -0.6971 -0.6494
vn 0.7057 -0.7015 -0.0994
vn -0.5544 -0.6706 0.4929
vn 0.1709 -0.6947 -0.6987
vn -0.4479 -0.6721 0.5896
vn 0.0306 -0.6918 -0.7214
vn 0.6398 0.6696 -0.3772
vn 0.5544 0.6706 -0.4929
vn 0.4480 0.6721 -0.5896
vn 0.3248 0.6741 -0.6634
vn 0.1897 0.6765 -0.7116
vn 0.0479 0.6794 -0.7322
vn -0.0950 0.6825 -0.7246
vn -0.2333 0.6857 -0.6894
vn -0.3620 0.6888 -0.6281
vn -0.4761 0.6918 -0.5429
vn -0.5712 0.6946 -0.4374
vn -0.6439 0.6971 -0.3155
vn -0.6915 0.6991 -0.1820
vn -0.7124 0.7005 -0.0419
vn -0.7058 0.7014 0.0994
vn -0.6719 0.7018 0.2367
vn -0.6122 0.7015 0.3649
vn -0.5288 0.7005 0.4792
vn -0.4247 0.6990 0.5753
vn -0.3039 0.6971 0.6494
vn -0.1709 0.6946 0.6988
vn -0.0306 0.6918 0.7214
vn 0.3803 0.6825 0.6242
vn 0.4963 0.6793 0.5405
vn 0.5938 0.6766 0.4355
vn 0.6689 0.6741 0.3133
vn 0.7186 0.6721 0.1786
vn 0.7410 0.6706 0.0366
vn 0.7349 0.6696 -0.1071
vn 0.7008 0.6693 -0.2469
vn 0.4122 -0.9040 -0.1130
vn 0.3815 -0.9155 -0.1277
vn 0.3764 -0.9169 -0.1326
vn 0.4823 -0.8715 -0.0882
vn 0.7469 -0.6603 0.0784
vn 0.8620 -0.2147 0.4592
vn 0.6919 0.0063 0.7220
vn 0.5211 -0.0109 0.8534
vn 0.3466 -0.0653 0.9358
vn 0.1658 -0.1311 0.9774
vn -0.0171 -0.1991 0.9798
vn -0.1969 -0.2640 0.9442
vn -0.3678 -0.3219 0.8724
vn -0.5237 -0.3698 0.7675
vn -0.6590 -0.4055 0.6335
vn -0.7689 -0.4276 0.4754
vn -0.8493 -0.4350 0.2992
vn -0.8971 -0.4276 0.1116
vn -0.9105 -0.4055 -0.0804
vn -0.8891 -0.3698 -0.2698
vn -0.8334 -0.3218 -0.4492
vn -0.7453 -0.2640 -0.6122
vn -0.6274 -0.1991 -0.7528
vn -0.4834 -0.1311 -0.8655
vn -0.3166 -0.0653 -0.9463
vn -0.1289 -0.0108 -0.9916
vn 0.0867 0.0063 -0.9962
vn 0.3837 -0.2147 -0.8981
vn 0.5329 -0.6601 -0.5294
vn 0.4310 -0.8716 -0.2335
vn 0.3920 -0.9040 -0.1705
vn 0.3772 -0.9155 -0.1396
vn -0.8369 0.4184 0.3530
vn -0.8506 0.4319 0.2997
vn 0.1772 0.9674 0.1810
vn 0.0869 0.9957 -0.0307
vn -0.8267 0.3924 0.4032
vn 0.2630 0.9064 0.3307
vn -0.7687 0.2191 0.6009
vn 0.3319 0.8185 0.4690
vn 0.8447 -0.2189 0.4884
vn 0.3833 0.6934 0.6102
vn 0.7685 0.1261 0.6274
vn 0.4138 0.5387 0.7339
vn 0.5944 0.1981 0.7794
vn 0.4228 0.3636 0.8301
vn 0.4844 0.0834 0.8709
vn 0.4118 0.1751 0.8943
vn 0.3780 -0.0621 0.9237
vn 0.3831 -0.0190 0.9235
vn 0.2647 -0.2141 0.9403
vn 0.3392 -0.2113 0.9167
vn 0.1453 -0.3628 0.9205
vn 0.2830 -0.3950 0.8740
vn 0.0233 -0.5009 0.8652
vn 0.2175 -0.5627 0.7975
vn -0.0972 -0.6225 0.7765
vn 0.1457 -0.7086 0.6904
vn -0.2121 -0.7229 0.6576
vn 0.0706 -0.8277 0.5567
vn -0.3170 -0.7977 0.5131
vn -0.0049 -0.9158 0.4017
vn -0.4082 -0.8438 0.3484
vn -0.0778 -0.9698 0.2311
vn -0.4823 -0.8594 0.1699
vn -0.1455 -0.9880 0.0513
vn -0.5364 -0.8438 -0.0156
vn -0.2055 -0.9698 -0.1313
vn -0.5686 -0.7976 -0.2011
vn -0.2556 -0.9158 -0.3099
vn -0.5774 -0.7229 -0.3795
vn -0.2940 -0.8277 -0.4780
vn -0.5625 -0.6226 -0.5441
vn -0.3192 -0.7087 -0.6292
vn -0.5242 -0.5008 -0.6888
vn -0.3304 -0.5627 -0.7578
vn -0.4637 -0.3626 -0.8084
vn -0.3273 -0.3949 -0.8585
vn -0.3832 -0.2141 -0.8985
vn -0.3103 -0.2114 -0.9268
vn -0.2845 -0.0622 -0.9566
vn -0.2804 -0.0190 -0.9597
vn -0.1684 0.0835 -0.9822
vn -0.2397 0.1753 -0.9549
vn -0.0254 0.1981 -0.9799
vn -0.1909 0.3635 -0.9118
vn 0.2054 0.1260 -0.9705
vn -0.1377 0.5386 -0.8312
vn 0.3519 -0.2188 -0.9101
vn -0.0839 0.6934 -0.7156
vn -0.9755 0.2194 0.0139
vn -0.0354 0.8185 -0.5734
vn -0.8968 0.3925 0.2040
vn -0.0023 0.9064 -0.4225
vn -0.8733 0.4183 0.2496
vn 0.0247 0.9674 -0.2521
vn 0.6931 0.7088 0.1311
vn 0.7053 0.7089 -0.0066
vn 0.7278 0.6857 -0.0069
vn 0.7152 0.6857 0.1353
vn -0.2760 0.7089 -0.6491
vn 0.3864 0.7088 -0.5902
vn -0.0087 0.6855 0.7281
vn 0.1498 0.6801 0.7177
vn 0.1311 0.7088 -0.6931
vn 0.2992 0.6854 0.6638
vn -0.5902 0.7088 -0.3864
vn 0.4212 0.6968 0.5805
vn 0.5120 0.7058 0.4895
vn -0.6930 0.7089 -0.1312
vn 0.6542 0.7088 0.2639
vn 0.6905 0.7089 -0.1441
vn 0.6491 0.7088 -0.2761
vn -0.3863 0.7088 0.5902
vn 0.5828 0.7088 -0.3974
vn -0.2735 0.7058 0.6535
vn 0.4941 0.7088 -0.5034
vn -0.1539 0.6968 0.7006
vn -0.0940 0.8653 -0.4924
vn 0.1082 0.8549 -0.5074
vn -0.0134 0.8997 -0.4363
vn -0.0884 0.9015 -0.4236
vn -0.5828 0.7088 0.3973
vn -0.6014 0.6857 0.4100
vn 0.6905 0.7088 -0.1441
vn 0.7125 0.6857 -0.1487
vn -0.4941 0.7088 0.5034
vn -0.5098 0.6857 0.5195
vn 0.6491 0.7089 -0.2760
vn 0.6698 0.6857 -0.2849
vn -0.3864 0.7088 0.5901
vn 0.5828 0.7089 -0.3973
vn 0.6014 0.6857 -0.4101
vn -0.2734 0.7058 0.6535
vn -0.2847 0.6869 0.6687
vn 0.5099 0.6857 -0.5195
vn -0.1538 0.6968 0.7006
vn -0.1853 0.6695 0.7193
vn -0.1441 0.7088 -0.6905
vn -0.2848 0.6857 -0.6698
vn -0.0087 0.6854 0.7281
vn -0.0446 0.6782 0.7335
vn 0.2638 0.7088 -0.6542
vn 0.2722 0.6857 -0.6750
vn 0.1498 0.6801 0.7176
vn 0.1469 0.6949 0.7039
vn 0.3342 0.6782 0.6544
vn -0.0069 0.6857 -0.7278
vn 0.4212 0.6968 0.5806
vn 0.4575 0.6695 0.5852
vn 0.5120 0.7058 0.4896
vn 0.5284 0.6869 0.4990
vn 0.5902 0.7088 0.3863
vn 0.6542 0.7088 0.2638
vn 0.6750 0.6857 0.2723
vn -0.1622 0.8997 -0.4053
vn -0.2363 0.8943 -0.3800
vn -0.3126 0.8846 -0.3462
vn -0.3919 0.8694 -0.3009
vn -0.4737 0.8474 -0.2400
vn -0.5551 0.8166 -0.1580
vn -0.6289 0.7759 -0.0499
vn -0.6822 0.7261 0.0863
vn -0.6997 0.6709 0.2456
vn -0.6691 0.6169 0.4144
vn -0.5874 0.5704 0.5741
vn -0.4627 0.5352 0.7067
vn -0.3167 0.5126 0.7981
vn -0.1937 0.5033 0.8421
vn -0.0573 0.5142 0.8557
vn 0.1735 0.5283 0.8311
vn 0.3948 0.5142 0.7614
vn 0.5144 0.5033 0.6943
vn 0.6095 0.5126 0.6048
vn 0.7067 0.5352 0.4627
vn 0.7680 0.5704 0.2912
vn 0.7790 0.6169 0.1122
vn 0.7396 0.6709 -0.0547
vn 0.6597 0.7261 -0.1938
vn 0.5564 0.7759 -0.2973
vn 0.4456 0.8166 -0.3668
vn 0.3382 0.8474 -0.4094
vn 0.2389 0.8694 -0.4325
vn 0.1481 0.8845 -0.4423
vn 0.0646 0.8943 -0.4428
vn -0.2950 0.8359 -0.4629
vn -0.2710 0.9568 -0.1048
vn -0.0363 0.9903 -0.1340
vn 0.2840 0.8127 -0.5089
vn 0.4512 0.7411 -0.4971
vn 0.6109 0.6378 -0.4691
vn 0.7513 0.5070 -0.4226
vn 0.8646 0.3547 -0.3560
vn 0.9447 0.1876 -0.2691
vn 0.9862 0.0137 -0.1648
vn 0.9861 -0.1583 -0.0501
vn 0.9452 -0.3198 0.0655
vn 0.8680 -0.4652 0.1736
vn 0.7604 -0.5909 0.2695
vn 0.6274 -0.6950 0.3512
vn 0.4741 -0.7751 0.4177
vn 0.3037 -0.8294 0.4689
vn 0.1119 -0.8561 0.5045
vn -0.0883 -0.8510 0.5176
vn -0.2806 -0.8136 0.5092
vn -0.4653 -0.7431 0.4809
vn -0.6348 -0.6406 0.4321
vn -0.7802 -0.5101 0.3621
vn -0.8934 -0.3570 0.2728
vn -0.9676 -0.1885 0.1681
vn -0.9983 -0.0137 0.0559
vn -0.9859 0.1583 -0.0539
vn -0.9346 0.3205 -0.1542
vn -0.8502 0.4679 -0.2413
vn -0.7379 0.5969 -0.3149
vn -0.6040 0.7029 -0.3757
vn -0.4586 0.7809 -0.4241
vn 0.6798 0.7101 -0.1836
vn 0.8079 0.5608 -0.1812
vn -0.1840 -0.9781 0.0972
vn -0.3706 -0.9221 0.1116
vn -0.4385 0.8951 -0.0808
vn 0.5293 0.8290 -0.1805
vn 0.0102 -0.9969 0.0779
vn -0.5866 0.8079 -0.0561
vn 0.3760 0.9103 -0.1729
vn 0.2045 -0.9774 0.0545
vn -0.7290 0.6840 -0.0269
vn 0.2034 0.9661 -0.1588
vn 0.3911 -0.9199 0.0278
vn -0.8470 0.5315 0.0032
vn 0.5627 -0.8267 -0.0012
vn -0.9327 0.3591 0.0320
vn 0.7123 -0.7012 -0.0314
vn -0.9831 0.1735 0.0583
vn 0.8339 -0.5485 -0.0615
vn -0.9965 -0.0183 0.0812
vn 0.9228 -0.3745 -0.0905
vn -0.9727 -0.2094 0.0998
vn 0.9755 -0.1863 -0.1170
vn -0.9127 -0.3926 0.1134
vn 0.9901 0.0088 -0.1402
vn -0.8186 -0.5614 0.1216
vn 0.9661 0.2033 -0.1591
vn -0.6937 -0.7095 0.1240
vn 0.9046 0.3897 -0.1729
vn -0.5426 -0.8313 0.1206
vn 0.1767 -0.0678 -0.9819
vn -0.0118 -0.0766 -0.9970
vn -0.0047 -0.7338 -0.6793
vn 0.1298 -0.7335 -0.6672
vn 0.5709 -0.7270 0.3815
vn 0.6334 -0.7275 0.2636
vn 0.6801 -0.6766 0.2823
vn 0.6145 -0.6741 0.4098
vn 0.3887 -0.0808 0.9178
vn 0.5594 -0.0770 0.8253
vn 0.3845 -0.7261 0.5701
vn 0.2675 -0.7259 0.6337
vn -0.8284 -0.0366 -0.5589
vn -0.9227 -0.0253 -0.3846
vn -0.6347 -0.7320 -0.2477
vn -0.5728 -0.7327 -0.3674
vn -0.2037 -0.0787 -0.9759
vn -0.1388 -0.7338 -0.6650
vn 0.7092 -0.0709 0.7014
vn 0.4869 -0.7264 0.4850
vn -0.9808 -0.0202 -0.1941
vn -0.6716 -0.7314 -0.1185
vn 0.8327 -0.0628 0.5501
vn -0.9998 -0.0207 0.0045
vn -0.6827 -0.7306 0.0153
vn 0.9247 -0.0534 0.3770
vn -0.9789 -0.0257 0.2025
vn -0.6673 -0.7298 0.1485
vn 0.9811 -0.0433 0.1884
vn 0.6717 -0.7283 0.1356
vn -0.9194 -0.0337 0.3919
vn -0.6264 -0.7290 0.2761
vn 0.9994 -0.0337 -0.0085
vn 0.6845 -0.7290 0.0025
vn -0.8239 -0.0433 0.5651
vn -0.5614 -0.7283 0.3930
vn 0.9782 -0.0257 -0.2059
vn 0.6710 -0.7298 -0.1308
vn -0.6967 -0.0534 0.7153
vn -0.4752 -0.7275 0.4949
vn 0.9181 -0.0207 -0.3958
vn 0.6318 -0.7306 -0.2590
vn -0.5432 -0.0628 0.8373
vn -0.3707 -0.7270 0.5780
vn 0.8213 -0.0202 -0.5702
vn 0.5682 -0.7313 -0.3773
vn -0.3695 -0.0709 0.9265
vn -0.2522 -0.7264 0.6393
vn 0.6919 -0.0253 -0.7216
vn 0.4826 -0.7320 -0.4809
vn -0.1826 -0.0770 0.9802
vn -0.1244 -0.7261 0.6763
vn -0.3879 -0.0766 -0.9185
vn -0.2675 -0.7338 -0.6245
vn 0.5357 -0.0366 -0.8436
vn 0.3781 -0.7327 -0.5658
vn 0.0109 -0.0808 0.9967
vn 0.0083 -0.7259 0.6878
vn -0.5547 -0.0678 -0.8293
vn -0.3858 -0.7335 -0.5596
vn 0.3608 -0.0524 -0.9312
vn 0.2589 -0.7331 -0.6289
vn 0.2036 -0.0821 0.9756
vn 0.1405 -0.7257 0.6735
vn -0.7031 -0.0524 -0.7092
vn -0.4888 -0.7331 -0.4728
vn 0.7309 -0.6825 0.0020
vn 0.7144 -0.6856 -0.1399
vn 0.7107 0.6856 -0.1575
vn 0.7248 0.6888 -0.0157
vn -0.7107 -0.6856 0.1575
vn -0.7248 -0.6888 0.0156
vn 0.7194 -0.6794 0.1446
vn -0.6691 -0.6824 0.2942
vn -0.6015 -0.6794 0.4202
vn -0.5104 -0.6766 0.5307
vn 0.6706 -0.6888 -0.2755
vn -0.3992 -0.6741 0.6214
vn 0.6013 -0.6918 -0.3999
vn -0.2723 -0.6721 0.6885
vn 0.5092 -0.6946 -0.5082
vn -0.1345 -0.6706 0.7295
vn -0.2805 -0.7014 -0.6552
vn -0.1455 -0.7017 -0.6974
vn 0.3981 -0.6970 -0.5964
vn 0.0088 -0.6696 0.7427
vn -0.4049 -0.7006 -0.5876
vn 0.2721 -0.6991 -0.6613
vn 0.1518 -0.6693 0.7273
vn -0.5139 -0.6991 -0.4972
vn 0.1361 -0.7006 -0.7005
vn 0.2890 -0.6696 0.6842
vn -0.6034 -0.6970 -0.3874
vn -0.0049 -0.7014 -0.7127
vn 0.4151 -0.6706 0.6148
vn -0.6700 -0.6946 -0.2621
vn 0.5249 -0.6721 0.5222
vn -0.7110 -0.6918 -0.1260
vn -0.2890 0.6697 -0.6841
vn -0.4151 0.6705 -0.6149
vn -0.5250 0.6721 -0.5222
vn -0.6144 0.6742 -0.4099
vn -0.6801 0.6766 -0.2823
vn -0.7194 0.6794 -0.1445
vn -0.7309 0.6825 -0.0020
vn -0.7144 0.6856 0.1399
vn -0.6706 0.6888 0.2755
vn -0.6012 0.6918 0.3999
vn -0.5092 0.6946 0.5081
vn -0.3981 0.6970 0.5964
vn -0.2721 0.6990 0.6613
vn -0.1360 0.7005 0.7006
vn 0.0050 0.7015 0.7127
vn 0.1455 0.7018 0.6974
vn 0.2805 0.7015 0.6552
vn 0.4049 0.7005 0.5877
vn 0.5139 0.6990 0.4973
vn 0.6034 0.6970 0.3874
vn 0.6700 0.6946 0.2620
vn 0.7110 0.6918 0.1260
vn 0.6691 0.6825 -0.2942
vn 0.6015 0.6794 -0.4202
vn 0.5104 0.6766 -0.5308
vn 0.3992 0.6741 -0.6214
vn 0.2723 0.6721 -0.6886
vn 0.1346 0.6705 -0.7296
vn -0.0087 0.6697 -0.7426
vn -0.1518 0.6694 -0.7273
vn -0.0573 -0.9039 -0.4238
vn -0.0760 -0.9155 -0.3952
vn -0.0815 -0.9170 -0.3906
vn -0.0235 -0.8716 -0.4897
vn 0.1768 -0.6601 -0.7300
vn 0.5696 -0.2146 -0.7934
vn 0.8073 0.0064 -0.5901
vn 0.9150 -0.0109 -0.4033
vn 0.9734 -0.0653 -0.2194
vn 0.9908 -0.1310 -0.0348
vn 0.9689 -0.1991 0.1469
vn 0.9098 -0.2640 0.3204
vn 0.8160 -0.3218 0.4802
vn 0.6912 -0.3698 0.6209
vn 0.5405 -0.4055 0.7372
vn 0.3692 -0.4276 0.8252
vn 0.1839 -0.4350 0.8814
vn -0.0083 -0.4276 0.9039
vn -0.2005 -0.4055 0.8918
vn -0.3852 -0.3698 0.8455
vn -0.5558 -0.3219 0.7665
vn -0.7057 -0.2640 0.6575
vn -0.8293 -0.1991 0.5221
vn -0.9220 -0.1310 0.3644
vn -0.9799 -0.0653 0.1883
vn -0.9999 -0.0109 -0.0036
vn -0.9759 0.0064 -0.2179
vn -0.8392 -0.2149 -0.4996
vn -0.4540 -0.6602 -0.5984
vn -0.1743 -0.8716 -0.4582
vn -0.1170 -0.9039 -0.4113
vn -0.0884 -0.9155 -0.3926
vn 0.2389 0.4184 0.8763
vn 0.1843 0.4319 0.8829
vn 0.2029 0.9674 -0.1517
vn -0.0188 0.9957 -0.0902
vn 0.2900 0.3923 0.8729
vn 0.3626 0.9063 -0.2168
vn 0.4937 0.2191 0.8416
vn 0.5089 0.8184 -0.2668
vn 0.5962 -0.2188 -0.7725
vn 0.6556 0.6934 -0.2990
vn 0.7237 0.1261 -0.6785
vn 0.7823 0.5387 -0.3128
vn 0.8513 0.1981 -0.4859
vn 0.8789 0.3635 -0.3090
vn 0.9274 0.0834 -0.3646
vn 0.9410 0.1752 -0.2895
vn 0.9657 -0.0621 -0.2521
vn 0.9662 -0.0189 -0.2572
vn 0.9671 -0.2140 -0.1377
vn 0.9535 -0.2114 -0.2147
vn 0.9317 -0.3627 -0.0220
vn 0.9038 -0.3949 -0.1647
vn 0.8607 -0.5008 0.0916
vn 0.8193 -0.5627 -0.1099
vn 0.7568 -0.6225 0.1994
vn 0.7035 -0.7087 -0.0529
vn 0.6237 -0.7229 0.2974
vn 0.5611 -0.8277 0.0039
vn 0.4665 -0.7977 0.3822
vn 0.3975 -0.9158 0.0581
vn 0.2912 -0.8438 0.4508
vn 0.2187 -0.9698 0.1078
vn 0.1045 -0.8594 0.5005
vn 0.0315 -0.9880 0.1510
vn -0.0866 -0.8438 0.5296
vn -0.1574 -0.9698 0.1863
vn -0.2747 -0.7977 0.5369
vn -0.3410 -0.9158 0.2122
vn -0.4526 -0.7229 0.5220
vn -0.5127 -0.8277 0.2280
vn -0.6138 -0.6226 0.4854
vn -0.6660 -0.7087 0.2329
vn -0.7522 -0.5008 0.4282
vn -0.7949 -0.5627 0.2270
vn -0.8627 -0.3627 0.3525
vn -0.8943 -0.3949 0.2106
vn -0.9414 -0.2141 0.2606
vn -0.9598 -0.2114 0.1846
vn -0.9859 -0.0621 0.1552
vn -0.9884 -0.0190 0.1507
vn -0.9958 0.0834 0.0368
vn -0.9783 0.1752 0.1110
vn -0.9746 0.1981 -0.1048
vn -0.9291 0.3635 0.0683
vn -0.9347 0.1261 -0.3324
vn -0.8421 0.5387 0.0262
vn -0.8554 -0.2189 -0.4695
vn -0.7204 0.6934 -0.0118
vn -0.1158 0.2191 0.9688
vn -0.5731 0.8185 -0.0409
vn 0.0834 0.3924 0.9160
vn -0.4191 0.9064 -0.0537
vn 0.1315 0.4184 0.8987
vn -0.2466 0.9674 -0.0579
vn -0.6629 0.7088 -0.2409
vn -0.6972 0.7088 -0.1070
vn -0.7194 0.6857 -0.1105
vn -0.6841 0.6857 -0.2487
vn 0.1679 0.7088 0.6851
vn -0.4764 0.7088 0.5203
vn 0.1260 0.6854 -0.7172
vn 0.2984 0.7089 0.6391
vn -0.3657 0.7088 0.6032
vn -0.0323 0.6802 -0.7323
vn 0.4173 0.7088 0.5687
vn -0.2411 0.7088 0.6630
vn -0.1885 0.6854 -0.7033
vn 0.5203 0.7088 0.4763
vn -0.1070 0.7088 0.6973
vn -0.3221 0.6969 -0.6408
vn 0.6032 0.7088 0.3657
vn 0.0310 0.7088 0.7047
vn -0.4265 0.7058 -0.5656
vn 0.6629 0.7088 0.2411
vn -0.5203 0.7088 -0.4763
vn 0.6972 0.7088 0.1070
vn -0.6032 0.7088 -0.3657
vn 0.7047 0.7088 -0.0310
vn -0.6629 0.7088 -0.2411
vn 0.6851 0.7088 -0.1678
vn -0.6973 0.7088 -0.1070
vn 0.6392 0.7088 -0.2984
vn -0.7047 0.7089 0.0310
vn 0.5687 0.7088 -0.4173
vn -0.6851 0.7088 0.1679
vn 0.4763 0.7088 -0.5203
vn -0.6392 0.7088 0.2984
vn 0.3751 0.7059 -0.6009
vn -0.5687 0.7088 0.4173
vn 0.2647 0.6968 -0.6667
vn 0.0296 0.8603 0.5089
vn -0.1727 0.8326 0.5263
vn -0.0569 0.8998 0.4326
vn 0.0190 0.9014 0.4325
vn 0.6851 0.7088 -0.1680
vn 0.6596 0.6857 -0.3079
vn 0.7070 0.6857 -0.1732
vn -0.7047 0.7088 0.0310
vn -0.7272 0.6857 0.0320
vn 0.5868 0.6857 -0.4306
vn -0.7070 0.6857 0.1733
vn 0.4915 0.6857 -0.5368
vn -0.6595 0.6857 0.3079
vn 0.3750 0.7059 -0.6009
vn 0.3887 0.6869 -0.6141
vn -0.5868 0.6857 0.4306
vn 0.2647 0.6968 -0.6666
vn 0.2986 0.6696 -0.6801
vn 0.1733 0.6856 0.7070
vn 0.0320 0.6858 0.7271
vn -0.4764 0.7088 0.5202
vn -0.4916 0.6857 0.5368
vn 0.1259 0.6854 -0.7172
vn 0.1621 0.6783 -0.7167
vn 0.2984 0.7088 0.6392
vn 0.3079 0.6857 0.6595
vn -0.3658 0.7088 0.6031
vn -0.3773 0.6857 0.6225
vn -0.0323 0.6802 -0.7324
vn -0.0316 0.6949 -0.7184
vn 0.4306 0.6857 0.5869
vn -0.2411 0.7089 0.6629
vn -0.2487 0.6857 0.6840
vn -0.1884 0.6854 -0.7033
vn -0.2244 0.6782 -0.6997
vn 0.5369 0.6857 0.4915
vn -0.1070 0.7088 0.6972
vn -0.1104 0.6857 0.7195
vn -0.3222 0.6968 -0.6408
vn -0.3574 0.6695 -0.6512
vn 0.6032 0.7088 0.3656
vn 0.6224 0.6857 0.3773
vn -0.4265 0.7059 -0.5656
vn -0.4412 0.6869 -0.5775
vn 0.6629 0.7089 0.2411
vn 0.6841 0.6857 0.2487
vn -0.5368 0.6857 -0.4916
vn 0.7195 0.6857 0.1105
vn -0.6032 0.7088 -0.3656
vn -0.6224 0.6857 -0.3773
vn 0.7272 0.6857 -0.0320
vn 0.0948 0.8997 0.4260
vn 0.1721 0.8943 0.4131
vn 0.2528 0.8846 0.3920
vn 0.3384 0.8694 0.3601
vn 0.4288 0.8474 0.3131
vn 0.5225 0.8166 0.2453
vn 0.6126 0.7759 0.1505
vn 0.6872 0.7261 0.0247
vn 0.7301 0.6709 -0.1297
vn 0.7271 0.6169 -0.3013
vn 0.6722 0.5704 -0.4720
vn 0.5705 0.5351 -0.6231
vn 0.4411 0.5126 -0.7367
vn 0.3270 0.5031 -0.8000
vn 0.1945 0.5144 -0.8352
vn -0.0374 0.5284 -0.8482
vn -0.2669 0.5144 -0.8150
vn -0.3960 0.5032 -0.7681
vn -0.5041 0.5126 -0.6950
vn -0.6231 0.5351 -0.5704
vn -0.7111 0.5704 -0.4111
vn -0.7508 0.6168 -0.2363
vn -0.7387 0.6709 -0.0650
vn -0.6824 0.7260 0.0850
vn -0.5970 0.7759 0.2038
vn -0.4989 0.8166 0.2903
vn -0.3997 0.8474 0.3496
vn -0.3054 0.8694 0.3884
vn -0.2174 0.8846 0.4127
vn -0.1352 0.8942 0.4267
vn 0.2297 0.8487 0.4765
vn 0.2387 0.9642 0.1160
vn -0.0004 0.9890 0.1477
vn -0.3405 0.7791 0.5263
vn -0.4937 0.7026 0.5125
vn -0.6392 0.5978 0.4838
vn -0.7670 0.4695 0.4374
vn -0.8709 0.3223 0.3710
vn -0.9453 0.1600 0.2843
vn -0.9838 -0.0122 0.1791
vn -0.9805 -0.1867 0.0618
vn -0.9332 -0.3547 -0.0583
vn -0.8446 -0.5069 -0.1724
vn -0.7208 -0.6365 -0.2746
vn -0.5688 -0.7386 -0.3619
vn -0.3977 -0.8092 -0.4325
vn -0.2144 -0.8476 -0.4854
vn -0.0175 -0.8544 -0.5194
vn 0.1774 -0.8296 -0.5294
vn 0.3559 -0.7773 -0.5188
vn 0.5220 -0.6986 -0.4894
vn 0.6723 -0.5953 -0.4401
vn 0.8012 -0.4696 -0.3708
vn 0.9030 -0.3239 -0.2824
vn 0.9706 -0.1617 -0.1781
vn 0.9978 0.0106 -0.0653
vn 0.9817 0.1844 0.0468
vn 0.9242 0.3508 0.1510
vn 0.8299 0.5023 0.2430
vn 0.7050 0.6322 0.3214
vn 0.5574 0.7349 0.3863
vn 0.3994 0.8060 0.4368
vn -0.6995 0.6856 0.2017
vn -0.8220 0.5337 0.1989
vn 0.1857 -0.9771 -0.1042
vn 0.3732 -0.9198 -0.1209
vn 0.4090 0.9081 0.0894
vn -0.5539 0.8087 0.1978
vn -0.0085 -0.9966 -0.0822
vn 0.5592 0.8267 0.0612
vn -0.4043 0.8950 0.1883
vn -0.2018 -0.9778 -0.0559
vn 0.7059 0.7077 0.0287
vn -0.2361 0.9561 0.1734
vn -0.3867 -0.9218 -0.0264
vn 0.8296 0.5584 -0.0042
vn -0.5563 -0.8310 0.0053
vn 0.9213 0.3872 -0.0358
vn -0.7042 -0.7090 0.0380
vn 0.9775 0.2008 -0.0647
vn -0.8252 -0.5605 0.0703
vn 0.9959 0.0065 -0.0898
vn -0.9147 -0.3913 0.1013
vn 0.9759 -0.1884 -0.1102
vn -0.9696 -0.2075 0.1297
vn 0.9180 -0.3762 -0.1250
vn -0.9879 -0.0161 0.1545
vn 0.8246 -0.5497 -0.1337
vn -0.9687 0.1760 0.1748
vn 0.6992 -0.7019 -0.1360
vn -0.9128 0.3616 0.1898
vn 0.5467 -0.8269 -0.1316
vn -0.3324 -0.0679 0.9407
vn -0.1488 -0.0766 0.9859
vn -0.1047 -0.7337 0.6713
vn -0.2354 -0.7336 0.6375
vn -0.5021 -0.7269 -0.4685
vn -0.5827 -0.7275 -0.3622
vn -0.6258 -0.6766 -0.3881
vn -0.5404 -0.6741 -0.5035
vn -0.2358 -0.0808 -0.9684
vn -0.4193 -0.0770 -0.9046
vn -0.2877 -0.7261 -0.6245
vn -0.1620 -0.7259 -0.6685
vn 0.7277 -0.0366 0.6849
vn 0.8488 -0.0253 0.5282
vn 0.5864 -0.7320 0.3467
vn 0.5063 -0.7327 0.4549
vn 0.0439 -0.0787 0.9959
vn 0.0299 -0.7339 0.6786
vn -0.5872 -0.0709 -0.8064
vn -0.4025 -0.7264 -0.5570
vn 0.9367 -0.0202 0.3495
vn 0.6438 -0.7313 0.2251
vn -0.7333 -0.0628 -0.6770
vn 0.9874 -0.0207 0.1566
vn 0.6762 -0.7306 0.0949
vn -0.8519 -0.0534 -0.5211
vn 0.9988 -0.0257 -0.0423
vn 0.6825 -0.7298 -0.0392
vn -0.9380 -0.0433 -0.3440
vn -0.6411 -0.7283 -0.2421
vn 0.9705 -0.0337 -0.2388
vn 0.6626 -0.7290 -0.1716
vn -0.9877 -0.0337 -0.1526
vn -0.6752 -0.7290 -0.1127
vn 0.9041 -0.0433 -0.4251
vn 0.6174 -0.7283 -0.2975
vn -0.9986 -0.0257 0.0457
vn -0.6833 -0.7298 0.0210
vn 0.8028 -0.0534 -0.5939
vn 0.5486 -0.7275 -0.4120
vn -0.9699 -0.0207 0.2428
vn -0.6653 -0.7306 0.1539
vn 0.6710 -0.0628 -0.7388
vn 0.4590 -0.7270 -0.5107
vn -0.9024 -0.0202 0.4305
vn -0.6215 -0.7313 0.2809
vn 0.5139 -0.0709 -0.8549
vn 0.3519 -0.7265 -0.5903
vn -0.7990 -0.0253 0.6008
vn -0.5536 -0.7321 0.3970
vn 0.3380 -0.0770 -0.9380
vn 0.2316 -0.7261 -0.6475
vn 0.2352 -0.0766 0.9689
vn 0.1633 -0.7337 0.6595
vn -0.6646 -0.0365 0.7463
vn -0.4643 -0.7326 0.4976
vn 0.1498 -0.0808 -0.9854
vn 0.1027 -0.7259 -0.6801
vn 0.4137 -0.0678 0.9079
vn 0.2905 -0.7336 0.6144
vn -0.5061 -0.0524 0.8609
vn -0.3569 -0.7332 0.5789
vn -0.0439 -0.0821 -0.9957
vn -0.0302 -0.7258 -0.6873
vn 0.5798 -0.0524 0.8130
vn 0.4064 -0.7332 0.5453
vn -0.7211 -0.6824 -0.1196
vn -0.7276 -0.6856 0.0230
vn -0.7268 0.6857 0.0411
vn -0.7178 0.6888 -0.1012
vn 0.7268 -0.6856 -0.0411
vn 0.7179 -0.6888 0.1012
vn -0.6867 -0.6794 -0.2585
vn 0.7077 -0.6825 -0.1826
vn 0.6613 -0.6794 -0.3179
vn 0.5892 -0.6766 -0.4417
vn -0.7062 -0.6888 0.1640
vn 0.4941 -0.6741 -0.5491
vn -0.6578 -0.6918 0.2978
vn 0.3796 -0.6720 -0.6358
vn -0.5844 -0.6946 0.4195
vn 0.2502 -0.6706 -0.6984
vn 0.1714 -0.7014 0.6918
vn 0.0314 -0.7017 0.7118
vn -0.4889 -0.6971 0.5245
vn 0.1109 -0.6697 -0.7343
vn 0.3050 -0.7005 0.6452
vn -0.3750 -0.6991 0.6088
vn -0.0327 -0.6694 -0.7422
vn 0.4271 -0.6990 0.5735
vn -0.2471 -0.7005 0.6695
vn -0.1751 -0.6697 -0.7217
vn 0.5331 -0.6970 0.4795
vn -0.1099 -0.7014 0.7042
vn -0.3106 -0.6706 -0.6736
vn 0.6190 -0.6946 0.3665
vn -0.4340 -0.6721 -0.5999
vn 0.6814 -0.6919 0.2388
vn 0.1751 0.6697 0.7217
vn 0.3106 0.6706 0.6736
vn 0.4340 0.6721 0.5999
vn 0.5404 0.6741 0.5035
vn 0.6258 0.6766 0.3881
vn 0.6868 0.6794 0.2585
vn 0.7211 0.6825 0.1196
vn 0.7276 0.6856 -0.0230
vn 0.7062 0.6888 -0.1640
vn 0.6578 0.6918 -0.2978
vn 0.5844 0.6947 -0.4195
vn 0.4889 0.6971 -0.5245
vn 0.3750 0.6991 -0.6088
vn 0.2471 0.7005 -0.6695
vn 0.1099 0.7014 -0.7042
vn -0.0314 0.7017 -0.7118
vn -0.1714 0.7014 -0.6918
vn -0.3050 0.7005 -0.6452
vn -0.4271 0.6990 -0.5735
vn -0.5331 0.6970 -0.4795
vn -0.6190 0.6946 -0.3665
vn -0.6814 0.6919 -0.2388
vn -0.7077 0.6825 0.1826
vn -0.6613 0.6794 0.3179
vn -0.5892 0.6766 0.4417
vn -0.4941 0.6741 0.5491
vn -0.3796 0.6720 0.6358
vn -0.2502 0.6706 0.6984
vn -0.1109 0.6697 0.7343
vn 0.0327 0.6693 0.7422
vn -0.0116 -0.9041 0.4272
vn 0.0114 -0.9155 0.4023
vn 0.0176 -0.9169 0.3988
vn -0.0556 -0.8716 0.4870
vn -0.2921 -0.6601 0.6921
vn -0.6897 -0.2149 0.6915
vn -0.8918 0.0064 0.4524
vn -0.9680 -0.0109 0.2507
vn -0.9961 -0.0653 0.0598
vn -0.9834 -0.1311 -0.1252
vn -0.9326 -0.1991 -0.3010
vn -0.8463 -0.2640 -0.4627
vn -0.7280 -0.3218 -0.6054
vn -0.5824 -0.3697 -0.7240
vn -0.4147 -0.4055 -0.8146
vn -0.2314 -0.4276 -0.8739
vn -0.0397 -0.4351 -0.8995
vn 0.1538 -0.4276 -0.8908
vn 0.3415 -0.4055 -0.8479
vn 0.5163 -0.3698 -0.7724
vn 0.6719 -0.3219 -0.6670
vn 0.8023 -0.2640 -0.5354
vn 0.9026 -0.1991 -0.3818
vn 0.9686 -0.1311 -0.2112
vn 0.9975 -0.0653 -0.0280
vn 0.9863 -0.0109 0.1647
vn 0.9281 0.0064 0.3723
vn 0.7480 -0.2144 0.6281
vn 0.3521 -0.6600 0.6637
vn 0.0984 -0.8716 0.4803
vn 0.0492 -0.9040 0.4248
vn 0.0241 -0.9155 0.4016
vn -0.0946 0.4183 -0.9034
vn -0.0398 0.4320 -0.9010
vn -0.2246 0.9674 0.1170
vn 0.0040 0.9957 0.0920
vn -0.1457 0.3925 -0.9081
vn -0.3928 0.9064 0.1556
vn -0.3518 0.2190 -0.9101
vn -0.5452 0.8184 0.1813
vn -0.7128 -0.2189 0.6663
vn -0.6952 0.6934 0.1895
vn -0.8236 0.1261 0.5530
vn -0.8225 0.5387 0.1828
vn -0.9184 0.1981 0.3424
vn -0.9171 0.3636 0.1634
vn -0.9740 0.0834 0.2105
vn -0.9753 0.1752 0.1343
vn -0.9937 -0.0621 0.0934
vn -0.9950 -0.0189 0.0983
vn -0.9766 -0.2141 -0.0199
vn -0.9757 -0.2114 0.0584
vn -0.9230 -0.3627 -0.1283
vn -0.9186 -0.3949 0.0170
vn -0.8347 -0.5008 -0.2290
vn -0.8263 -0.5627 -0.0235
vn -0.7148 -0.6225 -0.3186
vn -0.7029 -0.7087 -0.0611
vn -0.5677 -0.7228 -0.3939
vn -0.5532 -0.8277 -0.0942
vn -0.3989 -0.7977 -0.4524
vn -0.3829 -0.9158 -0.1214
vn -0.2147 -0.8438 -0.4918
vn -0.1985 -0.9698 -0.1416
vn -0.0225 -0.8594 -0.5108
vn -0.0068 -0.9880 -0.1541
vn 0.1707 -0.8438 -0.5088
vn 0.1853 -0.9698 -0.1585
vn 0.3576 -0.7976 -0.4857
vn 0.3707 -0.9158 -0.1546
vn 0.5309 -0.7229 -0.4423
vn 0.5427 -0.8277 -0.1424
vn 0.6840 -0.6226 -0.3802
vn 0.6948 -0.7087 -0.1227
vn 0.8113 -0.5008 -0.3016
vn 0.8211 -0.5627 -0.0960
vn 0.9082 -0.3627 -0.2090
vn 0.9165 -0.3949 -0.0638
vn 0.9711 -0.2141 -0.1056
vn 0.9770 -0.2114 -0.0277
vn 0.9981 -0.0621 0.0056
vn 0.9998 -0.0189 0.0104
vn 0.9888 0.0833 0.1241
vn 0.9834 0.1752 0.0480
vn 0.9450 0.1981 0.2603
vn 0.9280 0.3635 0.0821
vn 0.8689 0.1262 0.4786
vn 0.8353 0.5387 0.1097
vn 0.7686 -0.2187 0.6012
vn 0.7091 0.6934 0.1277
vn 0.2703 0.2192 -0.9375
vn 0.5590 0.8185 0.1327
vn 0.0654 0.3923 -0.9175
vn 0.4050 0.9064 0.1205
vn 0.0148 0.4183 -0.9082
vn 0.2341 0.9674 0.0968
vt 0.932618 0.135997
vt 0.947837 0.136005
vt 0.955387 0.343941
vt 0.940168 0.343933
vt 0.269125 0.294434
vt 0.284342 0.294365
vt 0.284342 0.587007
vt 0.269125 0.587075
vt 0.286622 0.000000
vt 0.573243 0.000000
vt 0.573243 0.294362
vt 0.286622 0.294362
vt 0.286622 0.294365
vt 0.000001 0.294365
vt -0.000000 0.000000
vt 0.286622 0.000000
vt 0.909648 0.549097
vt 0.894585 0.550277
vt 0.894585 0.306265
vt 0.909648 0.305086
vt 0.947837 0.546820
vt 0.932618 0.546812
vt 0.923268 0.630434
vt 0.915897 0.627381
vt 0.909266 0.622949
vt 0.903626 0.617309
vt 0.899195 0.610677
vt 0.896141 0.603306
vt 0.894586 0.595482
vt 0.894586 0.587506
vt 0.896142 0.579683
vt 0.899197 0.572314
vt 0.903627 0.565681
vt 0.909267 0.560041
vt 0.915900 0.555609
vt 0.923269 0.552557
vt 0.931094 0.551002
vt 0.939070 0.551002
vt 0.946894 0.552558
vt 0.954262 0.555611
vt 0.960896 0.560043
vt 0.966536 0.565684
vt 0.970967 0.572317
vt 0.974018 0.579685
vt 0.975573 0.587508
vt 0.975573 0.595486
vt 0.974016 0.603308
vt 0.970965 0.610679
vt 0.966532 0.617310
vt 0.960892 0.622950
vt 0.954259 0.627382
vt 0.946890 0.630434
vt 0.939068 0.631991
vt 0.931091 0.631991
vt 0.950366 0.905780
vt 0.950327 0.913312
vt 0.936235 0.913362
vt 0.936275 0.905830
vt 0.148549 0.294365
vt 0.945519 0.750788
vt 0.940648 0.751652
vt 0.941856 0.681373
vt 0.946130 0.680210
vt 0.932874 0.068868
vt 0.932631 0.064995
vt 0.946714 0.065163
vt 0.946957 0.069035
vt 0.950327 0.921211
vt 0.936235 0.921261
vt 0.269125 0.654439
vt 0.269353 0.650035
vt 0.283440 0.649982
vt 0.283212 0.654386
vt 0.950366 0.929175
vt 0.936275 0.929225
vt 0.269540 0.644419
vt 0.283627 0.644366
vt 0.950444 0.936897
vt 0.936352 0.936946
vt 0.269679 0.637807
vt 0.283766 0.637754
vt 0.950557 0.944079
vt 0.936465 0.944129
vt 0.269765 0.630451
vt 0.284044 0.630335
vt 0.885652 0.669807
vt 0.886126 0.677091
vt 0.872142 0.677217
vt 0.871668 0.669933
vt 0.886126 0.631991
vt 0.885652 0.638743
vt 0.871668 0.638869
vt 0.872142 0.632117
vt 0.269794 0.622634
vt 0.284971 0.622319
vt 0.932631 0.125474
vt 0.932874 0.118502
vt 0.946957 0.118669
vt 0.946714 0.125642
vt 0.885361 0.646195
vt 0.871377 0.646321
vt 0.269765 0.614655
vt 0.285496 0.614478
vt 0.933065 0.110908
vt 0.947148 0.111075
vt 0.885262 0.654058
vt 0.871278 0.654184
vt 0.269679 0.606827
vt 0.284858 0.606821
vt 0.933197 0.102985
vt 0.947280 0.103152
vt 0.885360 0.662031
vt 0.871377 0.662157
vt 0.269540 0.599445
vt 0.283819 0.599358
vt 0.933264 0.095035
vt 0.947347 0.095203
vt 0.269353 0.592794
vt 0.283440 0.592741
vt 0.933264 0.087367
vt 0.947347 0.087534
vt 0.269125 0.587128
vt 0.283212 0.587075
vt 0.933197 0.080273
vt 0.947280 0.080440
vt 0.950557 0.892951
vt 0.950444 0.898905
vt 0.936352 0.898954
vt 0.936465 0.893000
vt 0.933065 0.074025
vt 0.947148 0.074192
vt 0.280880 0.960314
vt 0.284092 0.957102
vt 0.297639 0.968218
vt 0.291997 0.973860
vt 0.277104 0.962837
vt 0.285365 0.978292
vt 0.272909 0.964575
vt 0.277996 0.981345
vt 0.268456 0.965460
vt 0.270174 0.982900
vt 0.263913 0.965463
vt 0.262197 0.982900
vt 0.259459 0.964576
vt 0.254374 0.981345
vt 0.255263 0.962839
vt 0.247005 0.978292
vt 0.251488 0.960315
vt 0.240371 0.973862
vt 0.248275 0.957105
vt 0.234732 0.968221
vt 0.245753 0.953329
vt 0.230300 0.961589
vt 0.244014 0.949133
vt 0.227247 0.954219
vt 0.243129 0.944677
vt 0.225690 0.946396
vt 0.243128 0.940137
vt 0.225689 0.938421
vt 0.244014 0.935683
vt 0.226877 0.930276
vt 0.245654 0.931408
vt 0.229541 0.922413
vt 0.248085 0.927555
vt 0.233746 0.915795
vt 0.251388 0.924421
vt 0.239416 0.910379
vt 0.255260 0.921977
vt 0.246614 0.906224
vt 0.259456 0.920239
vt 0.254369 0.903470
vt 0.263911 0.919352
vt 0.262193 0.901912
vt 0.268452 0.919352
vt 0.270169 0.901912
vt 0.272906 0.920239
vt 0.277993 0.903468
vt 0.277102 0.921975
vt 0.285362 0.906520
vt 0.280879 0.924497
vt 0.291994 0.910952
vt 0.284090 0.927709
vt 0.297636 0.916592
vt 0.286612 0.931486
vt 0.302068 0.923223
vt 0.288351 0.935681
vt 0.305120 0.930592
vt 0.289237 0.940135
vt 0.306677 0.938415
vt 0.289237 0.944678
vt 0.306677 0.946394
vt 0.288351 0.949131
vt 0.305121 0.954217
vt 0.286614 0.953327
vt 0.302069 0.961586
vt 0.861454 0.630386
vt 0.856317 0.631055
vt 0.865284 0.345161
vt 0.871709 0.344605
vt 0.935677 0.751504
vt 0.937447 0.682454
vt 0.930802 0.750347
vt 0.933074 0.683412
vt 0.926208 0.748227
vt 0.928903 0.684210
vt 0.922070 0.745226
vt 0.925098 0.684816
vt 0.015400 0.671619
vt 0.019944 0.671736
vt 0.070035 0.724879
vt 0.069301 0.728903
vt 0.024893 0.671914
vt 0.070849 0.720559
vt 0.030059 0.672148
vt 0.071710 0.716107
vt 0.035241 0.672428
vt 0.072587 0.711696
vt 0.040242 0.672742
vt 0.073445 0.707495
vt 0.044869 0.673080
vt 0.074251 0.703664
vt 0.048943 0.673428
vt 0.074975 0.700351
vt 0.245965 0.719975
vt 0.242744 0.723950
vt 0.214683 0.727709
vt 0.214553 0.724482
vt 0.240363 0.728497
vt 0.214789 0.731495
vt 0.238912 0.733444
vt 0.214909 0.735686
vt 0.238447 0.738595
vt 0.214996 0.740131
vt 0.238986 0.743760
vt 0.214974 0.744685
vt 0.240509 0.748733
vt 0.214917 0.749147
vt 0.242957 0.753330
vt 0.214869 0.753335
vt 0.246236 0.757369
vt 0.214789 0.757099
vt 0.250220 0.760694
vt 0.214683 0.760299
vt 0.254755 0.763184
vt 0.214553 0.762805
vt 0.755509 0.240307
vt 0.760158 0.238409
vt 0.725387 0.274176
vt 0.724621 0.272105
vt 0.765166 0.237153
vt 0.726335 0.276959
vt 0.770341 0.236588
vt 0.727429 0.280343
vt 0.775485 0.236736
vt 0.728627 0.284201
vt 0.780399 0.237594
vt 0.729882 0.288382
vt 0.784894 0.239122
vt 0.731147 0.292729
vt 0.788798 0.241267
vt 0.732371 0.297071
vt 0.791961 0.243947
vt 0.733510 0.301243
vt 0.794261 0.247054
vt 0.734519 0.305086
vt 0.950109 0.748942
vt 0.950109 0.679009
vt 0.011437 0.671568
vt 0.022215 0.384105
vt 0.027146 0.384168
vt 0.696516 0.838922
vt 0.691602 0.838070
vt 0.678867 0.550231
vt 0.684982 0.551293
vt 0.851362 0.631557
vt 0.859072 0.345472
vt 0.879914 0.626635
vt 0.875984 0.627665
vt 0.889697 0.340557
vt 0.894586 0.339275
vt 0.686471 0.837330
vt 0.672486 0.549311
vt 0.846776 0.631874
vt 0.853359 0.345792
vt 0.871480 0.628658
vt 0.884103 0.341865
vt 0.681327 0.836733
vt 0.666080 0.548568
vt 0.842738 0.631991
vt 0.848336 0.345939
vt 0.866572 0.629577
vt 0.878040 0.343323
vt 0.676360 0.836301
vt 0.659904 0.548032
vt 0.839406 0.631907
vt 0.844186 0.345834
vt 0.671768 0.836053
vt 0.654190 0.547722
vt 0.758673 0.063183
vt 0.764786 0.064246
vt 0.667722 0.835995
vt 0.649157 0.547650
vt 0.752273 0.062997
vt 0.063809 0.385985
vt 0.068879 0.386418
vt 0.745834 0.063700
vt 0.058053 0.385565
vt 0.739603 0.065262
vt 0.051832 0.385173
vt 0.733820 0.067625
vt 0.045384 0.384825
vt 0.751398 0.242777
vt 0.728705 0.070696
vt 0.038957 0.384535
vt 0.708175 0.841827
vt 0.704968 0.840839
vt 0.695494 0.553676
vt 0.699488 0.554907
vt 0.032799 0.384313
vt 0.701031 0.839858
vt 0.690596 0.552456
vt 0.266746 0.740554
vt 0.267265 0.747970
vt 0.255780 0.748697
vt 0.255260 0.741280
vt 0.264355 0.857980
vt 0.269614 0.863240
vt 0.250338 0.886731
vt 0.240867 0.877257
vt 0.729469 0.737907
vt 0.722585 0.738035
vt 0.722585 0.726443
vt 0.729469 0.726314
vt 0.780097 0.037107
vt 0.778091 0.029971
vt 0.789231 0.026771
vt 0.791237 0.033907
vt 0.267938 0.755195
vt 0.256452 0.755922
vt 0.716381 0.738228
vt 0.716381 0.726635
vt 0.776110 0.023102
vt 0.787250 0.019902
vt 0.711101 0.738476
vt 0.711101 0.726883
vt 0.774229 0.016761
vt 0.785369 0.013561
vt 0.020120 0.296585
vt 0.019001 0.302022
vt 0.007619 0.299802
vt 0.008738 0.294365
vt 0.772521 0.011193
vt 0.783661 0.007994
vt 0.017756 0.308309
vt 0.006374 0.306089
vt 0.771052 0.006616
vt 0.782192 0.003416
vt 0.016433 0.315206
vt 0.005052 0.312986
vt 0.769878 0.003200
vt 0.781018 -0.000000
vt 0.015084 0.322446
vt 0.003702 0.320226
vt 0.773865 0.738858
vt 0.769761 0.738553
vt 0.769761 0.726960
vt 0.773865 0.727265
vt 0.013758 0.329752
vt 0.002376 0.327532
vt 0.764524 0.738291
vt 0.764524 0.726698
vt 0.012508 0.336843
vt 0.001126 0.334623
vt 0.758359 0.738082
vt 0.758359 0.726490
vt 0.011382 0.343446
vt -0.000000 0.341226
vt 0.751498 0.737935
vt 0.751498 0.726343
vt 0.268738 0.761955
vt 0.257253 0.762682
vt 0.266273 0.719975
vt 0.266240 0.726282
vt 0.254755 0.727008
vt 0.254788 0.720702
vt 0.744210 0.737855
vt 0.744210 0.726263
vt 0.785503 0.057378
vt 0.783875 0.051079
vt 0.795015 0.047879
vt 0.796642 0.054178
vt 0.266399 0.733229
vt 0.254914 0.733955
vt 0.736769 0.737846
vt 0.736769 0.726253
vt 0.782050 0.044233
vt 0.793190 0.041033
vt 0.223496 0.910880
vt 0.223496 0.924144
vt 0.215315 0.924345
vt 0.215315 0.911081
vt 0.304693 0.797600
vt 0.297400 0.796147
vt 0.300378 0.765904
vt 0.313514 0.768517
vt 0.275797 0.867372
vt 0.261474 0.894171
vt 0.289963 0.796149
vt 0.286985 0.765904
vt 0.282668 0.870219
vt 0.273847 0.899298
vt 0.282668 0.797601
vt 0.273849 0.768518
vt 0.289962 0.871672
vt 0.286983 0.901912
vt 0.275798 0.800447
vt 0.261475 0.773643
vt 0.297398 0.871670
vt 0.300377 0.901912
vt 0.269614 0.804580
vt 0.250339 0.781087
vt 0.304693 0.870218
vt 0.313513 0.899297
vt 0.264356 0.809837
vt 0.240868 0.790559
vt 0.311563 0.867372
vt 0.325887 0.894172
vt 0.260223 0.816023
vt 0.233427 0.801696
vt 0.331434 0.837630
vt 0.331435 0.830190
vt 0.361673 0.827210
vt 0.361673 0.840605
vt 0.317747 0.863239
vt 0.337023 0.886729
vt 0.257377 0.822895
vt 0.228302 0.814072
vt 0.329984 0.822895
vt 0.359060 0.814072
vt 0.323006 0.857982
vt 0.346493 0.877257
vt 0.255927 0.830192
vt 0.225689 0.827210
vt 0.327139 0.816022
vt 0.353935 0.801696
vt 0.327138 0.851796
vt 0.353934 0.866119
vt 0.255926 0.837629
vt 0.225689 0.840606
vt 0.323006 0.809839
vt 0.346494 0.790559
vt 0.329984 0.844924
vt 0.359059 0.853744
vt 0.257377 0.844924
vt 0.228301 0.853744
vt 0.317748 0.804579
vt 0.337024 0.781085
vt 0.260223 0.851797
vt 0.233427 0.866119
vt 0.311564 0.800447
vt 0.325888 0.773644
vt 0.379630 0.843757
vt 0.377017 0.830619
vt 0.377017 0.817225
vt 0.379629 0.804087
vt 0.384754 0.791711
vt 0.392196 0.780575
vt 0.401667 0.771103
vt 0.412803 0.763662
vt 0.425177 0.758537
vt 0.438313 0.755926
vt 0.451707 0.755926
vt 0.464844 0.758541
vt 0.477218 0.763668
vt 0.488354 0.771111
vt 0.497826 0.780583
vt 0.505267 0.791722
vt 0.510393 0.804098
vt 0.513006 0.817236
vt 0.513006 0.830631
vt 0.510393 0.843768
vt 0.505268 0.856144
vt 0.497827 0.867280
vt 0.488357 0.876752
vt 0.477220 0.884193
vt 0.464847 0.889318
vt 0.451709 0.891930
vt 0.438316 0.891929
vt 0.425179 0.889314
vt 0.412805 0.884187
vt 0.401668 0.876744
vt 0.392198 0.867272
vt 0.384756 0.856133
vt 0.708175 0.604640
vt 0.708680 0.597244
vt 0.716846 0.597220
vt 0.716342 0.604615
vt 0.223561 0.937516
vt 0.215380 0.937717
vt 0.709094 0.587810
vt 0.717260 0.587785
vt 0.223689 0.950482
vt 0.215508 0.950684
vt 0.709401 0.576702
vt 0.717568 0.576678
vt 0.223875 0.962545
vt 0.215694 0.962746
vt 0.709591 0.564348
vt 0.717757 0.564324
vt 0.964133 0.351397
vt 0.964859 0.363630
vt 0.956710 0.363752
vt 0.955985 0.351519
vt 0.964859 0.287898
vt 0.964134 0.299233
vt 0.955985 0.299356
vt 0.956710 0.288020
vt 0.709655 0.551221
vt 0.717821 0.551196
vt 0.918613 0.519855
vt 0.918941 0.508142
vt 0.927123 0.508345
vt 0.926795 0.520057
vt 0.963687 0.311742
vt 0.955538 0.311864
vt 0.709591 0.537826
vt 0.717757 0.537801
vt 0.919198 0.495387
vt 0.927381 0.495590
vt 0.963536 0.324945
vt 0.955387 0.325067
vt 0.709401 0.524677
vt 0.717568 0.524652
vt 0.919375 0.482080
vt 0.927558 0.482283
vt 0.963687 0.338335
vt 0.955538 0.338457
vt 0.709094 0.512281
vt 0.717260 0.512256
vt 0.919466 0.468731
vt 0.927648 0.468933
vt 0.708680 0.501113
vt 0.716846 0.501089
vt 0.919466 0.455855
vt 0.927648 0.456058
vt 0.708175 0.491603
vt 0.716342 0.491578
vt 0.919375 0.443946
vt 0.927558 0.444147
vt 0.223875 0.876697
vt 0.223689 0.886692
vt 0.215508 0.886893
vt 0.215694 0.876898
vt 0.919198 0.433461
vt 0.927380 0.433663
vt 0.223561 0.898234
vt 0.215380 0.898435
vt 0.918941 0.424804
vt 0.927123 0.425006
vt 0.918613 0.418307
vt 0.926795 0.418510
vt 0.277183 0.739897
vt 0.276878 0.747116
vt 0.277258 0.754140
vt 0.278163 0.732799
vt 0.279780 0.726077
vt 0.281970 0.719975
vt 0.030330 0.341165
vt 0.026847 0.346584
vt 0.034136 0.335358
vt 0.038118 0.329385
vt 0.042125 0.323474
vt 0.046001 0.317855
vt 0.049599 0.312742
vt 0.052779 0.308332
vt 0.717599 0.774536
vt 0.712455 0.772940
vt 0.723628 0.775714
vt 0.730302 0.776430
vt 0.737373 0.776654
vt 0.744566 0.776380
vt 0.751605 0.775617
vt 0.758220 0.774395
vt 0.764152 0.772761
vt 0.769180 0.770777
vt 0.773106 0.768520
vt 0.746243 0.016964
vt 0.742585 0.014785
vt 0.750286 0.020225
vt 0.754561 0.024440
vt 0.758902 0.029450
vt 0.763142 0.035060
vt 0.767120 0.041056
vt 0.770680 0.047206
vt 0.773692 0.053297
vt 0.776046 0.059144
vt 0.278303 0.760644
vt 0.198386 0.888844
vt 0.199147 0.881683
vt 0.205214 0.881931
vt 0.204664 0.888854
vt 0.867353 0.314442
vt 0.874128 0.312912
vt 0.874545 0.317472
vt 0.867969 0.318741
vt 0.201200 0.874793
vt 0.206483 0.875270
vt 0.880543 0.310708
vt 0.880838 0.316006
vt 0.204354 0.868441
vt 0.208231 0.869127
vt 0.886380 0.308106
vt 0.886632 0.314605
vt 0.208559 0.862875
vt 0.210513 0.863742
vt 0.891392 0.305086
vt 0.891689 0.313192
vt 0.213683 0.858304
vt 0.213294 0.859319
vt 0.023632 0.349417
vt 0.028605 0.347362
vt 0.028579 0.357584
vt 0.023462 0.357625
vt 0.034309 0.345098
vt 0.034447 0.357615
vt 0.040524 0.342710
vt 0.040838 0.357715
vt 0.047011 0.340290
vt 0.047508 0.357881
vt 0.053522 0.337932
vt 0.054200 0.358106
vt 0.059805 0.335726
vt 0.060658 0.358381
vt 0.065619 0.333758
vt 0.066632 0.358696
vt 0.070742 0.332101
vt 0.071893 0.359041
vt 0.055419 0.304795
vt 0.074975 0.330820
vt 0.654374 0.494217
vt 0.659994 0.492646
vt 0.657070 0.520317
vt 0.651841 0.520328
vt 0.726270 0.802223
vt 0.720318 0.799504
vt 0.666294 0.491756
vt 0.663004 0.520575
vt 0.732800 0.803887
vt 0.673028 0.491578
vt 0.669417 0.521093
vt 0.739662 0.804433
vt 0.679939 0.492121
vt 0.676060 0.521850
vt 0.746586 0.803839
vt 0.686759 0.493364
vt 0.682676 0.522817
vt 0.753316 0.802129
vt 0.693233 0.495259
vt 0.689014 0.523957
vt 0.759583 0.799368
vt 0.699102 0.497732
vt 0.694828 0.525227
vt 0.765151 0.795663
vt 0.704148 0.500689
vt 0.699896 0.526577
vt 0.769808 0.791155
vt 0.708175 0.504017
vt 0.704025 0.527956
vt 0.773373 0.786018
vt 0.724621 0.031867
vt 0.729841 0.030370
vt 0.730042 0.047603
vt 0.724728 0.050701
vt 0.735757 0.029790
vt 0.736050 0.045246
vt 0.742141 0.030144
vt 0.742522 0.043724
vt 0.748749 0.031425
vt 0.749210 0.043092
vt 0.755326 0.033577
vt 0.755856 0.043378
vt 0.761619 0.036523
vt 0.762205 0.044567
vt 0.213683 0.919364
vt 0.208559 0.914801
vt 0.210513 0.913935
vt 0.213294 0.918342
vt 0.767387 0.040148
vt 0.768013 0.046617
vt 0.839406 0.319890
vt 0.843725 0.320103
vt 0.204354 0.909241
vt 0.208231 0.908565
vt 0.841712 0.312244
vt 0.847346 0.313730
vt 0.848946 0.320035
vt 0.201200 0.902894
vt 0.206483 0.902432
vt 0.853659 0.314581
vt 0.854877 0.319746
vt 0.199147 0.896006
vt 0.205214 0.895778
vt 0.860423 0.314886
vt 0.861311 0.319378
vt 0.377017 0.929815
vt 0.378631 0.921698
vt 0.381801 0.914049
vt 0.386400 0.907164
vt 0.392254 0.901313
vt 0.399138 0.896712
vt 0.406787 0.893543
vt 0.414907 0.891930
vt 0.423186 0.891930
vt 0.431305 0.893547
vt 0.438953 0.896715
vt 0.445837 0.901313
vt 0.451690 0.907168
vt 0.456290 0.914050
vt 0.459457 0.921701
vt 0.461071 0.929821
vt 0.461071 0.938100
vt 0.459457 0.946217
vt 0.456288 0.953867
vt 0.451688 0.960751
vt 0.445835 0.966603
vt 0.438950 0.971203
vt 0.431301 0.974372
vt 0.423182 0.975986
vt 0.414903 0.975986
vt 0.406784 0.974369
vt 0.399135 0.971203
vt 0.392252 0.966602
vt 0.386398 0.960748
vt 0.381798 0.953865
vt 0.378632 0.946215
vt 0.377017 0.938094
vt 0.922574 0.768661
vt 0.922469 0.761867
vt 0.937085 0.762063
vt 0.937190 0.768858
vt 0.649042 0.529736
vt 0.647878 0.534883
vt 0.574430 0.511817
vt 0.575018 0.507177
vt 0.504665 0.936749
vt 0.504764 0.944417
vt 0.490139 0.944456
vt 0.490040 0.936788
vt 0.922299 0.756123
vt 0.936915 0.756320
vt 0.504897 0.951328
vt 0.490272 0.951367
vt 0.922070 0.751652
vt 0.936687 0.751848
vt 0.772998 0.896409
vt 0.772506 0.903933
vt 0.757993 0.903821
vt 0.758484 0.896297
vt 0.361673 0.813190
vt 0.361911 0.809065
vt 0.376531 0.808975
vt 0.376293 0.813100
vt 0.772204 0.911987
vt 0.757690 0.911875
vt 0.362107 0.803620
vt 0.376727 0.803530
vt 0.772102 0.920257
vt 0.757350 0.920380
vt 0.362252 0.765181
vt 0.362107 0.757338
vt 0.376727 0.757248
vt 0.376873 0.765091
vt 0.362253 0.797061
vt 0.376873 0.796971
vt 0.772204 0.928433
vt 0.756482 0.928956
vt 0.361911 0.750160
vt 0.376531 0.750070
vt 0.362342 0.789642
vt 0.376962 0.789552
vt 0.772506 0.936197
vt 0.756194 0.936643
vt 0.361673 0.743924
vt 0.376293 0.743834
vt 0.362372 0.781652
vt 0.376992 0.781562
vt 0.772998 0.943247
vt 0.757260 0.943482
vt 0.504897 0.891930
vt 0.504764 0.897747
vt 0.490139 0.897786
vt 0.490272 0.891968
vt 0.362342 0.773392
vt 0.376962 0.773302
vt 0.922070 0.808467
vt 0.922299 0.800761
vt 0.937108 0.801285
vt 0.937800 0.809509
vt 0.504665 0.904602
vt 0.490040 0.904641
vt 0.922469 0.792613
vt 0.937085 0.792810
vt 0.504605 0.912232
vt 0.489979 0.912270
vt 0.922574 0.784335
vt 0.937190 0.784532
vt 0.504584 0.920341
vt 0.489958 0.920380
vt 0.922609 0.776249
vt 0.937225 0.776445
vt 0.504605 0.928620
vt 0.489979 0.928658
vt 0.539778 0.891737
vt 0.536446 0.895069
vt 0.522384 0.883534
vt 0.528236 0.877681
vt 0.543696 0.889117
vt 0.535119 0.873080
vt 0.548051 0.887312
vt 0.542768 0.869911
vt 0.552674 0.886392
vt 0.550888 0.868293
vt 0.557387 0.886392
vt 0.559166 0.868293
vt 0.562009 0.887311
vt 0.567286 0.869906
vt 0.566364 0.889115
vt 0.574936 0.873072
vt 0.570284 0.891731
vt 0.581819 0.877673
vt 0.573617 0.895065
vt 0.587675 0.883525
vt 0.576236 0.898984
vt 0.592275 0.890408
vt 0.578041 0.903337
vt 0.595444 0.898055
vt 0.578960 0.907962
vt 0.597060 0.906175
vt 0.578961 0.912676
vt 0.597061 0.914456
vt 0.578044 0.917296
vt 0.595828 0.922907
vt 0.576341 0.921734
vt 0.593053 0.931072
vt 0.573817 0.925734
vt 0.588685 0.937938
vt 0.570390 0.928988
vt 0.582806 0.943562
vt 0.566370 0.931525
vt 0.575346 0.947872
vt 0.562015 0.933330
vt 0.567298 0.950732
vt 0.557393 0.934250
vt 0.559178 0.952349
vt 0.552679 0.934250
vt 0.550900 0.952349
vt 0.548057 0.933331
vt 0.542780 0.950736
vt 0.543703 0.931527
vt 0.535132 0.947567
vt 0.539782 0.928911
vt 0.528248 0.942969
vt 0.536449 0.925577
vt 0.522392 0.937118
vt 0.533831 0.921658
vt 0.517792 0.930234
vt 0.532027 0.917303
vt 0.514622 0.922587
vt 0.531106 0.912680
vt 0.513006 0.914467
vt 0.531106 0.907967
vt 0.513006 0.906187
vt 0.532025 0.903343
vt 0.514618 0.898069
vt 0.533826 0.898990
vt 0.517786 0.890419
vt 0.766799 0.308312
vt 0.772061 0.307182
vt 0.759840 0.598123
vt 0.753470 0.599204
vt 0.645710 0.539731
vt 0.573805 0.516476
vt 0.642622 0.544091
vt 0.573166 0.520981
vt 0.638732 0.547794
vt 0.572539 0.525158
vt 0.634189 0.550702
vt 0.571947 0.528845
vt 0.629169 0.552697
vt 0.571413 0.531902
vt 0.623864 0.553709
vt 0.570958 0.534210
vt 0.064687 0.948041
vt 0.062735 0.943135
vt 0.062374 0.887166
vt 0.064687 0.886099
vt 0.059996 0.938503
vt 0.059373 0.888472
vt 0.056576 0.934323
vt 0.055804 0.889967
vt 0.052608 0.930755
vt 0.051803 0.891592
vt 0.048244 0.927936
vt 0.047521 0.893285
vt 0.043648 0.925976
vt 0.043125 0.894983
vt 0.039003 0.924947
vt 0.038782 0.896618
vt 0.034483 0.924891
vt 0.034600 0.898197
vt 0.871278 0.665817
vt 0.866637 0.664573
vt 0.865247 0.638259
vt 0.869189 0.638761
vt 0.861713 0.664314
vt 0.860844 0.637449
vt 0.856690 0.665049
vt 0.856234 0.636475
vt 0.851765 0.666750
vt 0.851642 0.635439
vt 0.847128 0.669353
vt 0.847193 0.634317
vt 0.842952 0.672756
vt 0.843059 0.633153
vt 0.839406 0.676831
vt 0.839406 0.631991
vt 0.114488 0.360129
vt 0.109317 0.360586
vt 0.147628 0.319402
vt 0.148549 0.323670
vt 0.103946 0.360957
vt 0.146676 0.314873
vt 0.098581 0.361227
vt 0.145730 0.310256
vt 0.093430 0.361386
vt 0.144826 0.305728
vt 0.088689 0.361428
vt 0.143998 0.301463
vt 0.084541 0.361352
vt 0.143280 0.297627
vt 0.081145 0.361160
vt 0.142697 0.294365
vt 0.646265 0.514471
vt 0.648220 0.519327
vt 0.575993 0.498679
vt 0.576344 0.495143
vt 0.649157 0.524482
vt 0.575546 0.502743
vt 0.744912 0.315179
vt 0.748102 0.313819
vt 0.731208 0.606464
vt 0.727388 0.608093
vt 0.157096 0.297090
vt 0.162101 0.298400
vt 0.177769 0.591096
vt 0.171769 0.589525
vt 0.777158 0.306245
vt 0.766022 0.597312
vt 0.752045 0.312399
vt 0.735937 0.604762
vt 0.167338 0.299608
vt 0.184048 0.592543
vt 0.781894 0.305538
vt 0.771720 0.596535
vt 0.756597 0.310971
vt 0.741377 0.602977
vt 0.172614 0.300665
vt 0.190372 0.593812
vt 0.786092 0.305086
vt 0.776749 0.595995
vt 0.761580 0.309591
vt 0.747275 0.601011
vt 0.177720 0.301535
vt 0.196493 0.594853
vt 0.103575 0.637826
vt 0.098603 0.637734
vt 0.182459 0.302179
vt 0.202174 0.595626
vt 0.109259 0.637775
vt 0.186656 0.302577
vt 0.207202 0.596102
vt 0.115435 0.637584
vt 0.190141 0.302711
vt 0.211381 0.596263
vt 0.121865 0.637260
vt 0.192785 0.302576
vt 0.214553 0.596103
vt 0.128303 0.636816
vt 0.608286 0.550633
vt 0.613218 0.552658
vt 0.624017 0.700012
vt 0.618105 0.697587
vt 0.134502 0.636267
vt 0.618478 0.553696
vt 0.630323 0.701256
vt 0.119260 0.359602
vt 0.140223 0.635636
vt 0.636780 0.701273
vt 0.123450 0.359027
vt 0.145246 0.634947
vt 0.643139 0.700062
vt 0.148549 0.294365
vt 0.152519 0.295728
vt 0.166285 0.587892
vt 0.161521 0.586258
vt 0.649157 0.697667
vt 0.177053 0.684464
vt 0.176921 0.677043
vt 0.188512 0.676848
vt 0.188643 0.684268
vt 0.900944 0.056983
vt 0.898100 0.050111
vt 0.924898 0.035788
vt 0.930021 0.048163
vt 0.711101 0.714685
vt 0.718017 0.714346
vt 0.718731 0.725914
vt 0.711815 0.726253
vt 0.087200 0.672701
vt 0.088268 0.678769
vt 0.076908 0.681098
vt 0.075840 0.675031
vt 0.176753 0.669667
vt 0.188344 0.669472
vt 0.725326 0.713908
vt 0.726040 0.725476
vt 0.089498 0.685512
vt 0.078137 0.687842
vt 0.732745 0.713388
vt 0.733459 0.724957
vt 0.090842 0.692672
vt 0.079482 0.695002
vt 0.739988 0.712808
vt 0.740702 0.724376
vt 0.092250 0.699976
vt 0.080890 0.702305
vt 0.746776 0.712188
vt 0.747490 0.723756
vt 0.093666 0.707139
vt 0.082306 0.709469
vt 0.752853 0.711553
vt 0.753567 0.723121
vt 0.095037 0.713890
vt 0.083677 0.716219
vt 0.757981 0.710926
vt 0.758695 0.722495
vt 0.096310 0.719966
vt 0.084950 0.722296
vt 0.761964 0.710334
vt 0.762678 0.721902
vt 0.742656 0.879978
vt 0.749315 0.881239
vt 0.747940 0.892665
vt 0.741280 0.891404
vt 0.177052 0.712798
vt 0.177143 0.709090
vt 0.188734 0.708894
vt 0.188643 0.712603
vt 0.756466 0.882373
vt 0.755091 0.893799
vt 0.177190 0.704199
vt 0.188780 0.704004
vt 0.763838 0.883336
vt 0.762463 0.894762
vt 0.176556 0.662622
vt 0.188146 0.662427
vt 0.177190 0.698307
vt 0.188780 0.698112
vt 0.771145 0.884091
vt 0.769769 0.895517
vt 0.176336 0.656173
vt 0.187927 0.655978
vt 0.177143 0.691641
vt 0.188734 0.691446
vt 0.778102 0.884609
vt 0.776727 0.896035
vt 0.176103 0.650575
vt 0.187694 0.650379
vt 0.784452 0.884871
vt 0.783077 0.896297
vt 0.086335 0.667544
vt 0.074975 0.669874
vt 0.948136 0.050214
vt 0.947799 0.040914
vt 0.955967 0.040942
vt 0.956303 0.050239
vt 0.840565 0.097328
vt 0.846750 0.101458
vt 0.832420 0.128261
vt 0.821284 0.120820
vt 0.893968 0.043929
vt 0.917459 0.024650
vt 0.853619 0.104305
vt 0.844793 0.133387
vt 0.888710 0.038669
vt 0.907989 0.015180
vt 0.860912 0.105757
vt 0.857930 0.135997
vt 0.882528 0.034537
vt 0.896856 0.007736
vt 0.868350 0.105756
vt 0.871323 0.135997
vt 0.875658 0.031690
vt 0.884483 0.002611
vt 0.875645 0.104304
vt 0.884460 0.133384
vt 0.868362 0.030240
vt 0.871346 0.000000
vt 0.882516 0.101459
vt 0.896835 0.128258
vt 0.860927 0.030238
vt 0.857953 0.000000
vt 0.888701 0.097326
vt 0.907970 0.120818
vt 0.831183 0.050114
vt 0.828336 0.056985
vt 0.799261 0.048165
vt 0.804389 0.035789
vt 0.853633 0.031690
vt 0.844816 0.002613
vt 0.893961 0.092066
vt 0.917443 0.111346
vt 0.826884 0.064280
vt 0.796645 0.061302
vt 0.846760 0.034538
vt 0.832441 0.007739
vt 0.898092 0.085883
vt 0.924886 0.100208
vt 0.826884 0.071717
vt 0.796642 0.074699
vt 0.840576 0.038669
vt 0.821303 0.015181
vt 0.900941 0.079010
vt 0.930014 0.087832
vt 0.828333 0.079011
vt 0.799254 0.087834
vt 0.835317 0.043929
vt 0.811832 0.024652
vt 0.902392 0.071717
vt 0.932630 0.074695
vt 0.831177 0.085884
vt 0.804377 0.100210
vt 0.902394 0.064278
vt 0.932631 0.061301
vt 0.835308 0.092068
vt 0.811816 0.111347
vt 0.930006 0.223837
vt 0.924881 0.236213
vt 0.917441 0.247349
vt 0.907972 0.256822
vt 0.896837 0.264266
vt 0.884464 0.269392
vt 0.871329 0.272004
vt 0.857937 0.272004
vt 0.844801 0.269394
vt 0.832428 0.264266
vt 0.821292 0.256824
vt 0.811822 0.247353
vt 0.804381 0.236215
vt 0.799256 0.223839
vt 0.796642 0.210703
vt 0.796643 0.197307
vt 0.799254 0.184168
vt 0.804379 0.171792
vt 0.811819 0.160652
vt 0.821289 0.151182
vt 0.832424 0.143739
vt 0.844796 0.138613
vt 0.857931 0.135997
vt 0.871323 0.135997
vt 0.884458 0.138611
vt 0.896832 0.143736
vt 0.907967 0.151181
vt 0.917437 0.160652
vt 0.924878 0.171790
vt 0.930004 0.184163
vt 0.932617 0.197302
vt 0.932618 0.210698
vt 0.958571 0.764084
vt 0.958777 0.775264
vt 0.950594 0.775113
vt 0.950388 0.763933
vt 0.947347 0.033677
vt 0.955515 0.033704
vt 0.074344 0.886244
vt 0.073483 0.898418
vt 0.065397 0.898273
vt 0.066258 0.886099
vt 0.909648 0.530453
vt 0.909914 0.523779
vt 0.918100 0.523708
vt 0.917834 0.530379
vt 0.072952 0.911449
vt 0.064866 0.911304
vt 0.910132 0.514970
vt 0.918318 0.514896
vt 0.072773 0.924832
vt 0.064687 0.924690
vt 0.910294 0.452782
vt 0.910132 0.440087
vt 0.918317 0.440013
vt 0.918480 0.452708
vt 0.910294 0.504361
vt 0.918480 0.504287
vt 0.072952 0.938058
vt 0.064866 0.937914
vt 0.909914 0.428471
vt 0.918100 0.428397
vt 0.910393 0.492361
vt 0.918579 0.492287
vt 0.073483 0.950617
vt 0.065397 0.950472
vt 0.909648 0.418378
vt 0.917834 0.418307
vt 0.910427 0.479429
vt 0.918613 0.479358
vt 0.074344 0.962026
vt 0.066258 0.961881
vt 0.958777 0.679161
vt 0.958571 0.688577
vt 0.950388 0.688425
vt 0.950594 0.679010
vt 0.910393 0.466067
vt 0.918579 0.465993
vt 0.947347 0.125614
vt 0.947799 0.113150
vt 0.955967 0.113177
vt 0.955515 0.125642
vt 0.958418 0.699670
vt 0.950235 0.699518
vt 0.948135 0.099969
vt 0.956303 0.099995
vt 0.958323 0.712014
vt 0.950141 0.711862
vt 0.948343 0.086578
vt 0.956510 0.086605
vt 0.958292 0.725135
vt 0.950109 0.724984
vt 0.948413 0.073491
vt 0.956580 0.073518
vt 0.958323 0.738529
vt 0.950141 0.738377
vt 0.948343 0.061212
vt 0.956510 0.061240
vt 0.958418 0.751681
vt 0.950235 0.751529
vt 0.166650 0.684495
vt 0.167340 0.677311
vt 0.167447 0.670155
vt 0.165395 0.691415
vt 0.163628 0.697813
vt 0.161421 0.703453
vt 0.158858 0.708120
vt 0.156038 0.711629
vt 0.756998 0.686938
vt 0.760682 0.689257
vt 0.752204 0.684650
vt 0.746486 0.682483
vt 0.740065 0.680519
vt 0.733186 0.678834
vt 0.726115 0.677492
vt 0.719123 0.676545
vt 0.712479 0.676030
vt 0.779960 0.845530
vt 0.786093 0.846070
vt 0.773214 0.845316
vt 0.766113 0.845434
vt 0.758931 0.845881
vt 0.751945 0.846639
vt 0.745422 0.847680
vt 0.123175 0.704030
vt 0.126790 0.708918
vt 0.119262 0.698576
vt 0.115202 0.692763
vt 0.111151 0.686816
vt 0.107264 0.680964
vt 0.103691 0.675432
vt 0.100569 0.670431
vt 0.098017 0.666154
vt 0.165957 0.657121
vt 0.164389 0.651671
vt 0.166987 0.663354
vt 0.709018 0.611457
vt 0.711349 0.604640
vt 0.717194 0.606202
vt 0.715123 0.612830
vt 0.760274 0.628882
vt 0.753653 0.630972
vt 0.752863 0.626463
vt 0.759304 0.624649
vt 0.199993 0.698153
vt 0.198756 0.705195
vt 0.193701 0.705587
vt 0.193701 0.698730
vt 0.747460 0.633709
vt 0.746735 0.628457
vt 0.193702 0.698153
vt 0.193702 0.705244
vt 0.189937 0.706362
vt 0.188780 0.700087
vt 0.741884 0.636800
vt 0.741103 0.630350
vt 0.192408 0.712097
vt 0.190275 0.712194
vt 0.737173 0.640246
vt 0.736218 0.632199
vt 0.189845 0.718467
vt 0.189732 0.717381
vt 0.733520 0.643963
vt 0.732279 0.633990
vt 0.154297 0.706406
vt 0.159559 0.702404
vt 0.731060 0.647813
vt 0.729435 0.635653
vt 0.724620 0.609585
vt 0.148549 0.709248
vt 0.763826 0.686708
vt 0.762934 0.681230
vt 0.770811 0.677066
vt 0.770316 0.683361
vt 0.786093 0.671933
vt 0.785539 0.678031
vt 0.760891 0.675565
vt 0.770251 0.670550
vt 0.785631 0.665621
vt 0.757778 0.669931
vt 0.768657 0.664064
vt 0.784174 0.659337
vt 0.753714 0.664544
vt 0.766092 0.657857
vt 0.781775 0.653324
vt 0.748852 0.659613
vt 0.762650 0.652168
vt 0.778526 0.647813
vt 0.743385 0.655325
vt 0.202529 0.647092
vt 0.197615 0.648895
vt 0.202276 0.623102
vt 0.206631 0.623166
vt 0.737519 0.651846
vt 0.191867 0.650005
vt 0.197045 0.622693
vt 0.731480 0.649309
vt 0.185503 0.650379
vt 0.191137 0.621952
vt 0.725501 0.647813
vt 0.178771 0.650004
vt 0.184781 0.620910
vt 0.772859 0.815018
vt 0.778864 0.815898
vt 0.171926 0.648892
vt 0.178219 0.619607
vt 0.766414 0.815169
vt 0.165231 0.647086
vt 0.171708 0.618093
vt 0.759784 0.816347
vt 0.158949 0.644658
vt 0.165496 0.616426
vt 0.753219 0.818506
vt 0.153316 0.641698
vt 0.159822 0.614671
vt 0.746971 0.821562
vt 0.148549 0.638322
vt 0.154902 0.612894
vt 0.741280 0.825400
vt 0.147680 0.689139
vt 0.142586 0.687762
vt 0.143334 0.662850
vt 0.148549 0.662240
vt 0.136785 0.686023
vt 0.137395 0.663384
vt 0.130500 0.683991
vt 0.130961 0.663823
vt 0.123972 0.681743
vt 0.124277 0.664149
vt 0.117452 0.679365
vt 0.117601 0.664350
vt 0.111192 0.676949
vt 0.111191 0.664418
vt 0.105431 0.674587
vt 0.105291 0.664351
vt 0.717194 0.644635
vt 0.713202 0.639041
vt 0.715298 0.638627
vt 0.717046 0.643560
vt 0.100391 0.672371
vt 0.100128 0.664150
vt 0.710328 0.632678
vt 0.714252 0.632867
vt 0.786092 0.628999
vt 0.780321 0.627964
vt 0.778213 0.621819
vt 0.783450 0.621340
vt 0.708654 0.625785
vt 0.713897 0.626486
vt 0.773933 0.627623
vt 0.772295 0.622582
vt 0.708175 0.618611
vt 0.714128 0.619705
vt 0.767148 0.627870
vt 0.765893 0.623468
vt 0.074975 0.904623
vt 0.074976 0.896317
vt 0.076596 0.888170
vt 0.079774 0.880496
vt 0.084389 0.873590
vt 0.090261 0.867717
vt 0.097169 0.863103
vt 0.104843 0.859924
vt 0.112988 0.858304
vt 0.121296 0.858304
vt 0.129441 0.859924
vt 0.137117 0.863103
vt 0.144023 0.867718
vt 0.149895 0.873591
vt 0.154509 0.880497
vt 0.157688 0.888170
vt 0.159308 0.896317
vt 0.159307 0.904623
vt 0.157687 0.912770
vt 0.154509 0.920443
vt 0.149894 0.927350
vt 0.144021 0.933223
vt 0.137117 0.937838
vt 0.129443 0.941016
vt 0.121294 0.942636
vt 0.112990 0.942637
vt 0.104841 0.941016
vt 0.097169 0.937837
vt 0.090263 0.933223
vt 0.084388 0.927349
vt 0.079774 0.920443
vt 0.076595 0.912769
vt 0.057862 0.774070
vt 0.057892 0.765929
vt 0.072560 0.765873
vt 0.072530 0.774015
vt 0.178886 0.858304
vt 0.184273 0.858831
vt 0.185972 0.935531
vt 0.181289 0.935519
vt 0.269125 0.717584
vt 0.269379 0.710322
vt 0.284043 0.710496
vt 0.283790 0.717759
vt 0.057862 0.757624
vt 0.072530 0.757569
vt 0.269577 0.702414
vt 0.284242 0.702588
vt 0.057772 0.749469
vt 0.072441 0.749414
vt 0.269714 0.694164
vt 0.284379 0.694338
vt 0.057628 0.741783
vt 0.072296 0.741728
vt 0.269784 0.685887
vt 0.284449 0.686061
vt 0.057433 0.734858
vt 0.072101 0.734802
vt 0.269784 0.677901
vt 0.284650 0.677712
vt 0.755954 0.925725
vt 0.755995 0.934017
vt 0.741322 0.934069
vt 0.741280 0.925776
vt 0.057196 0.728958
vt 0.071864 0.728903
vt 0.269714 0.670515
vt 0.285514 0.669790
vt 0.756076 0.942057
vt 0.741403 0.942109
vt 0.756194 0.896297
vt 0.756076 0.902497
vt 0.741403 0.902549
vt 0.741520 0.896349
vt 0.269577 0.664011
vt 0.285956 0.663291
vt 0.756194 0.949536
vt 0.741520 0.949588
vt 0.755995 0.909655
vt 0.741322 0.909707
vt 0.269378 0.658639
vt 0.285185 0.658146
vt 0.337488 0.901912
vt 0.336995 0.908942
vt 0.322433 0.909073
vt 0.322927 0.902043
vt 0.755954 0.917498
vt 0.741280 0.917550
vt 0.269125 0.654606
vt 0.283992 0.654439
vt 0.336691 0.916701
vt 0.322129 0.916833
vt 0.057196 0.799049
vt 0.057433 0.794463
vt 0.072101 0.794408
vt 0.072049 0.799501
vt 0.336588 0.924890
vt 0.322027 0.925021
vt 0.057628 0.788616
vt 0.072296 0.788560
vt 0.336691 0.933191
vt 0.322129 0.933322
vt 0.057772 0.781731
vt 0.072441 0.781675
vt 0.336995 0.941291
vt 0.322433 0.941422
vt 0.337488 0.948872
vt 0.322927 0.949004
vt 0.712598 0.872625
vt 0.709973 0.868691
vt 0.724078 0.857118
vt 0.728692 0.864024
vt 0.714407 0.876994
vt 0.731870 0.871698
vt 0.715329 0.881633
vt 0.733489 0.879845
vt 0.715329 0.886361
vt 0.733490 0.888150
vt 0.714407 0.890999
vt 0.731867 0.896298
vt 0.712597 0.895367
vt 0.728687 0.903971
vt 0.709967 0.899300
vt 0.724073 0.910876
vt 0.706624 0.902644
vt 0.718198 0.916750
vt 0.702691 0.905270
vt 0.711292 0.921363
vt 0.698323 0.907079
vt 0.703617 0.924542
vt 0.693685 0.908001
vt 0.695470 0.926162
vt 0.688955 0.908002
vt 0.687165 0.926160
vt 0.684317 0.907079
vt 0.679020 0.924538
vt 0.679948 0.905268
vt 0.670942 0.921670
vt 0.675917 0.902722
vt 0.663448 0.917344
vt 0.672477 0.899458
vt 0.657545 0.911701
vt 0.669947 0.895446
vt 0.653166 0.904813
vt 0.668237 0.890995
vt 0.650391 0.896624
vt 0.667315 0.886357
vt 0.649157 0.888143
vt 0.667315 0.881628
vt 0.649157 0.879837
vt 0.668240 0.876989
vt 0.650777 0.871692
vt 0.670050 0.872620
vt 0.653957 0.864018
vt 0.672677 0.868689
vt 0.658574 0.857111
vt 0.676021 0.865346
vt 0.664446 0.851239
vt 0.679953 0.862719
vt 0.671354 0.846624
vt 0.684323 0.860908
vt 0.679027 0.843447
vt 0.688961 0.859986
vt 0.687174 0.841828
vt 0.693690 0.859988
vt 0.695481 0.841827
vt 0.698327 0.860911
vt 0.703627 0.843449
vt 0.702695 0.862721
vt 0.711300 0.846628
vt 0.706627 0.865349
vt 0.718206 0.851243
vt 0.805548 0.307072
vt 0.810866 0.308003
vt 0.822927 0.640557
vt 0.816618 0.639170
vt 0.189450 0.860394
vt 0.190438 0.935565
vt 0.194215 0.862932
vt 0.194514 0.935622
vt 0.198386 0.866347
vt 0.198043 0.935697
vt 0.716997 0.061115
vt 0.712989 0.060736
vt 0.654770 0.003333
vt 0.655192 0.000000
vt 0.708345 0.060420
vt 0.654227 0.007240
vt 0.703245 0.060183
vt 0.653584 0.011572
vt 0.697885 0.060032
vt 0.652867 0.016158
vt 0.692471 0.059970
vt 0.652102 0.020825
vt 0.687209 0.060004
vt 0.651318 0.025391
vt 0.682304 0.060134
vt 0.650547 0.029684
vt 0.677943 0.060347
vt 0.649817 0.033539
vt 0.674293 0.060644
vt 0.649157 0.036804
vt 0.564945 0.313617
vt 0.560267 0.314694
vt 0.556179 0.297195
vt 0.559966 0.294362
vt 0.555169 0.315696
vt 0.551931 0.299361
vt 0.549846 0.316584
vt 0.547368 0.300653
vt 0.461072 0.904228
vt 0.464948 0.905154
vt 0.465274 0.932401
vt 0.461760 0.930982
vt 0.469185 0.905125
vt 0.469238 0.934052
vt 0.473620 0.904141
vt 0.473437 0.935796
vt 0.478084 0.902241
vt 0.477773 0.937641
vt 0.482402 0.899497
vt 0.482083 0.939517
vt 0.486413 0.896016
vt 0.486197 0.941349
vt 0.489958 0.891929
vt 0.489958 0.943068
vt 0.473342 0.354936
vt 0.467926 0.355154
vt 0.512147 0.312612
vt 0.513006 0.316852
vt 0.462587 0.355020
vt 0.511356 0.308067
vt 0.457530 0.354540
vt 0.510662 0.303389
vt 0.452950 0.353736
vt 0.510093 0.298762
vt 0.449023 0.352635
vt 0.509670 0.294362
vt 0.159308 0.866347
vt 0.163512 0.862932
vt 0.167732 0.935622
vt 0.163957 0.935697
vt 0.168302 0.860394
vt 0.171991 0.935565
vt 0.173492 0.858831
vt 0.176568 0.935531
vt 0.700073 0.393817
vt 0.695284 0.393363
vt 0.539343 0.317885
vt 0.544502 0.317323
vt 0.529906 0.651572
vt 0.523742 0.652245
vt 0.815958 0.309044
vt 0.828964 0.642116
vt 0.786093 0.305086
vt 0.790294 0.305275
vt 0.798289 0.637686
vt 0.793270 0.637457
vt 0.536291 0.650688
vt 0.820632 0.310155
vt 0.834537 0.643517
vt 0.795061 0.305682
vt 0.803996 0.638100
vt 0.542651 0.649629
vt 0.824706 0.311298
vt 0.839406 0.644879
vt 0.800212 0.306289
vt 0.810200 0.638510
vt 0.548743 0.648432
vt 0.468620 0.686774
vt 0.463928 0.685459
vt 0.554331 0.647144
vt 0.474091 0.687734
vt 0.569021 0.312503
vt 0.559201 0.645813
vt 0.480134 0.688308
vt 0.658621 0.392643
vt 0.653411 0.392900
vt 0.486513 0.688468
vt 0.664482 0.392492
vt 0.492984 0.688209
vt 0.670768 0.392449
vt 0.478628 0.354378
vt 0.499300 0.687544
vt 0.677238 0.392521
vt 0.483580 0.353502
vt 0.505217 0.686494
vt 0.683642 0.392703
vt 0.488007 0.352335
vt 0.510507 0.685102
vt 0.689736 0.392985
vt 0.530358 0.318400
vt 0.534567 0.318250
vt 0.518036 0.652679
vt 0.513006 0.652858
vt 0.200376 0.662343
vt 0.200399 0.669366
vt 0.188803 0.669464
vt 0.188780 0.662440
vt 0.592012 0.763981
vt 0.584716 0.762531
vt 0.587694 0.732290
vt 0.600832 0.734904
vt 0.003620 0.740462
vt -0.000000 0.740452
vt 0.000977 0.728903
vt 0.004597 0.728913
vt 0.451390 0.718851
vt 0.451989 0.725783
vt 0.440599 0.727433
vt 0.440001 0.720501
vt 0.200443 0.676732
vt 0.188847 0.676830
vt 0.703520 0.489704
vt 0.704368 0.485684
vt 0.715808 0.487558
vt 0.714960 0.491578
vt 0.452807 0.733070
vt 0.441418 0.734720
vt 0.705351 0.480541
vt 0.716791 0.482415
vt 0.453816 0.740436
vt 0.442426 0.742086
vt 0.706432 0.474468
vt 0.717872 0.476342
vt 0.454974 0.747594
vt 0.443585 0.749245
vt 0.707569 0.467705
vt 0.719009 0.469579
vt 0.456239 0.754275
vt 0.444850 0.755926
vt 0.708718 0.460508
vt 0.720158 0.462382
vt 0.056219 0.744861
vt 0.049758 0.744081
vt 0.050735 0.732532
vt 0.057196 0.733312
vt 0.709836 0.453155
vt 0.721276 0.455029
vt 0.042716 0.743313
vt 0.043693 0.731764
vt 0.710878 0.445931
vt 0.722318 0.447805
vt 0.035360 0.742588
vt 0.036337 0.731039
vt 0.711806 0.439108
vt 0.723246 0.440982
vt 0.027977 0.741934
vt 0.028954 0.730385
vt 0.712583 0.432952
vt 0.724023 0.434826
vt 0.020849 0.741375
vt 0.021826 0.729826
vt 0.200508 0.684158
vt 0.188912 0.684255
vt 0.713181 0.427695
vt 0.724621 0.429569
vt 0.014249 0.740932
vt 0.015225 0.729383
vt 0.200590 0.691358
vt 0.188994 0.691455
vt 0.200399 0.650379
vt 0.200376 0.655932
vt 0.188780 0.656029
vt 0.188803 0.650477
vt 0.008432 0.740624
vt 0.009409 0.729075
vt 0.200686 0.698055
vt 0.189090 0.698153
vt 0.451036 0.712547
vt 0.439647 0.714197
vt 0.910804 0.364915
vt 0.910754 0.351519
vt 0.918931 0.351316
vt 0.918981 0.364709
vt 0.592014 0.836598
vt 0.598882 0.833754
vt 0.613207 0.860557
vt 0.600834 0.865682
vt 0.577279 0.762529
vt 0.574301 0.732287
vt 0.605066 0.829622
vt 0.624346 0.853115
vt 0.569985 0.763980
vt 0.561166 0.734899
vt 0.610326 0.824363
vt 0.633815 0.843644
vt 0.563113 0.766826
vt 0.548790 0.740025
vt 0.614457 0.818179
vt 0.641255 0.832509
vt 0.556932 0.770957
vt 0.537654 0.747465
vt 0.617305 0.811307
vt 0.646381 0.820132
vt 0.551673 0.776215
vt 0.528184 0.756935
vt 0.618754 0.804012
vt 0.648994 0.806995
vt 0.547542 0.782399
vt 0.520742 0.768073
vt 0.618754 0.796574
vt 0.648994 0.793601
vt 0.547542 0.818171
vt 0.551673 0.824356
vt 0.528185 0.843633
vt 0.520743 0.832495
vt 0.544693 0.789271
vt 0.515618 0.780447
vt 0.617303 0.789279
vt 0.646381 0.780461
vt 0.556933 0.829616
vt 0.537657 0.853106
vt 0.543244 0.796566
vt 0.513006 0.793585
vt 0.614456 0.782408
vt 0.641253 0.768086
vt 0.563116 0.833749
vt 0.548794 0.860549
vt 0.543245 0.804004
vt 0.513006 0.806980
vt 0.610325 0.776222
vt 0.633815 0.756947
vt 0.569986 0.836597
vt 0.561168 0.865676
vt 0.544695 0.811299
vt 0.515618 0.820119
vt 0.605066 0.770963
vt 0.624342 0.747474
vt 0.577282 0.838048
vt 0.574303 0.868292
vt 0.598882 0.766830
vt 0.613206 0.740032
vt 0.584719 0.838049
vt 0.587698 0.868292
vt 0.208348 0.810135
vt 0.203224 0.822512
vt 0.195780 0.833649
vt 0.186310 0.843121
vt 0.175175 0.850564
vt 0.162799 0.855690
vt 0.149664 0.858304
vt 0.136271 0.858304
vt 0.123136 0.855690
vt 0.110759 0.850563
vt 0.099625 0.843122
vt 0.090152 0.833649
vt 0.082712 0.822511
vt 0.077586 0.810136
vt 0.074975 0.796997
vt 0.074975 0.783602
vt 0.077588 0.770464
vt 0.082712 0.758088
vt 0.090153 0.746950
vt 0.099623 0.737478
vt 0.110761 0.730036
vt 0.123133 0.724909
vt 0.136272 0.722296
vt 0.149665 0.722296
vt 0.162800 0.724909
vt 0.175173 0.730035
vt 0.186311 0.737478
vt 0.195780 0.746950
vt 0.203221 0.758088
vt 0.208350 0.770464
vt 0.210961 0.783602
vt 0.210961 0.796997
vt 0.362164 0.903037
vt 0.362550 0.890285
vt 0.370716 0.890522
vt 0.370329 0.903273
vt 0.910606 0.338371
vt 0.918783 0.338168
vt 0.362816 0.876978
vt 0.370982 0.877214
vt 0.910366 0.325974
vt 0.918543 0.325771
vt 0.362951 0.863630
vt 0.371117 0.863866
vt 0.910042 0.314802
vt 0.918219 0.314599
vt 0.362952 0.850753
vt 0.371117 0.850989
vt 0.648938 0.915751
vt 0.648974 0.929124
vt 0.640788 0.929133
vt 0.640752 0.915759
vt 0.909648 0.305289
vt 0.917825 0.305086
vt 0.362816 0.838840
vt 0.370982 0.839079
vt 0.649043 0.942092
vt 0.640857 0.942101
vt 0.649144 0.868292
vt 0.649043 0.878291
vt 0.640857 0.878300
vt 0.640958 0.868301
vt 0.362550 0.828354
vt 0.370716 0.828590
vt 0.649144 0.954154
vt 0.640958 0.954163
vt 0.648974 0.889836
vt 0.640787 0.889844
vt 0.362164 0.819691
vt 0.370330 0.819930
vt 0.964926 0.212163
vt 0.964154 0.223510
vt 0.956023 0.223417
vt 0.956795 0.212070
vt 0.648938 0.902485
vt 0.640752 0.902494
vt 0.361673 0.813190
vt 0.369838 0.813426
vt 0.963679 0.236026
vt 0.955548 0.235933
vt 0.909648 0.418307
vt 0.910042 0.410918
vt 0.918219 0.410715
vt 0.917825 0.418105
vt 0.963518 0.249233
vt 0.955387 0.249140
vt 0.910366 0.401491
vt 0.918543 0.401288
vt 0.963679 0.262621
vt 0.955548 0.262528
vt 0.910606 0.390387
vt 0.918783 0.390185
vt 0.964154 0.275675
vt 0.956023 0.275582
vt 0.910754 0.378039
vt 0.918931 0.377836
vt 0.964926 0.287898
vt 0.956795 0.287802
vt 0.361673 0.914746
vt 0.369838 0.914985
vt 0.210766 0.662781
vt 0.209970 0.669586
vt 0.209744 0.676715
vt 0.212112 0.656557
vt 0.213948 0.651154
vt 0.697003 0.430416
vt 0.699704 0.426121
vt 0.693828 0.435476
vt 0.690301 0.441106
vt 0.686558 0.447086
vt 0.682742 0.453191
vt 0.679002 0.459179
vt 0.675479 0.464827
vt 0.672309 0.469916
vt 0.669614 0.474250
vt 0.667499 0.477660
vt 0.004964 0.779179
vt 0.001420 0.778324
vt 0.009636 0.779622
vt 0.015250 0.779635
vt 0.021595 0.779217
vt 0.028423 0.778385
vt 0.035476 0.777171
vt 0.042478 0.775621
vt 0.049167 0.773795
vt 0.055277 0.771763
vt 0.478132 0.741593
vt 0.482068 0.747131
vt 0.474299 0.735595
vt 0.470716 0.729359
vt 0.467521 0.723131
vt 0.464836 0.717149
vt 0.462765 0.711639
vt 0.210973 0.690860
vt 0.212412 0.697320
vt 0.210076 0.683901
vt 0.625455 0.898810
vt 0.626215 0.891647
vt 0.632279 0.891876
vt 0.631732 0.898799
vt 0.811763 0.669258
vt 0.804843 0.668698
vt 0.805806 0.664223
vt 0.812453 0.664970
vt 0.628267 0.884761
vt 0.633553 0.885221
vt 0.798074 0.668895
vt 0.799379 0.663750
vt 0.631423 0.878415
vt 0.635300 0.879090
vt 0.791750 0.669643
vt 0.793453 0.663365
vt 0.635630 0.872854
vt 0.637582 0.873720
vt 0.786093 0.671037
vt 0.788234 0.663213
vt 0.640752 0.868292
vt 0.640365 0.869315
vt 0.699934 0.428209
vt 0.695186 0.429828
vt 0.694820 0.419769
vt 0.699787 0.420136
vt 0.689680 0.431825
vt 0.689065 0.419500
vt 0.683626 0.434125
vt 0.682746 0.419334
vt 0.677257 0.436640
vt 0.676103 0.419284
vt 0.670819 0.439274
vt 0.669393 0.419346
vt 0.664558 0.441927
vt 0.662874 0.419517
vt 0.658715 0.444491
vt 0.656795 0.419796
vt 0.653515 0.446874
vt 0.651391 0.420167
vt 0.649157 0.448980
vt 0.569021 0.698597
vt 0.564041 0.701664
vt 0.559161 0.674272
vt 0.564199 0.672808
vt 0.568054 0.723139
vt 0.562246 0.727184
vt 0.558225 0.704266
vt 0.553375 0.675670
vt 0.555726 0.730127
vt 0.551797 0.706303
vt 0.547064 0.676950
vt 0.548741 0.731848
vt 0.545003 0.707696
vt 0.540469 0.678062
vt 0.541563 0.732287
vt 0.538106 0.708391
vt 0.533846 0.678966
vt 0.035139 0.806817
vt 0.029489 0.808232
vt 0.531370 0.708361
vt 0.527447 0.679624
vt 0.040955 0.804370
vt 0.525054 0.707610
vt 0.521520 0.680012
vt 0.046716 0.800987
vt 0.519401 0.706164
vt 0.516291 0.680115
vt 0.052201 0.796796
vt 0.511357 0.736969
vt 0.506032 0.736471
vt 0.507518 0.712668
vt 0.513006 0.711323
vt 0.057196 0.791958
vt 0.500085 0.735328
vt 0.501379 0.713641
vt 0.485955 0.751987
vt 0.493743 0.733577
vt 0.494827 0.714210
vt 0.487252 0.731291
vt 0.488112 0.714350
vt 0.480860 0.728556
vt 0.481492 0.714053
vt 0.474814 0.725478
vt 0.475224 0.713337
vt 0.469344 0.722174
vt 0.469546 0.712225
vt 0.640752 0.929353
vt 0.635630 0.924782
vt 0.637582 0.923914
vt 0.640365 0.928338
vt 0.464662 0.718769
vt 0.464678 0.710763
vt 0.631423 0.919214
vt 0.635300 0.918528
vt 0.835650 0.679009
vt 0.830687 0.675907
vt 0.831046 0.669412
vt 0.836080 0.670910
vt 0.628267 0.912863
vt 0.633553 0.912386
vt 0.824894 0.673210
vt 0.825273 0.667916
vt 0.626215 0.905974
vt 0.632279 0.905724
vt 0.818514 0.670897
vt 0.819005 0.666346
vt 0.995568 0.872439
vt 0.991302 0.878821
vt 0.985876 0.884250
vt 0.979493 0.888514
vt 0.972403 0.891452
vt 0.964876 0.892950
vt 0.957199 0.892951
vt 0.949672 0.891455
vt 0.942578 0.888517
vt 0.936197 0.884254
vt 0.930769 0.878826
vt 0.926505 0.872446
vt 0.923567 0.865355
vt 0.922068 0.857826
vt 0.922068 0.850151
vt 0.923562 0.842621
vt 0.926500 0.835530
vt 0.930766 0.829148
vt 0.936191 0.823720
vt 0.942571 0.819454
vt 0.949664 0.816517
vt 0.957193 0.815018
vt 0.964869 0.815018
vt 0.972396 0.816514
vt 0.979489 0.819452
vt 0.985871 0.823716
vt 0.991299 0.829142
vt 0.995563 0.835523
vt 0.998501 0.842614
vt 1.000000 0.850143
vt 1.000000 0.857818
vt 0.998502 0.865346
vt 0.899678 0.645884
vt 0.899583 0.653488
vt 0.886126 0.653551
vt 0.886221 0.645947
vt 0.621943 0.946590
vt 0.617984 0.947832
vt 0.618941 0.871218
vt 0.622428 0.869675
vt 0.933245 0.026023
vt 0.933162 0.018542
vt 0.946718 0.018508
vt 0.946800 0.025989
vt 0.899678 0.661150
vt 0.886221 0.661212
vt 0.933029 0.011544
vt 0.946584 0.011511
vt 0.899958 0.668570
vt 0.886501 0.668633
vt 0.932850 0.005294
vt 0.946405 0.005260
vt 0.900413 0.675469
vt 0.886956 0.675531
vt 0.932631 0.000034
vt 0.946186 -0.000000
vt 0.922068 0.950538
vt 0.922304 0.943704
vt 0.935856 0.943886
vt 0.935620 0.950720
vt 0.322027 0.901912
vt 0.321919 0.907814
vt 0.308179 0.907770
vt 0.308467 0.901948
vt 0.922618 0.907044
vt 0.922490 0.901201
vt 0.936042 0.901383
vt 0.936170 0.907226
vt 0.922490 0.936319
vt 0.936042 0.936501
vt 0.321844 0.914560
vt 0.307245 0.914532
vt 0.922304 0.896444
vt 0.935856 0.896626
vt 0.922618 0.928669
vt 0.936170 0.928851
vt 0.321806 0.921892
vt 0.306677 0.921688
vt 0.922068 0.892950
vt 0.935620 0.893133
vt 0.922683 0.921047
vt 0.936235 0.921229
vt 0.321806 0.929525
vt 0.307208 0.929206
vt 0.932631 0.064995
vt 0.932850 0.060540
vt 0.946405 0.060506
vt 0.946186 0.064961
vt 0.922683 0.913744
vt 0.936235 0.913926
vt 0.321844 0.937169
vt 0.308104 0.937097
vt 0.933029 0.054949
vt 0.946584 0.054915
vt 0.321919 0.944528
vt 0.308359 0.944563
vt 0.933162 0.048440
vt 0.946718 0.048406
vt 0.322027 0.951320
vt 0.308467 0.951355
vt 0.933245 0.041265
vt 0.946800 0.041231
vt 0.900413 0.631991
vt 0.899958 0.638625
vt 0.886501 0.638688
vt 0.886956 0.632054
vt 0.933272 0.033695
vt 0.946827 0.033661
vt 0.398598 0.727043
vt 0.402968 0.727019
vt 0.404714 0.743790
vt 0.397038 0.743834
vt 0.394307 0.726214
vt 0.389502 0.742376
vt 0.390260 0.724565
vt 0.382394 0.739479
vt 0.386614 0.722157
vt 0.375988 0.735251
vt 0.383506 0.719084
vt 0.370531 0.729852
vt 0.381059 0.715464
vt 0.366231 0.723494
vt 0.379364 0.711436
vt 0.363254 0.716420
vt 0.378488 0.707155
vt 0.361716 0.708901
vt 0.378463 0.702784
vt 0.361673 0.701226
vt 0.379292 0.698493
vt 0.363128 0.693688
vt 0.380941 0.694447
vt 0.366026 0.686581
vt 0.383350 0.690801
vt 0.370255 0.680175
vt 0.386422 0.687693
vt 0.375653 0.674718
vt 0.390042 0.685247
vt 0.381976 0.669951
vt 0.394058 0.683429
vt 0.389121 0.666380
vt 0.398327 0.682438
vt 0.396474 0.664703
vt 0.402709 0.682531
vt 0.404020 0.664827
vt 0.407013 0.683479
vt 0.411755 0.666851
vt 0.411059 0.685129
vt 0.418925 0.670215
vt 0.414706 0.687537
vt 0.425331 0.674443
vt 0.417813 0.690609
vt 0.430789 0.679842
vt 0.420261 0.694230
vt 0.435088 0.686200
vt 0.421956 0.698257
vt 0.438065 0.693273
vt 0.422832 0.702539
vt 0.439604 0.700793
vt 0.422857 0.706910
vt 0.439647 0.708468
vt 0.422028 0.711201
vt 0.438191 0.716006
vt 0.420377 0.715246
vt 0.435293 0.723112
vt 0.417970 0.718893
vt 0.431064 0.729519
vt 0.414897 0.722000
vt 0.425667 0.734976
vt 0.411277 0.724447
vt 0.419309 0.739274
vt 0.407249 0.726144
vt 0.412234 0.742252
vt 0.397251 0.675161
vt 0.392286 0.675606
vt 0.410133 0.333408
vt 0.416578 0.333110
vt 0.613731 0.948156
vt 0.615121 0.872864
vt 0.609343 0.947548
vt 0.611121 0.874546
vt 0.604993 0.946033
vt 0.607091 0.876203
vt 0.600847 0.943668
vt 0.603189 0.877769
vt 0.597061 0.940546
vt 0.599563 0.879185
vt 0.308072 0.715008
vt 0.312581 0.715499
vt 0.357052 0.762010
vt 0.356482 0.765904
vt 0.317427 0.715877
vt 0.357782 0.757844
vt 0.322424 0.716128
vt 0.358644 0.753568
vt 0.327381 0.716239
vt 0.359605 0.749346
vt 0.332106 0.716212
vt 0.360628 0.745338
vt 0.336418 0.716044
vt 0.361673 0.741701
vt 0.796642 0.303848
vt 0.799547 0.299774
vt 0.826437 0.299992
vt 0.826729 0.303848
vt 0.801619 0.295241
vt 0.826144 0.295813
vt 0.802779 0.290421
vt 0.825823 0.291448
vt 0.802981 0.285501
vt 0.825527 0.287088
vt 0.802219 0.280669
vt 0.825336 0.282941
vt 0.800522 0.276112
vt 0.825188 0.279127
vt 0.797955 0.272004
vt 0.825048 0.275768
vt 0.596425 0.439028
vt 0.599782 0.439201
vt 0.573845 0.464095
vt 0.573243 0.461158
vt 0.603799 0.439315
vt 0.574515 0.467590
vt 0.608324 0.439373
vt 0.575227 0.471510
vt 0.613181 0.439366
vt 0.575954 0.475707
vt 0.618184 0.439295
vt 0.576668 0.480017
vt 0.623140 0.439164
vt 0.577342 0.484274
vt 0.627859 0.438981
vt 0.577949 0.488315
vt 0.632161 0.438748
vt 0.578467 0.491985
vt 0.635878 0.438476
vt 0.578875 0.495143
vt 0.379196 0.675944
vt 0.383082 0.676005
vt 0.387502 0.675889
vt 0.625454 0.944477
vt 0.625454 0.868292
vt 0.304074 0.714426
vt 0.300741 0.713768
vt 0.309416 0.383007
vt 0.313726 0.383856
vt 0.260977 0.718184
vt 0.256240 0.717400
vt 0.244285 0.372371
vt 0.250410 0.373385
vt 0.403916 0.333456
vt 0.415143 0.672201
vt 0.411326 0.673064
vt 0.434711 0.329731
vt 0.439647 0.328615
vt 0.251298 0.716730
vt 0.237894 0.371505
vt 0.398194 0.333530
vt 0.406957 0.673866
vt 0.429069 0.330839
vt 0.246341 0.716201
vt 0.231485 0.370821
vt 0.393169 0.333452
vt 0.402205 0.674572
vt 0.422955 0.332072
vt 0.241559 0.715835
vt 0.225303 0.370348
vt 0.619458 0.094219
vt 0.624264 0.093868
vt 0.237137 0.715641
vt 0.219586 0.370100
vt 0.613896 0.094519
vt 0.233244 0.715633
vt 0.214553 0.370087
vt 0.607795 0.094760
vt 0.349969 0.386166
vt 0.355545 0.385949
vt 0.601386 0.094926
vt 0.343860 0.386204
vt 0.594918 0.095018
vt 0.337451 0.386056
vt 0.588638 0.095027
vt 0.330990 0.385734
vt 0.582789 0.094955
vt 0.324724 0.385245
vt 0.577594 0.094806
vt 0.318895 0.384612
vt 0.269125 0.719975
vt 0.265328 0.719054
vt 0.256035 0.374509
vt 0.260944 0.375700
vt 0.022751 0.913339
vt 0.022615 0.906266
vt 0.034205 0.906240
vt 0.034341 0.913313
vt 0.824756 0.771084
vt 0.830014 0.776344
vt 0.810737 0.799833
vt 0.801267 0.790360
vt 0.021170 0.819851
vt 0.013764 0.819927
vt 0.013712 0.808330
vt 0.021118 0.808254
vt 0.637292 0.059830
vt 0.636664 0.054445
vt 0.648103 0.052562
vt 0.648731 0.057948
vt 0.022441 0.899773
vt 0.034031 0.899747
vt 0.006633 0.820053
vt 0.006581 0.808457
vt 0.635859 0.048185
vt 0.647298 0.046303
vt 0.000052 0.820226
vt 0.000000 0.808630
vt 0.634909 0.041297
vt 0.646347 0.039414
vt 0.306246 0.296723
vt 0.304533 0.302929
vt 0.293270 0.300568
vt 0.294983 0.294362
vt 0.633849 0.034039
vt 0.645287 0.032156
vt 0.302868 0.309763
vt 0.291605 0.307402
vt 0.632719 0.026688
vt 0.644157 0.024806
vt 0.301314 0.316967
vt 0.290051 0.314606
vt 0.631565 0.019537
vt 0.643003 0.017655
vt 0.299932 0.324261
vt 0.288668 0.321900
vt 0.630429 0.012851
vt 0.641867 0.010969
vt 0.298774 0.331366
vt 0.287511 0.329005
vt 0.629355 0.006889
vt 0.640794 0.005006
vt 0.297885 0.338009
vt 0.286622 0.335648
vt 0.628386 0.001882
vt 0.639824 -0.000000
vt 0.022844 0.941922
vt 0.022893 0.935297
vt 0.034483 0.935271
vt 0.034435 0.941896
vt 0.047931 0.820081
vt 0.042210 0.819945
vt 0.042158 0.808349
vt 0.047878 0.808484
vt 0.022237 0.894115
vt 0.033827 0.894089
vt 0.022893 0.928141
vt 0.034483 0.928115
vt 0.035672 0.819860
vt 0.035620 0.808264
vt 0.022010 0.889505
vt 0.033600 0.889479
vt 0.022845 0.920726
vt 0.034435 0.920700
vt 0.028569 0.819828
vt 0.028516 0.808232
vt 0.021769 0.886125
vt 0.033359 0.886099
vt 0.637719 0.064135
vt 0.649157 0.062253
vt 0.963500 0.173493
vt 0.963668 0.186861
vt 0.955555 0.187073
vt 0.955387 0.173703
vt 0.865096 0.710706
vt 0.857803 0.709254
vt 0.860781 0.679010
vt 0.873918 0.681624
vt 0.836195 0.780477
vt 0.821871 0.807276
vt 0.850364 0.709254
vt 0.847390 0.679010
vt 0.843067 0.783324
vt 0.834245 0.812403
vt 0.843073 0.710704
vt 0.834255 0.681622
vt 0.850360 0.784775
vt 0.847378 0.815017
vt 0.836202 0.713551
vt 0.821879 0.686747
vt 0.857796 0.784776
vt 0.860773 0.815018
vt 0.830016 0.717683
vt 0.810744 0.694189
vt 0.865090 0.783325
vt 0.873908 0.812405
vt 0.824757 0.722942
vt 0.801272 0.703660
vt 0.871961 0.780479
vt 0.886281 0.807280
vt 0.820627 0.729127
vt 0.793832 0.714798
vt 0.891832 0.750736
vt 0.891833 0.743298
vt 0.922071 0.740320
vt 0.922071 0.753715
vt 0.878144 0.776347
vt 0.897419 0.799839
vt 0.817780 0.735998
vt 0.788707 0.727174
vt 0.890385 0.736003
vt 0.919459 0.727182
vt 0.883403 0.771088
vt 0.906887 0.790366
vt 0.816328 0.743293
vt 0.786093 0.740312
vt 0.887539 0.729131
vt 0.914334 0.714805
vt 0.887536 0.764903
vt 0.914331 0.779229
vt 0.816327 0.750732
vt 0.786093 0.753707
vt 0.883408 0.722945
vt 0.906896 0.703667
vt 0.890380 0.758032
vt 0.919456 0.766854
vt 0.817778 0.758027
vt 0.788704 0.766846
vt 0.878149 0.717686
vt 0.897426 0.694194
vt 0.820624 0.764899
vt 0.793829 0.779222
vt 0.871964 0.713553
vt 0.886289 0.686752
vt 0.786093 0.889715
vt 0.786093 0.876320
vt 0.788705 0.863182
vt 0.793829 0.850807
vt 0.801269 0.839669
vt 0.810738 0.830198
vt 0.821875 0.822757
vt 0.834246 0.817631
vt 0.847382 0.815018
vt 0.860775 0.815019
vt 0.873909 0.817633
vt 0.886284 0.822760
vt 0.897417 0.830203
vt 0.906890 0.839674
vt 0.914329 0.850813
vt 0.919455 0.863189
vt 0.922067 0.876327
vt 0.922068 0.889722
vt 0.919455 0.902861
vt 0.914332 0.915236
vt 0.906891 0.926374
vt 0.897420 0.935845
vt 0.886286 0.943287
vt 0.873912 0.948413
vt 0.860778 0.951025
vt 0.847386 0.951025
vt 0.834249 0.948411
vt 0.821877 0.943284
vt 0.810740 0.935841
vt 0.801271 0.926368
vt 0.793831 0.915230
vt 0.788705 0.902854
vt 0.215501 0.795474
vt 0.215263 0.783261
vt 0.223442 0.783415
vt 0.223679 0.795624
vt 0.964164 0.199817
vt 0.956051 0.200027
vt 0.214943 0.772360
vt 0.223122 0.772511
vt 0.964970 0.211860
vt 0.956857 0.212070
vt 0.214553 0.763184
vt 0.222732 0.763338
vt 0.918981 0.405604
vt 0.919298 0.393678
vt 0.927483 0.393662
vt 0.927167 0.405591
vt 0.786093 0.726253
vt 0.785818 0.736555
vt 0.777645 0.736621
vt 0.777920 0.726320
vt 0.919717 0.329696
vt 0.919546 0.319501
vt 0.927731 0.319487
vt 0.927903 0.329682
vt 0.919546 0.380790
vt 0.927732 0.380776
vt 0.785629 0.748329
vt 0.777456 0.748395
vt 0.919297 0.311195
vt 0.927483 0.311181
vt 0.919717 0.367439
vt 0.927903 0.367424
vt 0.785532 0.761123
vt 0.777359 0.761189
vt 0.918981 0.305100
vt 0.927167 0.305086
vt 0.919805 0.354135
vt 0.927990 0.354121
vt 0.785532 0.774445
vt 0.777360 0.774511
vt 0.214553 0.876546
vt 0.214943 0.868767
vt 0.223122 0.868918
vt 0.222732 0.876697
vt 0.919805 0.341391
vt 0.927990 0.341377
vt 0.785629 0.787784
vt 0.777456 0.787850
vt 0.215263 0.859008
vt 0.223441 0.859159
vt 0.785818 0.800627
vt 0.777645 0.800693
vt 0.215501 0.847646
vt 0.223679 0.847800
vt 0.786093 0.812480
vt 0.777920 0.812547
vt 0.215647 0.835121
vt 0.223825 0.835272
vt 0.964970 0.135997
vt 0.964164 0.147562
vt 0.956051 0.147772
vt 0.956857 0.136207
vt 0.215696 0.821909
vt 0.223875 0.822063
vt 0.963668 0.160221
vt 0.955555 0.160434
vt 0.215647 0.808523
vt 0.223826 0.808674
vt 0.012348 0.913779
vt 0.013033 0.906949
vt 0.013135 0.900635
vt 0.011095 0.920795
vt 0.009331 0.927771
vt 0.007124 0.934452
vt 0.004560 0.940586
vt 0.319115 0.337001
vt 0.315682 0.342347
vt 0.322912 0.331250
vt 0.326926 0.325317
vt 0.331002 0.319431
vt 0.334986 0.313813
vt 0.338722 0.308683
vt 0.006305 0.856314
vt 0.000000 0.854648
vt 0.013158 0.857553
vt 0.020297 0.858318
vt 0.027445 0.858579
vt 0.034331 0.858327
vt 0.040686 0.857571
vt 0.046269 0.856340
vt 0.596332 0.017570
vt 0.593651 0.013373
vt 0.599492 0.022547
vt 0.603013 0.028119
vt 0.606758 0.034064
vt 0.610583 0.040160
vt 0.614342 0.046169
vt 0.617890 0.051861
vt 0.621089 0.057014
vt 0.623819 0.061436
vt 0.625974 0.064957
vt 0.011631 0.890714
vt 0.010055 0.887310
vt 0.012667 0.895193
vt 0.072515 0.830018
vt 0.071753 0.837181
vt 0.065703 0.836930
vt 0.066257 0.830004
vt 0.413409 0.302827
vt 0.420241 0.301559
vt 0.420478 0.306130
vt 0.413859 0.307147
vt 0.069695 0.844071
vt 0.064427 0.843592
vt 0.426739 0.299597
vt 0.426822 0.304897
vt 0.066537 0.850422
vt 0.062670 0.849735
vt 0.432673 0.297209
vt 0.432669 0.303705
vt 0.062325 0.855991
vt 0.060375 0.855122
vt 0.437800 0.294362
vt 0.437779 0.302462
vt 0.057196 0.860561
vt 0.057576 0.859547
vt 0.310331 0.348902
vt 0.314626 0.347702
vt 0.314813 0.357671
vt 0.310340 0.356894
vt 0.000000 0.937921
vt 0.005262 0.933401
vt 0.319797 0.346108
vt 0.320178 0.358336
vt 0.325645 0.344177
vt 0.326228 0.358862
vt 0.331945 0.341985
vt 0.332729 0.359236
vt 0.338455 0.339615
vt 0.339435 0.359436
vt 0.344925 0.337161
vt 0.346085 0.359456
vt 0.351106 0.334714
vt 0.352425 0.359301
vt 0.356761 0.332369
vt 0.358210 0.358970
vt 0.342069 0.304237
vt 0.361673 0.330215
vt 0.219294 0.316639
vt 0.224901 0.315004
vt 0.222223 0.342678
vt 0.216994 0.342749
vt 0.009063 0.883817
vt 0.002697 0.881054
vt 0.231191 0.314047
vt 0.228160 0.342870
vt 0.015803 0.885521
vt 0.237924 0.313805
vt 0.234576 0.343326
vt 0.022660 0.886099
vt 0.244840 0.314286
vt 0.241225 0.344020
vt 0.029368 0.885529
vt 0.251672 0.315468
vt 0.247850 0.344933
vt 0.035671 0.883834
vt 0.258160 0.317311
vt 0.254197 0.346021
vt 0.261468 0.294365
vt 0.267397 0.298234
vt 0.264053 0.319744
vt 0.260024 0.347252
vt 0.577583 0.040688
vt 0.573243 0.038718
vt 0.269125 0.322669
vt 0.265104 0.348569
vt 0.582771 0.042957
vt 0.580904 0.067726
vt 0.575515 0.067465
vt 0.588606 0.045442
vt 0.586971 0.067921
vt 0.594865 0.048043
vt 0.593484 0.068041
vt 0.601307 0.050661
vt 0.600192 0.068083
vt 0.607685 0.053194
vt 0.606839 0.068045
vt 0.613753 0.055551
vt 0.613168 0.067926
vt 0.619279 0.057634
vt 0.618936 0.067736
vt 0.057196 0.799502
vt 0.062327 0.804063
vt 0.060378 0.804927
vt 0.057580 0.800524
vt 0.624050 0.059367
vt 0.623922 0.067478
vt 0.066541 0.809623
vt 0.062671 0.810297
vt 0.387876 0.299559
vt 0.393447 0.301291
vt 0.394798 0.307647
vt 0.389578 0.307481
vt 0.069699 0.815969
vt 0.064427 0.816428
vt 0.399721 0.302408
vt 0.400737 0.307612
vt 0.071752 0.822855
vt 0.065703 0.823083
vt 0.406468 0.302992
vt 0.407180 0.307514
s 1
usemtl legs
f 1/1/1 3/2/1 4/3/1 2/4/1
f 5/5/2 7/6/2 8/7/2 6/8/2
f 7/9/3 4/10/3 3/11/3 8/12/3
f 6/13/4 1/14/4 2/15/4 5/16/4
f 6/17/5 8/18/5 3/19/5 1/20/5
f 2/4/6 4/3/6 7/21/6 5/22/6
f 10/23/7 9/24/7 40/25/7 39/26/7 38/27/7 37/28/8 36/29/8 35/30/8 34/31/8 33/32/7 32/33/7 31/34/7 30/35/7 29/36/7 28/37/7 27/38/7 26/39/7 25/40/7 24/41/7 23/42/7 22/43/7 21/44/8 20/45/8 19/46/8 18/47/8 17/48/7 16/49/7 15/50/7 14/51/7 13/52/7 12/53/7 11/54/7
f 63/55/9 64/56/10 128/57/11 127/58/12
s 0
f 9/59/13 10/59/14 41/59/15 42/59/16
f 36/59/3 37/59/16 69/59/17 68/59/16
f 23/59/3 24/59/16 56/59/18 55/59/14
f 10/59/13 11/59/16 43/59/19 41/59/16
f 37/59/13 38/59/14 70/59/20 69/59/16
f 24/59/3 25/59/14 57/59/21 56/59/14
f 11/59/22 12/59/16 44/59/23 43/59/16
f 38/59/13 39/59/14 71/59/24 70/59/16
f 25/59/3 26/59/14 58/59/25 57/59/14
f 12/59/22 13/59/16 45/59/26 44/59/16
f 39/59/13 40/59/16 72/59/27 71/59/16
f 26/59/3 27/59/14 59/59/28 58/59/14
f 13/59/13 14/59/14 46/59/29 45/59/16
f 40/59/3 9/59/16 42/59/30 72/59/16
f 27/59/3 28/59/14 60/59/31 59/59/14
f 14/59/32 15/59/16 47/59/33 46/59/16
f 28/59/3 29/59/14 61/59/34 60/59/14
f 15/59/3 16/59/14 48/59/35 47/59/16
f 29/59/3 30/59/16 62/59/36 61/59/14
f 16/59/22 17/59/14 49/59/37 48/59/16
f 30/59/3 31/59/16 63/59/38 62/59/14
f 17/59/22 18/59/16 50/59/39 49/59/14
f 31/59/3 32/59/14 64/59/40 63/59/14
f 18/59/3 19/59/14 51/59/41 50/59/14
f 32/59/3 33/59/14 65/59/42 64/59/14
f 19/59/43 20/59/16 52/59/44 51/59/14
f 33/59/3 34/59/16 66/59/45 65/59/14
f 20/59/43 21/59/14 53/59/46 52/59/14
f 34/59/3 35/59/14 67/59/47 66/59/16
f 21/59/3 22/59/14 54/59/48 53/59/14
f 35/59/3 36/59/16 68/59/49 67/59/16
f 22/59/3 23/59/16 55/59/50 54/59/14
s 1
f 138/60/51 168/61/52 104/62/53 74/63/54
f 50/64/39 51/65/55 115/66/56 114/67/57
f 64/56/10 65/68/58 129/69/59 128/57/11
f 51/70/55 52/71/60 116/72/61 115/73/56
f 65/68/58 66/74/62 130/75/63 129/69/59
f 52/71/60 53/76/46 117/77/64 116/72/61
f 66/74/62 67/78/65 131/79/66 130/75/63
f 53/76/46 54/80/67 118/81/68 117/77/64
f 67/78/65 68/82/49 132/83/69 131/79/66
f 54/80/67 55/84/70 119/85/71 118/81/68
f 42/86/30 41/87/72 105/88/73 106/89/74
f 68/90/49 69/91/17 133/92/75 132/93/69
f 55/84/70 56/94/18 120/95/76 119/85/71
f 41/96/72 43/97/77 107/98/78 105/99/73
f 69/91/17 70/100/79 134/101/80 133/92/75
f 56/94/18 57/102/81 121/103/82 120/95/76
f 43/97/77 44/104/83 108/105/84 107/98/78
f 70/100/79 71/106/85 135/107/86 134/101/80
f 57/102/81 58/108/25 122/109/87 121/103/82
f 44/104/83 45/110/88 109/111/89 108/105/84
f 71/106/85 72/112/90 136/113/91 135/107/86
f 58/108/25 59/114/92 123/115/93 122/109/87
f 45/110/88 46/116/94 110/117/95 109/111/89
f 72/112/90 42/86/30 106/89/74 136/113/91
f 59/114/92 60/118/96 124/119/97 123/115/93
f 46/116/94 47/120/33 111/121/98 110/117/95
f 60/118/96 61/122/34 125/123/99 124/119/97
f 47/120/33 48/124/100 112/125/101 111/121/98
f 61/126/34 62/127/102 126/128/103 125/129/99
f 48/124/100 49/130/104 113/131/105 112/125/101
f 62/127/102 63/55/9 127/58/12 126/128/103
f 49/130/104 50/64/39 114/67/57 113/131/105
f 73/132/106 74/133/54 106/134/74 105/135/73
f 75/136/107 73/132/106 105/135/73 107/137/78
f 76/138/108 75/136/107 107/137/78 108/139/84
f 77/140/109 76/138/108 108/139/84 109/141/89
f 78/142/110 77/140/109 109/141/89 110/143/95
f 79/144/111 78/142/110 110/143/95 111/145/98
f 80/146/112 79/144/111 111/145/98 112/147/101
f 81/148/113 80/146/112 112/147/101 113/149/105
f 82/150/114 81/148/113 113/149/105 114/151/57
f 83/152/115 82/150/114 114/151/57 115/153/56
f 84/154/116 83/152/115 115/153/56 116/155/61
f 85/156/117 84/154/116 116/155/61 117/157/64
f 86/158/118 85/156/117 117/157/64 118/159/68
f 87/160/119 86/158/118 118/159/68 119/161/71
f 88/162/120 87/160/119 119/161/71 120/163/76
f 89/164/121 88/162/120 120/163/76 121/165/82
f 90/166/122 89/164/121 121/165/82 122/167/87
f 91/168/123 90/166/122 122/167/87 123/169/93
f 92/170/124 91/168/123 123/169/93 124/171/97
f 93/172/125 92/170/124 124/171/97 125/173/99
f 94/174/126 93/172/125 125/173/99 126/175/103
f 95/176/127 94/174/126 126/175/103 127/177/12
f 96/178/128 95/176/127 127/177/12 128/179/11
f 97/180/129 96/178/128 128/179/11 129/181/59
f 98/182/130 97/180/129 129/181/59 130/183/63
f 99/184/131 98/182/130 130/183/63 131/185/66
f 100/186/132 99/184/131 131/185/66 132/187/69
f 101/188/133 100/186/132 132/187/69 133/189/75
f 102/190/134 101/188/133 133/189/75 134/191/80
f 103/192/135 102/190/134 134/191/80 135/193/86
f 104/194/53 103/192/135 135/193/86 136/195/91
f 74/133/54 104/194/53 136/195/91 106/134/74
f 138/196/51 137/197/136 169/198/137 170/199/138
f 168/61/52 167/200/139 103/201/135 104/62/53
f 167/200/139 166/202/140 102/203/134 103/201/135
f 166/202/140 165/204/141 101/205/133 102/203/134
f 165/204/141 164/206/142 100/207/132 101/205/133
f 164/208/142 163/209/143 99/210/131 100/211/132
f 163/209/143 162/212/144 98/213/130 99/210/131
f 162/212/144 161/214/145 97/215/129 98/213/130
f 161/214/145 160/216/146 96/217/128 97/215/129
f 160/216/146 159/218/147 95/219/127 96/217/128
f 159/218/147 158/220/148 94/221/126 95/219/127
f 158/220/148 157/222/149 93/223/125 94/221/126
f 157/224/149 156/225/150 92/226/124 93/227/125
f 156/225/150 155/228/151 91/229/123 92/226/124
f 155/228/151 154/230/152 90/231/122 91/229/123
f 154/230/152 153/232/153 89/233/121 90/231/122
f 153/232/153 152/234/154 88/235/120 89/233/121
f 152/234/154 151/236/155 87/237/119 88/235/120
f 151/236/155 150/238/156 86/239/118 87/237/119
f 150/238/156 149/240/157 85/241/117 86/239/118
f 149/240/157 148/242/158 84/243/116 85/241/117
f 148/242/158 147/244/159 83/245/115 84/243/116
f 147/246/159 146/247/160 82/248/114 83/249/115
f 146/247/160 145/250/161 81/251/113 82/248/114
f 145/250/161 144/252/162 80/253/112 81/251/113
f 144/252/162 143/254/163 79/255/111 80/253/112
f 143/254/163 142/256/164 78/257/110 79/255/111
f 142/256/164 141/258/165 77/259/109 78/257/110
f 141/258/165 140/260/166 76/261/108 77/259/109
f 140/260/166 139/262/167 75/263/107 76/261/108
f 139/262/167 137/264/136 73/265/106 75/263/107
f 137/266/136 138/60/51 74/63/54 73/267/106
f 164/208/142 165/268/141 197/269/168 196/270/169
f 151/271/155 152/272/154 184/273/170 183/274/171
f 137/197/136 139/275/167 171/276/172 169/198/137
f 165/277/141 166/278/140 198/279/173 197/280/168
f 152/272/154 153/281/153 185/282/174 184/273/170
f 139/275/167 140/283/166 172/284/175 171/276/172
f 166/278/140 167/285/139 199/286/176 198/279/173
f 153/281/153 154/287/152 186/288/177 185/282/174
f 140/283/166 141/289/165 173/290/178 172/284/175
f 167/285/139 168/291/52 200/292/179 199/286/176
f 154/287/152 155/293/151 187/294/180 186/288/177
f 141/289/165 142/295/164 174/296/181 173/290/178
f 168/291/52 138/196/51 170/199/138 200/292/179
f 155/293/151 156/297/150 188/298/182 187/294/180
f 142/256/164 143/254/163 175/299/183 174/300/181
f 156/297/150 157/301/149 189/302/184 188/298/182
f 143/254/163 144/252/162 176/303/185 175/299/183
f 157/222/149 158/220/148 190/304/186 189/305/184
f 144/252/162 145/250/161 177/306/187 176/303/185
f 158/220/148 159/218/147 191/307/188 190/304/186
f 145/250/161 146/247/160 178/308/189 177/306/187
f 159/218/147 160/216/146 192/309/190 191/307/188
f 146/247/160 147/246/159 179/310/191 178/308/189
f 160/216/146 161/214/145 193/311/192 192/309/190
f 147/246/159 148/312/158 180/313/193 179/310/191
f 161/214/145 162/212/144 194/314/194 193/311/192
f 148/315/158 149/316/157 181/317/195 180/318/193
f 162/212/144 163/209/143 195/319/196 194/314/194
f 149/316/157 150/320/156 182/321/197 181/317/195
f 163/209/143 164/208/142 196/270/169 195/319/196
f 150/320/156 151/271/155 183/274/171 182/321/197
f 231/322/198 232/323/199 264/324/200 263/325/201
f 253/326/202 254/327/203 286/328/204 285/329/205
f 218/330/206 219/331/207 251/332/208 250/333/209
f 205/334/210 206/335/211 238/336/212 237/337/213
f 232/323/199 202/338/214 234/339/215 264/324/200
f 219/331/207 220/340/216 252/341/217 251/332/208
f 206/335/211 207/342/218 239/343/219 238/336/212
f 220/340/216 221/344/220 253/345/202 252/341/217
f 207/342/218 208/346/221 240/347/222 239/343/219
f 221/348/220 222/349/223 254/350/203 253/351/202
f 208/346/221 209/352/224 241/353/225 240/347/222
f 222/349/223 223/354/226 255/355/227 254/350/203
f 209/352/224 210/356/228 242/357/229 241/353/225
f 223/354/226 224/358/230 256/359/231 255/355/227
f 210/356/228 211/360/232 243/361/233 242/357/229
f 224/358/230 225/362/234 257/363/235 256/359/231
f 211/364/232 212/365/236 244/366/237 243/367/233
f 225/362/234 226/368/238 258/369/239 257/363/235
f 212/365/236 213/370/240 245/371/241 244/366/237
f 226/368/238 227/372/242 259/373/243 258/369/239
f 213/370/240 214/374/244 246/375/245 245/371/241
f 227/372/242 228/376/246 260/377/247 259/373/243
f 214/374/244 215/378/248 247/379/249 246/375/245
f 202/338/214 201/380/250 233/381/251 234/339/215
f 228/382/246 229/383/252 261/384/253 260/385/247
f 215/378/248 216/386/254 248/387/255 247/379/249
f 201/388/250 203/389/256 235/390/257 233/391/251
f 229/383/252 230/392/258 262/393/259 261/384/253
f 216/386/254 217/394/260 249/395/261 248/387/255
f 203/389/256 204/396/262 236/397/263 235/390/257
f 230/392/258 231/322/198 263/325/201 262/393/259
f 217/394/260 218/330/206 250/333/209 249/395/261
f 204/396/262 205/334/210 237/337/213 236/397/263
f 288/398/264 289/399/265 321/400/266 320/401/267
f 240/402/222 241/403/225 273/404/268 272/405/269
f 254/327/203 255/406/227 287/407/270 286/328/204
f 241/403/225 242/408/229 274/409/271 273/404/268
f 255/406/227 256/410/231 288/411/264 287/407/270
f 242/408/229 243/412/233 275/413/272 274/409/271
f 256/410/231 257/414/235 289/415/265 288/411/264
f 243/412/233 244/416/237 276/417/273 275/413/272
f 257/414/235 258/418/239 290/419/274 289/415/265
f 244/416/237 245/420/241 277/421/275 276/417/273
f 258/418/239 259/422/243 291/423/276 290/419/274
f 245/420/241 246/424/245 278/425/277 277/421/275
f 259/422/243 260/426/247 292/427/278 291/423/276
f 246/424/245 247/428/249 279/429/279 278/425/277
f 234/430/215 233/431/251 265/432/280 266/433/281
f 260/426/247 261/434/253 293/435/282 292/427/278
f 247/428/249 248/436/255 280/437/283 279/429/279
f 233/431/251 235/438/257 267/439/284 265/432/280
f 261/434/253 262/440/259 294/441/285 293/435/282
f 248/436/255 249/442/261 281/443/286 280/437/283
f 235/438/257 236/444/263 268/445/287 267/439/284
f 262/440/259 263/446/201 295/447/288 294/441/285
f 249/442/261 250/448/209 282/449/289 281/443/286
f 236/444/263 237/450/213 269/451/290 268/445/287
f 263/446/201 264/452/200 296/453/291 295/447/288
f 250/448/209 251/454/208 283/455/292 282/449/289
f 237/450/213 238/456/212 270/457/293 269/451/290
f 264/452/200 234/430/215 266/433/281 296/453/291
f 251/454/208 252/458/217 284/459/294 283/455/292
f 238/456/212 239/460/219 271/461/295 270/457/293
f 252/458/217 253/326/202 285/329/205 284/459/294
f 239/460/219 240/402/222 272/405/269 271/461/295
f 297/462/296 299/463/297 300/464/298 301/465/299 302/466/300 303/467/301 304/468/302 305/469/303 306/470/304 307/471/305 308/472/306 309/473/307 310/474/308 311/475/309 312/476/310 313/477/311 314/478/312 315/479/313 316/480/314 317/481/315 318/482/316 319/483/317 320/484/267 321/485/266 322/486/318 323/487/319 324/488/320 325/489/321 326/490/322 327/491/323 328/492/324 298/493/325
f 275/494/272 276/495/273 308/496/306 307/497/305
f 289/399/265 290/498/274 322/499/318 321/400/266
f 276/495/273 277/500/275 309/501/307 308/496/306
f 290/498/274 291/502/276 323/503/319 322/499/318
f 277/500/275 278/504/277 310/505/308 309/501/307
f 291/502/276 292/506/278 324/507/320 323/503/319
f 278/504/277 279/508/279 311/509/309 310/505/308
f 266/510/281 265/511/280 297/512/296 298/513/325
f 292/514/278 293/515/282 325/516/321 324/517/320
f 279/508/279 280/518/283 312/519/310 311/509/309
f 265/520/280 267/521/284 299/522/297 297/523/296
f 293/515/282 294/524/285 326/525/322 325/516/321
f 280/518/283 281/526/286 313/527/311 312/519/310
f 267/521/284 268/528/287 300/529/298 299/522/297
f 294/524/285 295/530/288 327/531/323 326/525/322
f 281/526/286 282/532/289 314/533/312 313/527/311
f 268/528/287 269/534/290 301/535/299 300/529/298
f 295/530/288 296/536/291 328/537/324 327/531/323
f 282/532/289 283/538/292 315/539/313 314/533/312
f 269/534/290 270/540/293 302/541/300 301/535/299
f 296/536/291 266/510/281 298/513/325 328/537/324
f 283/538/292 284/542/294 316/543/314 315/539/313
f 270/540/293 271/544/295 303/545/301 302/541/300
f 284/542/294 285/546/205 317/547/315 316/543/314
f 271/544/295 272/548/269 304/549/302 303/545/301
f 285/550/205 286/551/204 318/552/316 317/553/315
f 272/548/269 273/554/268 305/555/303 304/549/302
f 286/551/204 287/556/270 319/557/317 318/552/316
f 273/554/268 274/558/271 306/559/304 305/555/303
f 287/556/270 288/398/264 320/401/267 319/557/317
f 274/558/271 275/560/272 307/561/305 306/559/304
f 232/323/199 231/322/198 337/562/326 334/563/327
f 202/338/214 232/323/199 334/563/327 329/564/328
f 231/322/198 230/392/258 340/565/329 337/562/326
f 230/392/258 229/383/252 343/566/330 340/565/329
f 229/383/252 228/382/246 346/567/331 343/566/330
f 228/376/246 227/372/242 349/568/332 346/569/331
f 227/372/242 226/368/238 352/570/333 349/568/332
f 226/368/238 225/362/234 355/571/334 352/570/333
f 225/362/234 224/358/230 358/572/335 355/571/334
f 224/358/230 223/354/226 361/573/336 358/572/335
f 223/354/226 222/349/223 364/574/337 361/573/336
f 222/349/223 221/348/220 367/575/338 364/574/337
f 221/344/220 220/340/216 370/576/339 367/577/338
f 220/340/216 219/331/207 373/578/340 370/576/339
f 219/331/207 218/330/206 376/579/341 373/578/340
f 218/330/206 217/394/260 379/580/342 376/579/341
f 217/394/260 216/386/254 382/581/343 379/580/342
f 216/386/254 215/378/248 385/582/344 382/581/343
f 215/378/248 214/374/244 388/583/345 385/582/344
f 214/374/244 213/370/240 391/584/346 388/583/345
f 213/370/240 212/365/236 394/585/347 391/584/346
f 212/365/236 211/364/232 397/586/348 394/585/347
f 211/360/232 210/356/228 400/587/349 397/588/348
f 210/356/228 209/352/224 403/589/350 400/587/349
f 209/352/224 208/346/221 406/590/351 403/589/350
f 208/346/221 207/342/218 409/591/352 406/590/351
f 207/342/218 206/335/211 412/592/353 409/591/352
f 206/335/211 205/334/210 415/593/354 412/592/353
f 205/334/210 204/396/262 418/594/355 415/593/354
f 204/396/262 203/389/256 421/595/356 418/594/355
f 203/389/256 201/388/250 424/596/357 421/595/356
f 201/380/250 202/338/214 329/564/328 424/597/357
f 329/598/328 334/599/327 333/600/358 330/601/359
f 330/602/359 333/603/358 332/604/360 331/605/361
f 331/605/361 332/604/360 200/292/179 170/199/138
f 334/599/327 337/606/326 336/607/362 333/600/358
f 333/603/358 336/608/362 335/609/363 332/604/360
f 332/604/360 335/609/363 199/286/176 200/292/179
f 337/606/326 340/610/329 339/611/364 336/607/362
f 336/608/362 339/612/364 338/613/365 335/609/363
f 335/609/363 338/613/365 198/279/173 199/286/176
f 340/610/329 343/614/330 342/615/366 339/611/364
f 339/612/364 342/616/366 341/617/367 338/613/365
f 338/613/365 341/617/367 197/280/168 198/279/173
f 343/614/330 346/618/331 345/619/368 342/615/366
f 342/620/366 345/621/368 344/622/369 341/623/367
f 341/623/367 344/622/369 196/270/169 197/269/168
f 346/569/331 349/568/332 348/624/370 345/621/368
f 345/621/368 348/624/370 347/625/371 344/622/369
f 344/622/369 347/625/371 195/319/196 196/270/169
f 349/568/332 352/570/333 351/626/372 348/624/370
f 348/624/370 351/626/372 350/627/373 347/625/371
f 347/625/371 350/627/373 194/314/194 195/319/196
f 352/570/333 355/571/334 354/628/374 351/626/372
f 351/626/372 354/628/374 353/629/375 350/627/373
f 350/627/373 353/629/375 193/311/192 194/314/194
f 355/571/334 358/572/335 357/630/376 354/628/374
f 354/628/374 357/630/376 356/631/377 353/629/375
f 353/629/375 356/631/377 192/309/190 193/311/192
f 358/572/335 361/573/336 360/632/378 357/630/376
f 357/630/376 360/632/378 359/633/379 356/631/377
f 356/631/377 359/633/379 191/307/188 192/309/190
f 361/573/336 364/574/337 363/634/380 360/632/378
f 360/632/378 363/634/380 362/635/381 359/633/379
f 359/633/379 362/635/381 190/304/186 191/307/188
f 364/574/337 367/575/338 366/636/382 363/634/380
f 363/634/380 366/636/382 365/637/383 362/635/381
f 362/635/381 365/637/383 189/305/184 190/304/186
f 367/575/338 370/638/339 369/639/384 366/636/382
f 366/640/382 369/641/384 368/642/385 365/643/383
f 365/643/383 368/642/385 188/298/182 189/302/184
f 370/576/339 373/578/340 372/644/386 369/645/384
f 369/641/384 372/646/386 371/647/387 368/642/385
f 368/642/385 371/647/387 187/294/180 188/298/182
f 373/578/340 376/579/341 375/648/388 372/644/386
f 372/646/386 375/649/388 374/650/389 371/647/387
f 371/647/387 374/650/389 186/288/177 187/294/180
f 376/579/341 379/580/342 378/651/390 375/648/388
f 375/649/388 378/652/390 377/653/391 374/650/389
f 374/650/389 377/653/391 185/282/174 186/288/177
f 379/580/342 382/581/343 381/654/392 378/651/390
f 378/652/390 381/655/392 380/656/393 377/653/391
f 377/653/391 380/656/393 184/273/170 185/282/174
f 382/581/343 385/582/344 384/657/394 381/654/392
f 381/655/392 384/658/394 383/659/395 380/656/393
f 380/656/393 383/659/395 183/274/171 184/273/170
f 385/582/344 388/583/345 387/660/396 384/657/394
f 384/658/394 387/661/396 386/662/397 383/659/395
f 383/659/395 386/662/397 182/321/197 183/274/171
f 388/583/345 391/584/346 390/663/398 387/660/396
f 387/661/396 390/664/398 389/665/399 386/662/397
f 386/662/397 389/665/399 181/317/195 182/321/197
f 391/584/346 394/585/347 393/666/400 390/663/398
f 390/664/398 393/667/400 392/668/401 389/665/399
f 389/665/399 392/668/401 180/318/193 181/317/195
f 394/585/347 397/586/348 396/669/402 393/666/400
f 393/670/400 396/671/402 395/672/403 392/673/401
f 392/673/401 395/672/403 179/310/191 180/313/193
f 397/588/348 400/587/349 399/674/404 396/671/402
f 396/671/402 399/674/404 398/675/405 395/672/403
f 395/672/403 398/675/405 178/308/189 179/310/191
f 400/587/349 403/589/350 402/676/406 399/674/404
f 399/674/404 402/676/406 401/677/407 398/675/405
f 398/675/405 401/677/407 177/306/187 178/308/189
f 403/589/350 406/590/351 405/678/408 402/676/406
f 402/676/406 405/678/408 404/679/409 401/677/407
f 401/677/407 404/679/409 176/303/185 177/306/187
f 406/590/351 409/591/352 408/680/410 405/678/408
f 405/678/408 408/680/410 407/681/411 404/679/409
f 404/679/409 407/681/411 175/299/183 176/303/185
f 409/591/352 412/592/353 411/682/412 408/680/410
f 408/680/410 411/682/412 410/683/413 407/681/411
f 407/681/411 410/683/413 174/300/181 175/299/183
f 412/684/353 415/685/354 414/686/414 411/687/412
f 411/682/412 414/688/414 413/689/415 410/683/413
f 410/690/413 413/691/415 173/290/178 174/296/181
f 415/685/354 418/692/355 417/693/416 414/686/414
f 414/694/414 417/695/416 416/696/417 413/691/415
f 413/691/415 416/696/417 172/284/175 173/290/178
f 418/692/355 421/697/356 420/698/418 417/693/416
f 417/695/416 420/699/418 419/700/419 416/696/417
f 416/696/417 419/700/419 171/276/172 172/284/175
f 421/697/356 424/701/357 423/702/420 420/698/418
f 420/699/418 423/703/420 422/704/421 419/700/419
f 419/700/419 422/704/421 169/198/137 171/276/172
f 424/701/357 329/598/328 330/601/359 423/702/420
f 423/703/420 330/602/359 331/605/361 422/704/421
f 422/704/421 331/605/361 170/199/138 169/198/137
f 426/705/7 425/706/7 456/707/7 455/708/7 454/709/7 453/710/7 452/711/7 451/712/8 450/713/8 449/714/8 448/715/7 447/716/7 446/717/7 445/718/7 444/719/7 443/720/7 442/721/7 441/722/7 440/723/7 439/724/7 438/725/7 437/726/7 436/727/7 435/728/8 434/729/8 433/730/8 432/731/7 431/732/7 430/733/7 429/734/7 428/735/7 427/736/7
f 479/737/422 480/738/423 544/739/424 543/740/425
s 0
f 425/59/3 426/59/16 457/59/426 458/59/14
f 452/59/3 453/59/16 485/59/427 484/59/14
f 439/59/3 440/59/14 472/59/428 471/59/16
f 426/59/3 427/59/14 459/59/429 457/59/14
f 453/59/22 454/59/14 486/59/430 485/59/14
f 440/59/13 441/59/16 473/59/431 472/59/16
f 427/59/3 428/59/14 460/59/432 459/59/14
f 454/59/3 455/59/14 487/59/433 486/59/14
f 441/59/13 442/59/16 474/59/434 473/59/16
f 428/59/3 429/59/16 461/59/435 460/59/14
f 455/59/3 456/59/14 488/59/436 487/59/14
f 442/59/3 443/59/14 475/59/437 474/59/16
f 429/59/3 430/59/16 462/59/438 461/59/14
f 456/59/3 425/59/14 458/59/439 488/59/14
f 443/59/3 444/59/16 476/59/440 475/59/16
f 430/59/3 431/59/14 463/59/441 462/59/14
f 444/59/13 445/59/14 477/59/442 476/59/16
f 431/59/3 432/59/16 464/59/443 463/59/14
f 445/59/32 446/59/14 478/59/444 477/59/16
f 432/59/3 433/59/16 465/59/445 464/59/14
f 446/59/3 447/59/14 479/59/422 478/59/16
f 433/59/3 434/59/16 466/59/446 465/59/16
f 447/59/3 448/59/16 480/59/447 479/59/16
f 434/59/3 435/59/16 467/59/448 466/59/16
f 448/59/3 449/59/16 481/59/449 480/59/16
f 435/59/13 436/59/16 468/59/450 467/59/16
f 449/59/43 450/59/14 482/59/451 481/59/14
f 436/59/3 437/59/16 469/59/452 468/59/16
f 450/59/3 451/59/14 483/59/453 482/59/14
f 437/59/13 438/59/16 470/59/454 469/59/16
f 451/59/3 452/59/14 484/59/455 483/59/14
f 438/59/3 439/59/14 471/59/456 470/59/16
s 1
f 554/741/457 584/742/458 520/743/459 490/744/460
f 466/745/461 467/746/462 531/747/463 530/748/464
f 480/738/423 481/749/465 545/750/466 544/739/424
f 467/746/462 468/751/467 532/752/468 531/747/463
f 481/749/465 482/753/469 546/754/470 545/750/466
f 468/755/467 469/756/471 533/757/472 532/758/468
f 482/759/469 483/760/453 547/761/473 546/762/470
f 469/756/471 470/763/474 534/764/475 533/757/472
f 483/760/453 484/765/476 548/766/477 547/761/473
f 470/763/474 471/767/478 535/768/479 534/764/475
f 458/769/439 457/770/480 521/771/481 522/772/482
f 484/765/476 485/773/483 549/774/484 548/766/477
f 471/767/478 472/775/485 536/776/486 535/768/479
f 457/770/480 459/777/487 523/778/488 521/771/481
f 485/773/483 486/779/489 550/780/490 549/774/484
f 472/775/485 473/781/491 537/782/492 536/776/486
f 459/777/487 460/783/432 524/784/493 523/778/488
f 486/779/489 487/785/494 551/786/495 550/780/490
f 473/781/491 474/787/496 538/788/497 537/782/492
f 460/789/432 461/790/498 525/791/499 524/792/493
f 487/785/494 488/793/436 552/794/500 551/786/495
f 474/795/496 475/796/437 539/797/501 538/798/497
f 461/790/498 462/799/502 526/800/503 525/791/499
f 488/793/436 458/769/439 522/772/482 552/794/500
f 475/796/437 476/801/504 540/802/505 539/797/501
f 462/799/502 463/803/506 527/804/507 526/800/503
f 476/801/504 477/805/508 541/806/509 540/802/505
f 463/803/506 464/807/510 528/808/511 527/804/507
f 477/805/508 478/809/512 542/810/513 541/806/509
f 464/807/510 465/811/514 529/812/515 528/808/511
f 478/809/512 479/737/422 543/740/425 542/810/513
f 465/811/514 466/745/461 530/748/464 529/812/515
f 489/813/516 490/814/460 522/815/482 521/816/481
f 491/817/517 489/813/516 521/816/481 523/818/488
f 492/819/518 491/817/517 523/818/488 524/820/493
f 493/821/519 492/819/518 524/820/493 525/822/499
f 494/823/520 493/821/519 525/822/499 526/824/503
f 495/825/521 494/823/520 526/824/503 527/826/507
f 496/827/522 495/825/521 527/826/507 528/828/511
f 497/829/523 496/827/522 528/828/511 529/830/515
f 498/831/524 497/829/523 529/830/515 530/832/464
f 499/833/525 498/831/524 530/832/464 531/834/463
f 500/835/526 499/833/525 531/834/463 532/836/468
f 501/837/527 500/835/526 532/836/468 533/838/472
f 502/839/528 501/837/527 533/838/472 534/840/475
f 503/841/529 502/839/528 534/840/475 535/842/479
f 504/843/530 503/841/529 535/842/479 536/844/486
f 505/845/531 504/843/530 536/844/486 537/846/492
f 506/847/532 505/845/531 537/846/492 538/848/497
f 507/849/533 506/847/532 538/848/497 539/850/501
f 508/851/534 507/849/533 539/850/501 540/852/505
f 509/853/535 508/851/534 540/852/505 541/854/509
f 510/855/536 509/853/535 541/854/509 542/856/513
f 511/857/537 510/855/536 542/856/513 543/858/425
f 512/859/538 511/857/537 543/858/425 544/860/424
f 513/861/539 512/859/538 544/860/424 545/862/466
f 514/863/540 513/861/539 545/862/466 546/864/470
f 515/865/541 514/863/540 546/864/470 547/866/473
f 516/867/542 515/865/541 547/866/473 548/868/477
f 517/869/543 516/867/542 548/868/477 549/870/484
f 518/871/544 517/869/543 549/870/484 550/872/490
f 519/873/545 518/871/544 550/872/490 551/874/495
f 520/875/459 519/873/545 551/874/495 552/876/500
f 490/814/460 520/875/459 552/876/500 522/815/482
f 554/877/457 553/878/546 585/879/547 586/880/548
f 584/742/458 583/881/549 519/882/545 520/743/459
f 583/881/549 582/883/550 518/884/544 519/882/545
f 582/883/550 581/885/551 517/886/543 518/884/544
f 581/885/551 580/887/552 516/888/542 517/886/543
f 580/887/552 579/889/553 515/890/541 516/888/542
f 579/889/553 578/891/554 514/892/540 515/890/541
f 578/893/554 577/894/555 513/895/539 514/896/540
f 577/894/555 576/897/556 512/898/538 513/895/539
f 576/897/556 575/899/557 511/900/537 512/898/538
f 575/899/557 574/901/558 510/902/536 511/900/537
f 574/901/558 573/903/559 509/904/535 510/902/536
f 573/903/559 572/905/560 508/906/534 509/904/535
f 572/905/560 571/907/561 507/908/533 508/906/534
f 571/907/561 570/909/562 506/910/532 507/908/533
f 570/911/562 569/912/563 505/913/531 506/914/532
f 569/912/563 568/915/564 504/916/530 505/913/531
f 568/915/564 567/917/565 503/918/529 504/916/530
f 567/917/565 566/919/566 502/920/528 503/918/529
f 566/919/566 565/921/567 501/922/527 502/920/528
f 565/921/567 564/923/568 500/924/526 501/922/527
f 564/923/568 563/925/569 499/926/525 500/924/526
f 563/927/569 562/928/570 498/929/524 499/930/525
f 562/928/570 561/931/571 497/932/523 498/929/524
f 561/931/571 560/933/572 496/934/522 497/932/523
f 560/933/572 559/935/573 495/936/521 496/934/522
f 559/935/573 558/937/574 494/938/520 495/936/521
f 558/937/574 557/939/575 493/940/519 494/938/520
f 557/939/575 556/941/576 492/942/518 493/940/519
f 556/943/576 555/944/577 491/945/517 492/946/518
f 555/944/577 553/947/546 489/948/516 491/945/517
f 553/947/546 554/741/457 490/744/460 489/948/516
f 580/949/552 581/950/551 613/951/578 612/952/579
f 567/953/565 568/954/564 600/955/580 599/956/581
f 553/878/546 555/957/577 587/958/582 585/879/547
f 581/950/551 582/959/550 614/960/583 613/951/578
f 568/954/564 569/961/563 601/962/584 600/955/580
f 555/957/577 556/963/576 588/964/585 587/958/582
f 582/959/550 583/965/549 615/966/586 614/960/583
f 569/961/563 570/967/562 602/968/587 601/962/584
f 556/963/576 557/969/575 589/970/588 588/964/585
f 583/965/549 584/971/458 616/972/589 615/966/586
f 570/967/562 571/973/561 603/974/590 602/968/587
f 557/939/575 558/937/574 590/975/591 589/976/588
f 584/971/458 554/877/457 586/880/548 616/972/589
f 571/973/561 572/977/560 604/978/592 603/974/590
f 558/937/574 559/935/573 591/979/593 590/975/591
f 572/977/560 573/980/559 605/981/594 604/978/592
f 559/935/573 560/933/572 592/982/595 591/979/593
f 573/980/559 574/983/558 606/984/596 605/981/594
f 560/933/572 561/931/571 593/985/597 592/982/595
f 574/983/558 575/986/557 607/987/598 606/984/596
f 561/931/571 562/928/570 594/988/599 593/985/597
f 575/989/557 576/990/556 608/991/600 607/992/598
f 562/928/570 563/927/569 595/993/601 594/988/599
f 576/990/556 577/994/555 609/995/602 608/991/600
f 563/927/569 564/996/568 596/997/603 595/993/601
f 577/994/555 578/891/554 610/998/604 609/995/602
f 564/996/568 565/999/567 597/1000/605 596/997/603
f 578/891/554 579/889/553 611/1001/606 610/998/604
f 565/1002/567 566/1003/566 598/1004/607 597/1005/605
f 579/889/553 580/887/552 612/1006/579 611/1001/606
f 566/1003/566 567/953/565 599/956/581 598/1004/607
f 647/1007/608 648/1008/609 680/1009/610 679/1010/611
f 669/1011/612 670/1012/613 702/1013/614 701/1014/615
f 634/1015/616 635/1016/617 667/1017/618 666/1018/619
f 621/1019/620 622/1020/621 654/1021/622 653/1022/623
f 648/1008/609 618/1023/624 650/1024/625 680/1009/610
f 635/1016/617 636/1025/626 668/1026/627 667/1017/618
f 622/1020/621 623/1027/628 655/1028/629 654/1021/622
f 636/1025/626 637/1029/630 669/1030/612 668/1026/627
f 623/1027/628 624/1031/631 656/1032/632 655/1028/629
f 637/1029/630 638/1033/633 670/1034/613 669/1030/612
f 624/1031/631 625/1035/634 657/1036/635 656/1032/632
f 638/1033/633 639/1037/636 671/1038/637 670/1034/613
f 625/1035/634 626/1039/638 658/1040/639 657/1036/635
f 639/1037/636 640/1041/640 672/1042/641 671/1038/637
f 626/1039/638 627/1043/642 659/1044/643 658/1040/639
f 640/1041/640 641/1045/644 673/1046/645 672/1042/641
f 627/1043/642 628/1047/646 660/1048/647 659/1044/643
f 641/1045/644 642/1049/648 674/1050/649 673/1046/645
f 628/1051/646 629/1052/650 661/1053/651 660/1054/647
f 642/1055/648 643/1056/652 675/1057/653 674/1058/649
f 629/1052/650 630/1059/654 662/1060/655 661/1053/651
f 643/1056/652 644/1061/656 676/1062/657 675/1057/653
f 630/1059/654 631/1063/658 663/1064/659 662/1060/655
f 618/1023/624 617/1065/660 649/1066/661 650/1024/625
f 644/1061/656 645/1067/662 677/1068/663 676/1062/657
f 631/1063/658 632/1069/664 664/1070/665 663/1064/659
f 617/1065/660 619/1071/666 651/1072/667 649/1066/661
f 645/1067/662 646/1073/668 678/1074/669 677/1068/663
f 632/1069/664 633/1075/670 665/1076/671 664/1070/665
f 619/1071/666 620/1077/672 652/1078/673 651/1072/667
f 646/1073/668 647/1007/608 679/1010/611 678/1074/669
f 633/1075/670 634/1079/616 666/1080/619 665/1076/671
f 620/1081/672 621/1019/620 653/1022/623 652/1082/673
f 704/1083/674 705/1084/675 737/1085/676 736/1086/677
f 656/1087/632 657/1088/635 689/1089/678 688/1090/679
f 670/1012/613 671/1091/637 703/1092/680 702/1013/614
f 657/1088/635 658/1093/639 690/1094/681 689/1089/678
f 671/1091/637 672/1095/641 704/1096/674 703/1092/680
f 658/1093/639 659/1097/643 691/1098/682 690/1094/681
f 672/1095/641 673/1099/645 705/1100/675 704/1096/674
f 659/1097/643 660/1101/647 692/1102/683 691/1098/682
f 673/1099/645 674/1103/649 706/1104/684 705/1100/675
f 660/1101/647 661/1105/651 693/1106/685 692/1102/683
f 674/1103/649 675/1107/653 707/1108/686 706/1104/684
f 661/1105/651 662/1109/655 694/1110/687 693/1106/685
f 675/1107/653 676/1111/657 708/1112/688 707/1108/686
f 662/1109/655 663/1113/659 695/1114/689 694/1110/687
f 650/1115/625 649/1116/661 681/1117/690 682/1118/691
f 676/1111/657 677/1119/663 709/1120/692 708/1112/688
f 663/1113/659 664/1121/665 696/1122/693 695/1114/689
f 649/1116/661 651/1123/667 683/1124/694 681/1117/690
f 677/1119/663 678/1125/669 710/1126/695 709/1120/692
f 664/1121/665 665/1127/671 697/1128/696 696/1122/693
f 651/1123/667 652/1129/673 684/1130/697 683/1124/694
f 678/1125/669 679/1131/611 711/1132/698 710/1126/695
f 665/1127/671 666/1133/619 698/1134/699 697/1128/696
f 652/1129/673 653/1135/623 685/1136/700 684/1130/697
f 679/1131/611 680/1137/610 712/1138/701 711/1132/698
f 666/1133/619 667/1139/618 699/1140/702 698/1134/699
f 653/1135/623 654/1141/622 686/1142/703 685/1136/700
f 680/1137/610 650/1115/625 682/1118/691 712/1138/701
f 667/1139/618 668/1143/627 700/1144/704 699/1140/702
f 654/1141/622 655/1145/629 687/1146/705 686/1142/703
f 668/1143/627 669/1011/612 701/1014/615 700/1144/704
f 655/1145/629 656/1087/632 688/1090/679 687/1146/705
f 713/1147/706 715/1148/707 716/1149/708 717/1150/709 718/1151/710 719/1152/711 720/1153/712 721/1154/713 722/1155/714 723/1156/715 724/1157/716 725/1158/717 726/1159/718 727/1160/719 728/1161/720 729/1162/721 730/1163/722 731/1164/723 732/1165/724 733/1166/725 734/1167/726 735/1168/727 736/1169/677 737/1170/676 738/1171/728 739/1172/729 740/1173/730 741/1174/731 742/1175/732 743/1176/733 744/1177/734 714/1178/735
f 691/1179/682 692/1180/683 724/1181/716 723/1182/715
f 705/1084/675 706/1183/684 738/1184/728 737/1085/676
f 692/1185/683 693/1186/685 725/1187/717 724/1188/716
f 706/1189/684 707/1190/686 739/1191/729 738/1192/728
f 693/1186/685 694/1193/687 726/1194/718 725/1187/717
f 707/1190/686 708/1195/688 740/1196/730 739/1191/729
f 694/1193/687 695/1197/689 727/1198/719 726/1194/718
f 682/1199/691 681/1200/690 713/1201/706 714/1202/735
f 708/1195/688 709/1203/692 741/1204/731 740/1196/730
f 695/1197/689 696/1205/693 728/1206/720 727/1198/719
f 681/1200/690 683/1207/694 715/1208/707 713/1201/706
f 709/1203/692 710/1209/695 742/1210/732 741/1204/731
f 696/1205/693 697/1211/696 729/1212/721 728/1206/720
f 683/1207/694 684/1213/697 716/1214/708 715/1208/707
f 710/1209/695 711/1215/698 743/1216/733 742/1210/732
f 697/1211/696 698/1217/699 730/1218/722 729/1212/721
f 684/1219/697 685/1220/700 717/1221/709 716/1222/708
f 711/1215/698 712/1223/701 744/1224/734 743/1216/733
f 698/1225/699 699/1226/702 731/1227/723 730/1228/722
f 685/1220/700 686/1229/703 718/1230/710 717/1221/709
f 712/1223/701 682/1199/691 714/1202/735 744/1224/734
f 699/1226/702 700/1231/704 732/1232/724 731/1227/723
f 686/1229/703 687/1233/705 719/1234/711 718/1230/710
f 700/1231/704 701/1235/615 733/1236/725 732/1232/724
f 687/1233/705 688/1237/679 720/1238/712 719/1234/711
f 701/1235/615 702/1239/614 734/1240/726 733/1236/725
f 688/1237/679 689/1241/678 721/1242/713 720/1238/712
f 702/1239/614 703/1243/680 735/1244/727 734/1240/726
f 689/1241/678 690/1245/681 722/1246/714 721/1242/713
f 703/1243/680 704/1083/674 736/1086/677 735/1244/727
f 690/1245/681 691/1179/682 723/1182/715 722/1246/714
f 648/1008/609 647/1007/608 753/1247/736 750/1248/737
f 618/1023/624 648/1008/609 750/1248/737 745/1249/738
f 647/1007/608 646/1073/668 756/1250/739 753/1247/736
f 646/1073/668 645/1067/662 759/1251/740 756/1250/739
f 645/1067/662 644/1061/656 762/1252/741 759/1251/740
f 644/1061/656 643/1056/652 765/1253/742 762/1252/741
f 643/1056/652 642/1055/648 768/1254/743 765/1253/742
f 642/1049/648 641/1045/644 771/1255/744 768/1256/743
f 641/1045/644 640/1041/640 774/1257/745 771/1255/744
f 640/1041/640 639/1037/636 777/1258/746 774/1257/745
f 639/1037/636 638/1033/633 780/1259/747 777/1258/746
f 638/1033/633 637/1029/630 783/1260/748 780/1259/747
f 637/1029/630 636/1025/626 786/1261/749 783/1260/748
f 636/1025/626 635/1016/617 789/1262/750 786/1261/749
f 635/1016/617 634/1015/616 792/1263/751 789/1262/750
f 634/1079/616 633/1075/670 795/1264/752 792/1265/751
f 633/1075/670 632/1069/664 798/1266/753 795/1264/752
f 632/1069/664 631/1063/658 801/1267/754 798/1266/753
f 631/1063/658 630/1059/654 804/1268/755 801/1267/754
f 630/1059/654 629/1052/650 807/1269/756 804/1268/755
f 629/1052/650 628/1051/646 810/1270/757 807/1269/756
f 628/1047/646 627/1043/642 813/1271/758 810/1272/757
f 627/1043/642 626/1039/638 816/1273/759 813/1271/758
f 626/1039/638 625/1035/634 819/1274/760 816/1273/759
f 625/1035/634 624/1031/631 822/1275/761 819/1274/760
f 624/1031/631 623/1027/628 825/1276/762 822/1275/761
f 623/1027/628 622/1020/621 828/1277/763 825/1276/762
f 622/1020/621 621/1019/620 831/1278/764 828/1277/763
f 621/1019/620 620/1081/672 834/1279/765 831/1278/764
f 620/1077/672 619/1071/666 837/1280/766 834/1281/765
f 619/1071/666 617/1065/660 840/1282/767 837/1280/766
f 617/1065/660 618/1023/624 745/1249/738 840/1282/767
f 745/1283/738 750/1284/737 749/1285/768 746/1286/769
f 746/1287/769 749/1288/768 748/1289/770 747/1290/771
f 747/1290/771 748/1289/770 616/972/589 586/880/548
f 750/1291/737 753/1292/736 752/1293/772 749/1294/768
f 749/1288/768 752/1295/772 751/1296/773 748/1289/770
f 748/1289/770 751/1296/773 615/966/586 616/972/589
f 753/1297/736 756/1298/739 755/1299/774 752/1300/772
f 752/1295/772 755/1301/774 754/1302/775 751/1296/773
f 751/1296/773 754/1302/775 614/960/583 615/966/586
f 756/1298/739 759/1303/740 758/1304/776 755/1299/774
f 755/1301/774 758/1305/776 757/1306/777 754/1302/775
f 754/1302/775 757/1306/777 613/951/578 614/960/583
f 759/1303/740 762/1307/741 761/1308/778 758/1304/776
f 758/1305/776 761/1309/778 760/1310/779 757/1306/777
f 757/1306/777 760/1310/779 612/952/579 613/951/578
f 762/1252/741 765/1253/742 764/1311/780 761/1312/778
f 761/1309/778 764/1313/780 763/1314/781 760/1310/779
f 760/1310/779 763/1314/781 611/1315/606 612/952/579
f 765/1253/742 768/1254/743 767/1316/782 764/1311/780
f 764/1317/780 767/1318/782 766/1319/783 763/1320/781
f 763/1320/781 766/1319/783 610/1321/604 611/1322/606
f 768/1256/743 771/1255/744 770/1323/784 767/1318/782
f 767/1318/782 770/1323/784 769/1324/785 766/1319/783
f 766/1319/783 769/1324/785 609/1325/602 610/1321/604
f 771/1255/744 774/1257/745 773/1326/786 770/1323/784
f 770/1323/784 773/1326/786 772/1327/787 769/1324/785
f 769/1324/785 772/1327/787 608/1328/600 609/1325/602
f 774/1257/745 777/1258/746 776/1329/788 773/1326/786
f 773/1326/786 776/1329/788 775/1330/789 772/1327/787
f 772/1327/787 775/1330/789 607/1331/598 608/1328/600
f 777/1258/746 780/1259/747 779/1332/790 776/1329/788
f 776/1329/788 779/1332/790 778/1333/791 775/1330/789
f 775/1330/789 778/1333/791 606/1334/596 607/1331/598
f 780/1259/747 783/1260/748 782/1335/792 779/1332/790
f 779/1336/790 782/1337/792 781/1338/793 778/1339/791
f 778/1339/791 781/1338/793 605/981/594 606/984/596
f 783/1260/748 786/1261/749 785/1340/794 782/1335/792
f 782/1337/792 785/1341/794 784/1342/795 781/1338/793
f 781/1338/793 784/1342/795 604/978/592 605/981/594
f 786/1261/749 789/1262/750 788/1343/796 785/1340/794
f 785/1341/794 788/1344/796 787/1345/797 784/1342/795
f 784/1342/795 787/1345/797 603/974/590 604/978/592
f 789/1262/750 792/1263/751 791/1346/798 788/1343/796
f 788/1344/796 791/1347/798 790/1348/799 787/1345/797
f 787/1345/797 790/1348/799 602/968/587 603/974/590
f 792/1265/751 795/1264/752 794/1349/800 791/1350/798
f 791/1347/798 794/1351/800 793/1352/801 790/1348/799
f 790/1348/799 793/1352/801 601/962/584 602/968/587
f 795/1264/752 798/1266/753 797/1353/802 794/1349/800
f 794/1351/800 797/1354/802 796/1355/803 793/1352/801
f 793/1352/801 796/1355/803 600/955/580 601/962/584
f 798/1266/753 801/1267/754 800/1356/804 797/1353/802
f 797/1354/802 800/1357/804 799/1358/805 796/1355/803
f 796/1355/803 799/1358/805 599/956/581 600/955/580
f 801/1267/754 804/1268/755 803/1359/806 800/1356/804
f 800/1357/804 803/1360/806 802/1361/807 799/1358/805
f 799/1358/805 802/1361/807 598/1004/607 599/956/581
f 804/1268/755 807/1269/756 806/1362/808 803/1359/806
f 803/1360/806 806/1363/808 805/1364/809 802/1361/807
f 802/1361/807 805/1364/809 597/1005/605 598/1004/607
f 807/1269/756 810/1270/757 809/1365/810 806/1362/808
f 806/1366/808 809/1367/810 808/1368/811 805/1369/809
f 805/1369/809 808/1368/811 596/997/603 597/1000/605
f 810/1272/757 813/1271/758 812/1370/812 809/1367/810
f 809/1367/810 812/1370/812 811/1371/813 808/1368/811
f 808/1368/811 811/1371/813 595/993/601 596/997/603
f 813/1271/758 816/1273/759 815/1372/814 812/1370/812
f 812/1370/812 815/1372/814 814/1373/815 811/1371/813
f 811/1371/813 814/1373/815 594/988/599 595/993/601
f 816/1273/759 819/1274/760 818/1374/816 815/1372/814
f 815/1372/814 818/1374/816 817/1375/817 814/1373/815
f 814/1373/815 817/1375/817 593/985/597 594/988/599
f 819/1274/760 822/1275/761 821/1376/818 818/1374/816
f 818/1374/816 821/1376/818 820/1377/819 817/1375/817
f 817/1375/817 820/1377/819 592/982/595 593/985/597
f 822/1275/761 825/1276/762 824/1378/820 821/1376/818
f 821/1376/818 824/1378/820 823/1379/821 820/1377/819
f 820/1377/819 823/1379/821 591/979/593 592/982/595
f 825/1276/762 828/1277/763 827/1380/822 824/1378/820
f 824/1378/820 827/1380/822 826/1381/823 823/1379/821
f 823/1379/821 826/1381/823 590/975/591 591/979/593
f 828/1382/763 831/1383/764 830/1384/824 827/1385/822
f 827/1380/822 830/1386/824 829/1387/825 826/1381/823
f 826/1381/823 829/1387/825 589/976/588 590/975/591
f 831/1383/764 834/1388/765 833/1389/826 830/1384/824
f 830/1390/824 833/1391/826 832/1392/827 829/1393/825
f 829/1393/825 832/1392/827 588/964/585 589/970/588
f 834/1388/765 837/1394/766 836/1395/828 833/1389/826
f 833/1391/826 836/1396/828 835/1397/829 832/1392/827
f 832/1392/827 835/1397/829 587/958/582 588/964/585
f 837/1394/766 840/1398/767 839/1399/830 836/1395/828
f 836/1396/828 839/1400/830 838/1401/831 835/1397/829
f 835/1397/829 838/1401/831 585/879/547 587/958/582
f 840/1398/767 745/1283/738 746/1286/769 839/1399/830
f 839/1400/830 746/1287/769 747/1290/771 838/1401/831
f 838/1401/831 747/1290/771 586/880/548 585/879/547
f 842/1402/3 841/1403/3 872/1404/3 871/1405/3 870/1406/3 869/1407/3 868/1408/3 867/1409/3 866/1410/3 865/1411/3 864/1412/3 863/1413/3 862/1414/3 861/1415/3 860/1416/3 859/1417/3 858/1418/3 857/1419/3 856/1420/3 855/1421/3 854/1422/3 853/1423/3 852/1424/3 851/1425/3 850/1426/3 849/1427/3 848/1428/3 847/1429/3 846/1430/3 845/1431/3 844/1432/3 843/1433/3
f 895/1434/832 896/1435/833 960/1436/834 959/1437/835
s 0
f 841/59/3 842/59/14 873/59/836 874/59/16
f 868/59/3 869/59/14 901/59/837 900/59/14
f 855/59/3 856/59/16 888/59/838 887/59/16
f 842/59/13 843/59/14 875/59/47 873/59/16
f 869/59/3 870/59/16 902/59/36 901/59/14
f 856/59/3 857/59/16 889/59/839 888/59/16
f 843/59/3 844/59/16 876/59/49 875/59/16
f 870/59/3 871/59/14 903/59/840 902/59/14
f 857/59/3 858/59/16 890/59/841 889/59/14
f 844/59/3 845/59/16 877/59/842 876/59/16
f 871/59/3 872/59/14 904/59/40 903/59/14
f 858/59/3 859/59/16 891/59/843 890/59/14
f 845/59/3 846/59/14 878/59/79 877/59/16
f 872/59/3 841/59/14 874/59/58 904/59/14
f 859/59/22 860/59/14 892/59/844 891/59/14
f 846/59/13 847/59/14 879/59/845 878/59/16
f 860/59/3 861/59/16 893/59/46 892/59/14
f 847/59/3 848/59/14 880/59/27 879/59/16
f 861/59/3 862/59/14 894/59/846 893/59/14
f 848/59/3 849/59/16 881/59/30 880/59/16
f 862/59/3 863/59/16 895/59/832 894/59/14
f 849/59/13 850/59/14 882/59/15 881/59/16
f 863/59/3 864/59/16 896/59/833 895/59/14
f 850/59/13 851/59/16 883/59/19 882/59/16
f 864/59/3 865/59/14 897/59/847 896/59/14
f 851/59/3 852/59/16 884/59/23 883/59/16
f 865/59/3 866/59/16 898/59/848 897/59/14
f 852/59/3 853/59/14 885/59/849 884/59/16
f 866/59/3 867/59/14 899/59/850 898/59/14
f 853/59/13 854/59/16 886/59/851 885/59/16
f 867/59/3 868/59/14 900/59/852 899/59/14
f 854/59/32 855/59/16 887/59/853 886/59/16
s 1
f 970/1438/854 1000/1439/855 936/1440/856 906/1441/857
f 882/1442/15 883/1443/858 947/1444/859 946/1445/73
f 896/1435/833 897/1446/860 961/1447/861 960/1436/834
f 883/1443/858 884/1448/862 948/1449/863 947/1444/859
f 897/1446/860 898/1450/864 962/1451/865 961/1447/861
f 884/1448/862 885/1452/866 949/1453/89 948/1449/863
f 898/1450/864 899/1454/867 963/1455/868 962/1451/865
f 885/1452/866 886/1456/869 950/1457/870 949/1453/89
f 899/1454/867 900/1458/852 964/1459/871 963/1455/868
f 886/1456/869 887/1460/872 951/1461/873 950/1457/870
f 874/1462/874 873/1463/836 937/1464/875 938/1465/59
f 900/1458/852 901/1466/837 965/1467/99 964/1459/871
f 887/1460/872 888/1468/876 952/1469/877 951/1461/873
f 873/1463/836 875/1470/65 939/1471/66 937/1464/875
f 901/1472/837 902/1473/878 966/1474/879 965/1475/99
f 888/1468/876 889/1476/880 953/1477/881 952/1469/877
f 875/1470/65 876/1478/49 940/1479/69 939/1471/66
f 902/1473/878 903/1480/840 967/1481/12 966/1474/879
f 889/1476/880 890/1482/841 954/1483/882 953/1477/881
f 876/1484/49 877/1485/842 941/1486/75 940/1487/69
f 903/1480/840 904/1488/10 968/1489/883 967/1481/12
f 890/1482/841 891/1490/884 955/1491/885 954/1483/882
f 877/1485/842 878/1492/79 942/1493/80 941/1486/75
f 904/1488/10 874/1462/874 938/1465/59 968/1489/883
f 891/1494/884 892/1495/886 956/1496/887 955/1497/885
f 878/1492/79 879/1498/85 943/1499/86 942/1493/80
f 892/1495/886 893/1500/888 957/1501/64 956/1496/887
f 879/1498/85 880/1502/27 944/1503/91 943/1499/86
f 893/1500/888 894/1504/889 958/1505/890 957/1501/64
f 880/1502/27 881/1506/30 945/1507/74 944/1503/91
f 894/1504/889 895/1434/832 959/1437/835 958/1505/890
f 881/1506/30 882/1508/15 946/1509/73 945/1507/74
f 905/1510/891 906/1511/857 938/1512/59 937/1513/875
f 907/1514/892 905/1510/891 937/1513/875 939/1515/66
f 908/1516/893 907/1514/892 939/1515/66 940/1517/69
f 909/1518/894 908/1516/893 940/1517/69 941/1519/75
f 910/1520/895 909/1518/894 941/1519/75 942/1521/80
f 911/1522/896 910/1520/895 942/1521/80 943/1523/86
f 912/1524/897 911/1522/896 943/1523/86 944/1525/91
f 913/1526/898 912/1524/897 944/1525/91 945/1527/74
f 914/1528/899 913/1526/898 945/1527/74 946/1529/73
f 915/1530/900 914/1528/899 946/1529/73 947/1531/859
f 916/1532/901 915/1530/900 947/1531/859 948/1533/863
f 917/1534/902 916/1532/901 948/1533/863 949/1535/89
f 918/1536/903 917/1534/902 949/1535/89 950/1537/870
f 919/1538/904 918/1536/903 950/1537/870 951/1539/873
f 920/1540/905 919/1538/904 951/1539/873 952/1541/877
f 921/1542/906 920/1540/905 952/1541/877 953/1543/881
f 922/1544/907 921/1542/906 953/1543/881 954/1545/882
f 923/1546/908 922/1544/907 954/1545/882 955/1547/885
f 924/1548/909 923/1546/908 955/1547/885 956/1549/887
f 925/1550/910 924/1548/909 956/1549/887 957/1551/64
f 926/1552/911 925/1550/910 957/1551/64 958/1553/890
f 927/1554/912 926/1552/911 958/1553/890 959/1555/835
f 928/1556/913 927/1554/912 959/1555/835 960/1557/834
f 929/1558/914 928/1556/913 960/1557/834 961/1559/861
f 930/1560/915 929/1558/914 961/1559/861 962/1561/865
f 931/1562/916 930/1560/915 962/1561/865 963/1563/868
f 932/1564/917 931/1562/916 963/1563/868 964/1565/871
f 933/1566/918 932/1564/917 964/1565/871 965/1567/99
f 934/1568/919 933/1566/918 965/1567/99 966/1569/879
f 935/1570/920 934/1568/919 966/1569/879 967/1571/12
f 936/1572/856 935/1570/920 967/1571/12 968/1573/883
f 906/1511/857 936/1572/856 968/1573/883 938/1512/59
f 970/1574/854 969/1575/921 1001/1576/922 1002/1577/923
f 1000/1439/855 999/1578/924 935/1579/920 936/1440/856
f 999/1578/924 998/1580/925 934/1581/919 935/1579/920
f 998/1580/925 997/1582/926 933/1583/918 934/1581/919
f 997/1584/926 996/1585/927 932/1586/917 933/1587/918
f 996/1585/927 995/1588/928 931/1589/916 932/1586/917
f 995/1588/928 994/1590/929 930/1591/915 931/1589/916
f 994/1590/929 993/1592/930 929/1593/914 930/1591/915
f 993/1592/930 992/1594/931 928/1595/913 929/1593/914
f 992/1594/931 991/1596/932 927/1597/912 928/1595/913
f 991/1596/932 990/1598/933 926/1599/911 927/1597/912
f 990/1598/933 989/1600/934 925/1601/910 926/1599/911
f 989/1600/934 988/1602/935 924/1603/909 925/1601/910
f 988/1604/935 987/1605/936 923/1606/908 924/1607/909
f 987/1605/936 986/1608/937 922/1609/907 923/1606/908
f 986/1608/937 985/1610/938 921/1611/906 922/1609/907
f 985/1612/938 984/1613/939 920/1614/905 921/1615/906
f 984/1613/939 983/1616/940 919/1617/904 920/1614/905
f 983/1616/940 982/1618/941 918/1619/903 919/1617/904
f 982/1618/941 981/1620/942 917/1621/902 918/1619/903
f 981/1620/942 980/1622/943 916/1623/901 917/1621/902
f 980/1622/943 979/1624/944 915/1625/900 916/1623/901
f 979/1624/944 978/1626/945 914/1627/899 915/1625/900
f 978/1628/945 977/1629/946 913/1630/898 914/1631/899
f 977/1629/946 976/1632/947 912/1633/897 913/1630/898
f 976/1632/947 975/1634/948 911/1635/896 912/1633/897
f 975/1634/948 974/1636/949 910/1637/895 911/1635/896
f 974/1636/949 973/1638/950 909/1639/894 910/1637/895
f 973/1640/950 972/1641/951 908/1642/893 909/1643/894
f 972/1641/951 971/1644/952 907/1645/892 908/1642/893
f 971/1644/952 969/1646/921 905/1647/891 907/1645/892
f 969/1646/921 970/1438/854 906/1441/857 905/1647/891
f 996/1585/927 997/1584/926 1029/1648/953 1028/1649/954
f 983/1650/940 984/1651/939 1016/1652/955 1015/1653/956
f 969/1575/921 971/1654/952 1003/1655/957 1001/1576/922
f 997/1656/926 998/1657/925 1030/1658/958 1029/1659/953
f 984/1651/939 985/1610/938 1017/1660/959 1016/1652/955
f 971/1654/952 972/1661/951 1004/1662/960 1003/1655/957
f 998/1657/925 999/1663/924 1031/1664/961 1030/1658/958
f 985/1610/938 986/1608/937 1018/1665/962 1017/1660/959
f 972/1661/951 973/1666/950 1005/1667/963 1004/1662/960
f 999/1663/924 1000/1668/855 1032/1669/964 1031/1664/961
f 986/1608/937 987/1605/936 1019/1670/965 1018/1665/962
f 973/1638/950 974/1636/949 1006/1671/966 1005/1672/963
f 1000/1668/855 970/1574/854 1002/1577/923 1032/1669/964
f 987/1605/936 988/1604/935 1020/1673/967 1019/1670/965
f 974/1636/949 975/1634/948 1007/1674/968 1006/1671/966
f 988/1604/935 989/1675/934 1021/1676/969 1020/1673/967
f 975/1634/948 976/1632/947 1008/1677/970 1007/1674/968
f 989/1600/934 990/1598/933 1022/1678/971 1021/1679/969
f 976/1632/947 977/1629/946 1009/1680/972 1008/1677/970
f 990/1598/933 991/1596/932 1023/1681/973 1022/1678/971
f 977/1629/946 978/1628/945 1010/1682/974 1009/1680/972
f 991/1596/932 992/1594/931 1024/1683/975 1023/1681/973
f 978/1628/945 979/1684/944 1011/1685/976 1010/1682/974
f 992/1594/931 993/1592/930 1025/1686/977 1024/1683/975
f 979/1684/944 980/1687/943 1012/1688/978 1011/1685/976
f 993/1592/930 994/1590/929 1026/1689/979 1025/1686/977
f 980/1687/943 981/1690/942 1013/1691/980 1012/1688/978
f 994/1590/929 995/1588/928 1027/1692/981 1026/1689/979
f 981/1693/942 982/1694/941 1014/1695/982 1013/1696/980
f 995/1588/928 996/1585/927 1028/1649/954 1027/1692/981
f 982/1694/941 983/1650/940 1015/1653/956 1014/1695/982
f 1063/1697/983 1064/1698/984 1096/1699/985 1095/1700/986
f 1085/1701/987 1086/1702/988 1118/1703/989 1117/1704/990
f 1050/1705/991 1051/1706/992 1083/1707/993 1082/1708/994
f 1037/1709/995 1038/1710/996 1070/1711/997 1069/1712/998
f 1064/1698/984 1034/1713/999 1066/1714/1000 1096/1699/985
f 1051/1715/992 1052/1716/1001 1084/1717/1002 1083/1718/993
f 1038/1710/996 1039/1719/1003 1071/1720/1004 1070/1711/997
f 1052/1716/1001 1053/1721/1005 1085/1722/987 1084/1717/1002
f 1039/1719/1003 1040/1723/1006 1072/1724/1007 1071/1720/1004
f 1053/1721/1005 1054/1725/1008 1086/1726/988 1085/1722/987
f 1040/1723/1006 1041/1727/1009 1073/1728/1010 1072/1724/1007
f 1054/1725/1008 1055/1729/1011 1087/1730/1012 1086/1726/988
f 1041/1727/1009 1042/1731/1013 1074/1732/1014 1073/1728/1010
f 1055/1729/1011 1056/1733/1015 1088/1734/1016 1087/1730/1012
f 1042/1735/1013 1043/1736/1017 1075/1737/1018 1074/1738/1014
f 1056/1733/1015 1057/1739/1019 1089/1740/1020 1088/1734/1016
f 1043/1736/1017 1044/1741/1021 1076/1742/1022 1075/1737/1018
f 1057/1739/1019 1058/1743/1023 1090/1744/1024 1089/1740/1020
f 1044/1741/1021 1045/1745/1025 1077/1746/1026 1076/1742/1022
f 1058/1743/1023 1059/1747/1027 1091/1748/1028 1090/1744/1024
f 1045/1745/1025 1046/1749/1029 1078/1750/1030 1077/1746/1026
f 1059/1747/1027 1060/1751/1031 1092/1752/1032 1091/1748/1028
f 1046/1749/1029 1047/1753/1033 1079/1754/1034 1078/1750/1030
f 1034/1713/999 1033/1755/1035 1065/1756/1036 1066/1714/1000
f 1060/1751/1031 1061/1757/1037 1093/1758/1038 1092/1752/1032
f 1047/1753/1033 1048/1759/1039 1080/1760/1040 1079/1754/1034
f 1033/1755/1035 1035/1761/1041 1067/1762/1042 1065/1756/1036
f 1061/1763/1037 1062/1764/1043 1094/1765/1044 1093/1766/1038
f 1048/1759/1039 1049/1767/1045 1081/1768/1046 1080/1760/1040
f 1035/1761/1041 1036/1769/1047 1068/1770/1048 1067/1762/1042
f 1062/1764/1043 1063/1697/983 1095/1700/986 1094/1765/1044
f 1049/1767/1045 1050/1705/991 1082/1708/994 1081/1768/1046
f 1036/1771/1047 1037/1709/995 1069/1712/998 1068/1772/1048
f 1120/1773/1049 1121/1774/1050 1153/1775/1051 1152/1776/1052
f 1072/1777/1007 1073/1778/1010 1105/1779/1053 1104/1780/1054
f 1086/1702/988 1087/1781/1012 1119/1782/1055 1118/1703/989
f 1073/1778/1010 1074/1783/1014 1106/1784/1056 1105/1779/1053
f 1087/1781/1012 1088/1785/1016 1120/1786/1049 1119/1782/1055
f 1074/1783/1014 1075/1787/1018 1107/1788/1057 1106/1784/1056
f 1088/1785/1016 1089/1789/1020 1121/1790/1050 1120/1786/1049
f 1075/1787/1018 1076/1791/1022 1108/1792/1058 1107/1788/1057
f 1089/1789/1020 1090/1793/1024 1122/1794/1059 1121/1790/1050
f 1076/1791/1022 1077/1795/1026 1109/1796/1060 1108/1792/1058
f 1090/1793/1024 1091/1797/1028 1123/1798/1061 1122/1794/1059
f 1077/1795/1026 1078/1799/1030 1110/1800/1062 1109/1796/1060
f 1091/1797/1028 1092/1801/1032 1124/1802/1063 1123/1798/1061
f 1078/1799/1030 1079/1803/1034 1111/1804/1064 1110/1800/1062
f 1066/1805/1000 1065/1806/1036 1097/1807/1065 1098/1808/1066
f 1092/1801/1032 1093/1809/1038 1125/1810/1067 1124/1802/1063
f 1079/1803/1034 1080/1811/1040 1112/1812/1068 1111/1804/1064
f 1065/1806/1036 1067/1813/1042 1099/1814/1069 1097/1807/1065
f 1093/1809/1038 1094/1815/1044 1126/1816/1070 1125/1810/1067
f 1080/1811/1040 1081/1817/1046 1113/1818/1071 1112/1812/1068
f 1067/1813/1042 1068/1819/1048 1100/1820/1072 1099/1814/1069
f 1094/1815/1044 1095/1821/986 1127/1822/1073 1126/1816/1070
f 1081/1817/1046 1082/1823/994 1114/1824/1074 1113/1818/1071
f 1068/1819/1048 1069/1825/998 1101/1826/1075 1100/1820/1072
f 1095/1821/986 1096/1827/985 1128/1828/1076 1127/1822/1073
f 1082/1823/994 1083/1829/993 1115/1830/1077 1114/1824/1074
f 1069/1825/998 1070/1831/997 1102/1832/1078 1101/1826/1075
f 1096/1827/985 1066/1805/1000 1098/1808/1066 1128/1828/1076
f 1083/1829/993 1084/1833/1002 1116/1834/1079 1115/1830/1077
f 1070/1831/997 1071/1835/1004 1103/1836/1080 1102/1832/1078
f 1084/1833/1002 1085/1701/987 1117/1704/990 1116/1834/1079
f 1071/1835/1004 1072/1777/1007 1104/1780/1054 1103/1836/1080
f 1129/1837/1081 1131/1838/1082 1132/1839/1083 1133/1840/1084 1134/1841/1085 1135/1842/1086 1136/1843/1087 1137/1844/1088 1138/1845/1089 1139/1846/1090 1140/1847/1091 1141/1848/1092 1142/1849/1093 1143/1850/1094 1144/1851/1095 1145/1852/1096 1146/1853/1097 1147/1854/1098 1148/1855/1099 1149/1856/1100 1150/1857/1101 1151/1858/1102 1152/1859/1052 1153/1860/1051 1154/1861/1103 1155/1862/1104 1156/1863/1105 1157/1864/1106 1158/1865/1107 1159/1866/1108 1160/1867/1109 1130/1868/1110
f 1107/1869/1057 1108/1870/1058 1140/1871/1091 1139/1872/1090
f 1121/1774/1050 1122/1873/1059 1154/1874/1103 1153/1775/1051
f 1108/1870/1058 1109/1875/1060 1141/1876/1092 1140/1871/1091
f 1122/1873/1059 1123/1877/1061 1155/1878/1104 1154/1874/1103
f 1109/1875/1060 1110/1879/1062 1142/1880/1093 1141/1876/1092
f 1123/1877/1061 1124/1881/1063 1156/1882/1105 1155/1878/1104
f 1110/1879/1062 1111/1883/1064 1143/1884/1094 1142/1880/1093
f 1098/1885/1066 1097/1886/1065 1129/1887/1081 1130/1888/1110
f 1124/1881/1063 1125/1889/1067 1157/1890/1106 1156/1882/1105
f 1111/1883/1064 1112/1891/1068 1144/1892/1095 1143/1884/1094
f 1097/1886/1065 1099/1893/1069 1131/1894/1082 1129/1887/1081
f 1125/1895/1067 1126/1896/1070 1158/1897/1107 1157/1898/1106
f 1112/1891/1068 1113/1899/1071 1145/1900/1096 1144/1892/1095
f 1099/1893/1069 1100/1901/1072 1132/1902/1083 1131/1894/1082
f 1126/1896/1070 1127/1903/1073 1159/1904/1108 1158/1897/1107
f 1113/1899/1071 1114/1905/1074 1146/1906/1097 1145/1900/1096
f 1100/1907/1072 1101/1908/1075 1133/1909/1084 1132/1910/1083
f 1127/1903/1073 1128/1911/1076 1160/1912/1109 1159/1904/1108
f 1114/1905/1074 1115/1913/1077 1147/1914/1098 1146/1906/1097
f 1101/1908/1075 1102/1915/1078 1134/1916/1085 1133/1909/1084
f 1128/1911/1076 1098/1885/1066 1130/1888/1110 1160/1912/1109
f 1115/1917/1077 1116/1918/1079 1148/1919/1099 1147/1920/1098
f 1102/1915/1078 1103/1921/1080 1135/1922/1086 1134/1916/1085
f 1116/1918/1079 1117/1923/990 1149/1924/1100 1148/1919/1099
f 1103/1921/1080 1104/1925/1054 1136/1926/1087 1135/1922/1086
f 1117/1923/990 1118/1927/989 1150/1928/1101 1149/1924/1100
f 1104/1925/1054 1105/1929/1053 1137/1930/1088 1136/1926/1087
f 1118/1927/989 1119/1931/1055 1151/1932/1102 1150/1928/1101
f 1105/1929/1053 1106/1933/1056 1138/1934/1089 1137/1930/1088
f 1119/1931/1055 1120/1773/1049 1152/1776/1052 1151/1932/1102
f 1106/1935/1056 1107/1869/1057 1139/1872/1090 1138/1936/1089
f 1064/1698/984 1063/1697/983 1169/1937/1111 1166/1938/1112
f 1034/1713/999 1064/1698/984 1166/1938/1112 1161/1939/1113
f 1063/1697/983 1062/1764/1043 1172/1940/1114 1169/1937/1111
f 1062/1764/1043 1061/1763/1037 1175/1941/1115 1172/1940/1114
f 1061/1757/1037 1060/1751/1031 1178/1942/1116 1175/1943/1115
f 1060/1751/1031 1059/1747/1027 1181/1944/1117 1178/1942/1116
f 1059/1747/1027 1058/1743/1023 1184/1945/1118 1181/1944/1117
f 1058/1743/1023 1057/1739/1019 1187/1946/1119 1184/1945/1118
f 1057/1739/1019 1056/1733/1015 1190/1947/1120 1187/1946/1119
f 1056/1733/1015 1055/1729/1011 1193/1948/1121 1190/1947/1120
f 1055/1729/1011 1054/1725/1008 1196/1949/1122 1193/1948/1121
f 1054/1725/1008 1053/1721/1005 1199/1950/1123 1196/1949/1122
f 1053/1721/1005 1052/1716/1001 1202/1951/1124 1199/1950/1123
f 1052/1716/1001 1051/1715/992 1205/1952/1125 1202/1951/1124
f 1051/1706/992 1050/1705/991 1208/1953/1126 1205/1954/1125
f 1050/1705/991 1049/1767/1045 1211/1955/1127 1208/1953/1126
f 1049/1767/1045 1048/1759/1039 1214/1956/1128 1211/1955/1127
f 1048/1759/1039 1047/1753/1033 1217/1957/1129 1214/1956/1128
f 1047/1753/1033 1046/1749/1029 1220/1958/1130 1217/1957/1129
f 1046/1749/1029 1045/1745/1025 1223/1959/1131 1220/1958/1130
f 1045/1745/1025 1044/1741/1021 1226/1960/1132 1223/1959/1131
f 1044/1741/1021 1043/1736/1017 1229/1961/1133 1226/1960/1132
f 1043/1736/1017 1042/1735/1013 1232/1962/1134 1229/1961/1133
f 1042/1731/1013 1041/1727/1009 1235/1963/1135 1232/1964/1134
f 1041/1727/1009 1040/1723/1006 1238/1965/1136 1235/1963/1135
f 1040/1723/1006 1039/1719/1003 1241/1966/1137 1238/1965/1136
f 1039/1719/1003 1038/1710/996 1244/1967/1138 1241/1966/1137
f 1038/1710/996 1037/1709/995 1247/1968/1139 1244/1967/1138
f 1037/1709/995 1036/1771/1047 1250/1969/1140 1247/1968/1139
f 1036/1769/1047 1035/1761/1041 1253/1970/1141 1250/1971/1140
f 1035/1761/1041 1033/1755/1035 1256/1972/1142 1253/1970/1141
f 1033/1755/1035 1034/1713/999 1161/1939/1113 1256/1972/1142
f 1161/1973/1113 1166/1974/1112 1165/1975/1143 1162/1976/1144
f 1162/1977/1144 1165/1978/1143 1164/1979/1145 1163/1980/1146
f 1163/1980/1146 1164/1979/1145 1032/1669/964 1002/1577/923
f 1166/1974/1112 1169/1981/1111 1168/1982/1147 1165/1975/1143
f 1165/1978/1143 1168/1983/1147 1167/1984/1148 1164/1979/1145
f 1164/1979/1145 1167/1984/1148 1031/1664/961 1032/1669/964
f 1169/1981/1111 1172/1985/1114 1171/1986/1149 1168/1982/1147
f 1168/1983/1147 1171/1987/1149 1170/1988/1150 1167/1984/1148
f 1167/1984/1148 1170/1988/1150 1030/1658/958 1031/1664/961
f 1172/1985/1114 1175/1989/1115 1174/1990/1151 1171/1986/1149
f 1171/1987/1149 1174/1991/1151 1173/1992/1152 1170/1988/1150
f 1170/1988/1150 1173/1992/1152 1029/1659/953 1030/1658/958
f 1175/1989/1115 1178/1993/1116 1177/1994/1153 1174/1990/1151
f 1174/1995/1151 1177/1996/1153 1176/1997/1154 1173/1998/1152
f 1173/1998/1152 1176/1997/1154 1028/1649/954 1029/1648/953
f 1178/1942/1116 1181/1944/1117 1180/1999/1155 1177/1996/1153
f 1177/1996/1153 1180/1999/1155 1179/2000/1156 1176/1997/1154
f 1176/1997/1154 1179/2000/1156 1027/1692/981 1028/1649/954
f 1181/1944/1117 1184/1945/1118 1183/2001/1157 1180/1999/1155
f 1180/1999/1155 1183/2001/1157 1182/2002/1158 1179/2000/1156
f 1179/2000/1156 1182/2002/1158 1026/1689/979 1027/1692/981
f 1184/1945/1118 1187/1946/1119 1186/2003/1159 1183/2001/1157
f 1183/2001/1157 1186/2003/1159 1185/2004/1160 1182/2002/1158
f 1182/2002/1158 1185/2004/1160 1025/1686/977 1026/1689/979
f 1187/1946/1119 1190/1947/1120 1189/2005/1161 1186/2003/1159
f 1186/2003/1159 1189/2005/1161 1188/2006/1162 1185/2004/1160
f 1185/2004/1160 1188/2006/1162 1024/1683/975 1025/1686/977
f 1190/1947/1120 1193/1948/1121 1192/2007/1163 1189/2005/1161
f 1189/2005/1161 1192/2007/1163 1191/2008/1164 1188/2006/1162
f 1188/2006/1162 1191/2008/1164 1023/1681/973 1024/1683/975
f 1193/1948/1121 1196/1949/1122 1195/2009/1165 1192/2007/1163
f 1192/2007/1163 1195/2009/1165 1194/2010/1166 1191/2008/1164
f 1191/2008/1164 1194/2010/1166 1022/1678/971 1023/1681/973
f 1196/1949/1122 1199/1950/1123 1198/2011/1167 1195/2009/1165
f 1195/2009/1165 1198/2011/1167 1197/2012/1168 1194/2010/1166
f 1194/2010/1166 1197/2012/1168 1021/1679/969 1022/1678/971
f 1199/1950/1123 1202/1951/1124 1201/2013/1169 1198/2011/1167
f 1198/2014/1167 1201/2015/1169 1200/2016/1170 1197/2017/1168
f 1197/2017/1168 1200/2016/1170 1020/1673/967 1021/1676/969
f 1202/2018/1124 1205/2019/1125 1204/2020/1171 1201/2015/1169
f 1201/2015/1169 1204/2020/1171 1203/2021/1172 1200/2016/1170
f 1200/2016/1170 1203/2021/1172 1019/1670/965 1020/1673/967
f 1205/2019/1125 1208/2022/1126 1207/2023/1173 1204/2020/1171
f 1204/2020/1171 1207/2023/1173 1206/2024/1174 1203/2021/1172
f 1203/2021/1172 1206/2024/1174 1018/1665/962 1019/1670/965
f 1208/2022/1126 1211/2025/1127 1210/2026/1175 1207/2023/1173
f 1207/2023/1173 1210/2026/1175 1209/2027/1176 1206/2024/1174
f 1206/2024/1174 1209/2027/1176 1017/1660/959 1018/1665/962
f 1211/2025/1127 1214/2028/1128 1213/2029/1177 1210/2026/1175
f 1210/2026/1175 1213/2029/1177 1212/2030/1178 1209/2027/1176
f 1209/2027/1176 1212/2030/1178 1016/1652/955 1017/1660/959
f 1214/1956/1128 1217/1957/1129 1216/2031/1179 1213/2032/1177
f 1213/2029/1177 1216/2033/1179 1215/2034/1180 1212/2030/1178
f 1212/2030/1178 1215/2034/1180 1015/1653/956 1016/1652/955
f 1217/1957/1129 1220/1958/1130 1219/2035/1181 1216/2031/1179
f 1216/2033/1179 1219/2036/1181 1218/2037/1182 1215/2034/1180
f 1215/2034/1180 1218/2037/1182 1014/1695/982 1015/1653/956
f 1220/1958/1130 1223/1959/1131 1222/2038/1183 1219/2035/1181
f 1219/2036/1181 1222/2039/1183 1221/2040/1184 1218/2037/1182
f 1218/2037/1182 1221/2040/1184 1013/1696/980 1014/1695/982
f 1223/1959/1131 1226/1960/1132 1225/2041/1185 1222/2038/1183
f 1222/2042/1183 1225/2043/1185 1224/2044/1186 1221/2045/1184
f 1221/2045/1184 1224/2044/1186 1012/1688/978 1013/1691/980
f 1226/1960/1132 1229/1961/1133 1228/2046/1187 1225/2041/1185
f 1225/2043/1185 1228/2047/1187 1227/2048/1188 1224/2044/1186
f 1224/2044/1186 1227/2048/1188 1011/1685/976 1012/1688/978
f 1229/2049/1133 1232/1964/1134 1231/2050/1189 1228/2047/1187
f 1228/2047/1187 1231/2050/1189 1230/2051/1190 1227/2048/1188
f 1227/2048/1188 1230/2051/1190 1010/1682/974 1011/1685/976
f 1232/1964/1134 1235/1963/1135 1234/2052/1191 1231/2050/1189
f 1231/2050/1189 1234/2052/1191 1233/2053/1192 1230/2051/1190
f 1230/2051/1190 1233/2053/1192 1009/1680/972 1010/1682/974
f 1235/1963/1135 1238/1965/1136 1237/2054/1193 1234/2052/1191
f 1234/2052/1191 1237/2054/1193 1236/2055/1194 1233/2053/1192
f 1233/2053/1192 1236/2055/1194 1008/1677/970 1009/1680/972
f 1238/1965/1136 1241/1966/1137 1240/2056/1195 1237/2054/1193
f 1237/2054/1193 1240/2056/1195 1239/2057/1196 1236/2055/1194
f 1236/2055/1194 1239/2057/1196 1007/1674/968 1008/1677/970
f 1241/1966/1137 1244/1967/1138 1243/2058/1197 1240/2056/1195
f 1240/2056/1195 1243/2058/1197 1242/2059/1198 1239/2057/1196
f 1239/2057/1196 1242/2059/1198 1006/1671/966 1007/1674/968
f 1244/2060/1138 1247/2061/1139 1246/2062/1199 1243/2063/1197
f 1243/2058/1197 1246/2064/1199 1245/2065/1200 1242/2059/1198
f 1242/2059/1198 1245/2065/1200 1005/1672/963 1006/1671/966
f 1247/2061/1139 1250/2066/1140 1249/2067/1201 1246/2062/1199
f 1246/2068/1199 1249/2069/1201 1248/2070/1202 1245/2071/1200
f 1245/2071/1200 1248/2070/1202 1004/1662/960 1005/1667/963
f 1250/2066/1140 1253/2072/1141 1252/2073/1203 1249/2067/1201
f 1249/2069/1201 1252/2074/1203 1251/2075/1204 1248/2070/1202
f 1248/2070/1202 1251/2075/1204 1003/1655/957 1004/1662/960
f 1253/2072/1141 1256/2076/1142 1255/2077/1205 1252/2073/1203
f 1252/2074/1203 1255/2078/1205 1254/2079/1206 1251/2075/1204
f 1251/2075/1204 1254/2079/1206 1001/1576/922 1003/1655/957
f 1256/2076/1142 1161/1973/1113 1162/1976/1144 1255/2077/1205
f 1255/2078/1205 1162/1977/1144 1163/1980/1146 1254/2079/1206
f 1254/2079/1206 1163/1980/1146 1002/1577/923 1001/1576/922
f 1258/2080/3 1257/2081/3 1288/2082/3 1287/2083/3 1286/2084/3 1285/2085/3 1284/2086/3 1283/2087/3 1282/2088/3 1281/2089/3 1280/2090/3 1279/2091/3 1278/2092/3 1277/2093/3 1276/2094/3 1275/2095/3 1274/2096/3 1273/2097/3 1272/2098/3 1271/2099/3 1270/2100/3 1269/2101/3 1268/2102/3 1267/2103/3 1266/2104/3 1265/2105/3 1264/2106/3 1263/2107/3 1262/2108/3 1261/2109/3 1260/2110/3 1259/2111/3
f 1311/2112/1207 1312/2113/1208 1376/2114/1209 1375/2115/1210
s 0
f 1257/59/3 1258/59/14 1289/59/1211 1290/59/16
f 1284/59/22 1285/59/16 1317/59/1212 1316/59/16
f 1271/59/3 1272/59/16 1304/59/1213 1303/59/14
f 1258/59/3 1259/59/14 1291/59/1214 1289/59/14
f 1285/59/3 1286/59/14 1318/59/1215 1317/59/16
f 1272/59/3 1273/59/16 1305/59/1216 1304/59/14
f 1259/59/3 1260/59/14 1292/59/1217 1291/59/14
f 1286/59/3 1287/59/14 1319/59/1218 1318/59/16
f 1273/59/3 1274/59/14 1306/59/1219 1305/59/14
f 1260/59/43 1261/59/16 1293/59/1220 1292/59/14
f 1287/59/13 1288/59/14 1320/59/1221 1319/59/16
f 1274/59/3 1275/59/14 1307/59/1222 1306/59/16
f 1261/59/3 1262/59/14 1294/59/1223 1293/59/14
f 1288/59/13 1257/59/16 1290/59/1224 1320/59/16
f 1275/59/13 1276/59/16 1308/59/1225 1307/59/16
f 1262/59/3 1263/59/16 1295/59/1226 1294/59/14
f 1276/59/3 1277/59/16 1309/59/1227 1308/59/16
f 1263/59/22 1264/59/16 1296/59/1228 1295/59/14
f 1277/59/3 1278/59/14 1310/59/1229 1309/59/16
f 1264/59/3 1265/59/16 1297/59/1230 1296/59/14
f 1278/59/13 1279/59/16 1311/59/1231 1310/59/16
f 1265/59/22 1266/59/14 1298/59/1232 1297/59/14
f 1279/59/3 1280/59/14 1312/59/1233 1311/59/16
f 1266/59/3 1267/59/16 1299/59/1234 1298/59/14
f 1280/59/3 1281/59/14 1313/59/1235 1312/59/16
f 1267/59/3 1268/59/14 1300/59/1236 1299/59/14
f 1281/59/3 1282/59/14 1314/59/1237 1313/59/16
f 1268/59/3 1269/59/14 1301/59/1238 1300/59/14
f 1282/59/22 1283/59/16 1315/59/1239 1314/59/16
f 1269/59/3 1270/59/14 1302/59/1240 1301/59/14
f 1283/59/3 1284/59/16 1316/59/1241 1315/59/16
f 1270/59/3 1271/59/14 1303/59/1242 1302/59/14
s 1
f 1386/2116/1243 1416/2117/1244 1352/2118/1245 1322/2119/1246
f 1298/2120/1247 1299/2121/1234 1363/2122/1248 1362/2123/1249
f 1312/2113/1208 1313/2124/1250 1377/2125/1251 1376/2114/1209
f 1299/2121/1234 1300/2126/1236 1364/2127/1252 1363/2122/1248
f 1313/2124/1250 1314/2128/1237 1378/2129/1253 1377/2125/1251
f 1300/2126/1236 1301/2130/1238 1365/2131/1254 1364/2127/1252
f 1314/2128/1237 1315/2132/1239 1379/2133/1255 1378/2129/1253
f 1301/2130/1238 1302/2134/1256 1366/2135/1257 1365/2131/1254
f 1315/2136/1239 1316/2137/1241 1380/2138/1258 1379/2139/1255
f 1302/2140/1256 1303/2141/1259 1367/2142/1260 1366/2143/1257
f 1290/2144/1224 1289/2145/1211 1353/2146/1261 1354/2147/1262
f 1316/2137/1241 1317/2148/1263 1381/2149/1264 1380/2138/1258
f 1303/2141/1259 1304/2150/1265 1368/2151/1266 1367/2142/1260
f 1289/2145/1211 1291/2152/1267 1355/2153/1268 1353/2146/1261
f 1317/2148/1263 1318/2154/1269 1382/2155/1270 1381/2149/1264
f 1304/2150/1265 1305/2156/1271 1369/2157/1272 1368/2151/1266
f 1291/2152/1267 1292/2158/1217 1356/2159/1273 1355/2153/1268
f 1318/2154/1269 1319/2160/1274 1383/2161/1275 1382/2155/1270
f 1305/2156/1271 1306/2162/1276 1370/2163/1277 1369/2157/1272
f 1292/2164/1217 1293/2165/1220 1357/2166/1278 1356/2167/1273
f 1319/2160/1274 1320/2168/1279 1384/2169/1280 1383/2161/1275
f 1306/2162/1276 1307/2170/1281 1371/2171/1282 1370/2163/1277
f 1293/2165/1220 1294/2172/1283 1358/2173/1284 1357/2166/1278
f 1320/2168/1279 1290/2144/1224 1354/2147/1262 1384/2169/1280
f 1307/2170/1281 1308/2174/1285 1372/2175/1286 1371/2171/1282
f 1294/2172/1283 1295/2176/1287 1359/2177/1288 1358/2173/1284
f 1308/2174/1285 1309/2178/1227 1373/2179/1289 1372/2175/1286
f 1295/2176/1287 1296/2180/1228 1360/2181/1290 1359/2177/1288
f 1309/2182/1227 1310/2183/1291 1374/2184/1292 1373/2185/1289
f 1296/2180/1228 1297/2186/1230 1361/2187/1293 1360/2181/1290
f 1310/2183/1291 1311/2112/1207 1375/2115/1210 1374/2184/1292
f 1297/2186/1230 1298/2120/1247 1362/2123/1249 1361/2187/1293
f 1321/2188/1294 1322/2189/1246 1354/2190/1262 1353/2191/1261
f 1323/2192/1295 1321/2188/1294 1353/2191/1261 1355/2193/1268
f 1324/2194/1296 1323/2192/1295 1355/2193/1268 1356/2195/1273
f 1325/2196/1297 1324/2194/1296 1356/2195/1273 1357/2197/1278
f 1326/2198/1298 1325/2196/1297 1357/2197/1278 1358/2199/1284
f 1327/2200/1299 1326/2198/1298 1358/2199/1284 1359/2201/1288
f 1328/2202/1300 1327/2200/1299 1359/2201/1288 1360/2203/1290
f 1329/2204/1301 1328/2202/1300 1360/2203/1290 1361/2205/1293
f 1330/2206/1302 1329/2204/1301 1361/2205/1293 1362/2207/1249
f 1331/2208/1303 1330/2206/1302 1362/2207/1249 1363/2209/1248
f 1332/2210/1304 1331/2208/1303 1363/2209/1248 1364/2211/1252
f 1333/2212/1305 1332/2210/1304 1364/2211/1252 1365/2213/1254
f 1334/2214/1306 1333/2212/1305 1365/2213/1254 1366/2215/1257
f 1335/2216/1307 1334/2214/1306 1366/2215/1257 1367/2217/1260
f 1336/2218/1308 1335/2216/1307 1367/2217/1260 1368/2219/1266
f 1337/2220/1309 1336/2218/1308 1368/2219/1266 1369/2221/1272
f 1338/2222/1310 1337/2220/1309 1369/2221/1272 1370/2223/1277
f 1339/2224/1311 1338/2222/1310 1370/2223/1277 1371/2225/1282
f 1340/2226/1312 1339/2224/1311 1371/2225/1282 1372/2227/1286
f 1341/2228/1313 1340/2226/1312 1372/2227/1286 1373/2229/1289
f 1342/2230/1314 1341/2228/1313 1373/2229/1289 1374/2231/1292
f 1343/2232/1315 1342/2230/1314 1374/2231/1292 1375/2233/1210
f 1344/2234/1316 1343/2232/1315 1375/2233/1210 1376/2235/1209
f 1345/2236/1317 1344/2234/1316 1376/2235/1209 1377/2237/1251
f 1346/2238/1318 1345/2236/1317 1377/2237/1251 1378/2239/1253
f 1347/2240/1319 1346/2238/1318 1378/2239/1253 1379/2241/1255
f 1348/2242/1320 1347/2240/1319 1379/2241/1255 1380/2243/1258
f 1349/2244/1321 1348/2242/1320 1380/2243/1258 1381/2245/1264
f 1350/2246/1322 1349/2244/1321 1381/2245/1264 1382/2247/1270
f 1351/2248/1323 1350/2246/1322 1382/2247/1270 1383/2249/1275
f 1352/2250/1245 1351/2248/1323 1383/2249/1275 1384/2251/1280
f 1322/2189/1246 1352/2250/1245 1384/2251/1280 1354/2190/1262
f 1386/2252/1243 1385/2253/1324 1417/2254/1325 1418/2255/1326
f 1416/2117/1244 1415/2256/1327 1351/2257/1323 1352/2118/1245
f 1415/2256/1327 1414/2258/1328 1350/2259/1322 1351/2257/1323
f 1414/2258/1328 1413/2260/1329 1349/2261/1321 1350/2259/1322
f 1413/2260/1329 1412/2262/1330 1348/2263/1320 1349/2261/1321
f 1412/2262/1330 1411/2264/1331 1347/2265/1319 1348/2263/1320
f 1411/2266/1331 1410/2267/1332 1346/2268/1318 1347/2269/1319
f 1410/2267/1332 1409/2270/1333 1345/2271/1317 1346/2268/1318
f 1409/2270/1333 1408/2272/1334 1344/2273/1316 1345/2271/1317
f 1408/2272/1334 1407/2274/1335 1343/2275/1315 1344/2273/1316
f 1407/2274/1335 1406/2276/1336 1342/2277/1314 1343/2275/1315
f 1406/2276/1336 1405/2278/1337 1341/2279/1313 1342/2277/1314
f 1405/2280/1337 1404/2281/1338 1340/2282/1312 1341/2283/1313
f 1404/2281/1338 1403/2284/1339 1339/2285/1311 1340/2282/1312
f 1403/2284/1339 1402/2286/1340 1338/2287/1310 1339/2285/1311
f 1402/2286/1340 1401/2288/1341 1337/2289/1309 1338/2287/1310
f 1401/2288/1341 1400/2290/1342 1336/2291/1308 1337/2289/1309
f 1400/2290/1342 1399/2292/1343 1335/2293/1307 1336/2291/1308
f 1399/2292/1343 1398/2294/1344 1334/2295/1306 1335/2293/1307
f 1398/2296/1344 1397/2297/1345 1333/2298/1305 1334/2299/1306
f 1397/2297/1345 1396/2300/1346 1332/2301/1304 1333/2298/1305
f 1396/2300/1346 1395/2302/1347 1331/2303/1303 1332/2301/1304
f 1395/2302/1347 1394/2304/1348 1330/2305/1302 1331/2303/1303
f 1394/2304/1348 1393/2306/1349 1329/2307/1301 1330/2305/1302
f 1393/2306/1349 1392/2308/1350 1328/2309/1300 1329/2307/1301
f 1392/2308/1350 1391/2310/1351 1327/2311/1299 1328/2309/1300
f 1391/2310/1351 1390/2312/1352 1326/2313/1298 1327/2311/1299
f 1390/2312/1352 1389/2314/1353 1325/2315/1297 1326/2313/1298
f 1389/2316/1353 1388/2317/1354 1324/2194/1296 1325/2196/1297
f 1388/2317/1354 1387/2318/1355 1323/2192/1295 1324/2194/1296
f 1387/2318/1355 1385/2253/1324 1321/2188/1294 1323/2192/1295
f 1385/2319/1324 1386/2116/1243 1322/2119/1246 1321/2320/1294
f 1412/2321/1330 1413/2322/1329 1445/2323/1356 1444/2324/1357
f 1399/2325/1343 1400/2326/1342 1432/2327/1358 1431/2328/1359
f 1385/2253/1324 1387/2318/1355 1419/2329/1360 1417/2254/1325
f 1413/2330/1329 1414/2331/1328 1446/2332/1361 1445/2333/1356
f 1400/2326/1342 1401/2334/1341 1433/2335/1362 1432/2327/1358
f 1387/2318/1355 1388/2317/1354 1420/2336/1363 1419/2329/1360
f 1414/2331/1328 1415/2337/1327 1447/2338/1364 1446/2332/1361
f 1401/2334/1341 1402/2339/1340 1434/2340/1365 1433/2335/1362
f 1388/2317/1354 1389/2316/1353 1421/2341/1366 1420/2336/1363
f 1415/2337/1327 1416/2342/1244 1448/2343/1367 1447/2338/1364
f 1402/2339/1340 1403/2344/1339 1435/2345/1368 1434/2340/1365
f 1389/2314/1353 1390/2312/1352 1422/2346/1369 1421/2347/1366
f 1416/2342/1244 1386/2252/1243 1418/2255/1326 1448/2343/1367
f 1403/2344/1339 1404/2348/1338 1436/2349/1370 1435/2345/1368
f 1390/2312/1352 1391/2310/1351 1423/2350/1371 1422/2346/1369
f 1404/2348/1338 1405/2351/1337 1437/2352/1372 1436/2349/1370
f 1391/2310/1351 1392/2308/1350 1424/2353/1373 1423/2350/1371
f 1405/2278/1337 1406/2276/1336 1438/2354/1374 1437/2355/1372
f 1392/2308/1350 1393/2306/1349 1425/2356/1375 1424/2353/1373
f 1406/2276/1336 1407/2274/1335 1439/2357/1376 1438/2354/1374
f 1393/2306/1349 1394/2304/1348 1426/2358/1377 1425/2356/1375
f 1407/2274/1335 1408/2272/1334 1440/2359/1378 1439/2357/1376
f 1394/2304/1348 1395/2302/1347 1427/2360/1379 1426/2358/1377
f 1408/2272/1334 1409/2270/1333 1441/2361/1380 1440/2359/1378
f 1395/2302/1347 1396/2300/1346 1428/2362/1381 1427/2360/1379
f 1409/2270/1333 1410/2267/1332 1442/2363/1382 1441/2361/1380
f 1396/2300/1346 1397/2297/1345 1429/2364/1383 1428/2362/1381
f 1410/2267/1332 1411/2266/1331 1443/2365/1384 1442/2363/1382
f 1397/2366/1345 1398/2367/1344 1430/2368/1385 1429/2369/1383
f 1411/2266/1331 1412/2321/1330 1444/2324/1357 1443/2365/1384
f 1398/2367/1344 1399/2325/1343 1431/2328/1359 1430/2368/1385
f 1479/2370/1386 1480/2371/1387 1512/2372/1388 1511/2373/1389
f 1501/2374/1390 1502/2375/1391 1534/2376/1392 1533/2377/1393
f 1466/2378/1394 1467/2379/1395 1499/2380/1396 1498/2381/1397
f 1453/2382/1398 1454/2383/1399 1486/2384/1400 1485/2385/1401
f 1480/2371/1387 1450/2386/1402 1482/2387/1403 1512/2372/1388
f 1467/2379/1395 1468/2388/1404 1500/2389/1405 1499/2380/1396
f 1454/2383/1399 1455/2390/1406 1487/2391/1407 1486/2384/1400
f 1468/2388/1404 1469/2392/1408 1501/2393/1390 1500/2389/1405
f 1455/2390/1406 1456/2394/1409 1488/2395/1410 1487/2391/1407
f 1469/2396/1408 1470/2397/1411 1502/2398/1391 1501/2399/1390
f 1456/2394/1409 1457/2400/1412 1489/2401/1413 1488/2395/1410
f 1470/2397/1411 1471/2402/1414 1503/2403/1415 1502/2398/1391
f 1457/2400/1412 1458/2404/1416 1490/2405/1417 1489/2401/1413
f 1471/2402/1414 1472/2406/1418 1504/2407/1419 1503/2403/1415
f 1458/2404/1416 1459/2408/1420 1491/2409/1421 1490/2405/1417
f 1472/2406/1418 1473/2410/1422 1505/2411/1423 1504/2407/1419
f 1459/2408/1420 1460/2412/1424 1492/2413/1425 1491/2409/1421
f 1473/2410/1422 1474/2414/1426 1506/2415/1427 1505/2411/1423
f 1460/2412/1424 1461/2416/1428 1493/2417/1429 1492/2413/1425
f 1474/2414/1426 1475/2418/1430 1507/2419/1431 1506/2415/1427
f 1461/2416/1428 1462/2420/1432 1494/2421/1433 1493/2417/1429
f 1475/2422/1430 1476/2423/1434 1508/2424/1435 1507/2425/1431
f 1462/2426/1432 1463/2427/1436 1495/2428/1437 1494/2429/1433
f 1450/2386/1402 1449/2430/1438 1481/2431/1439 1482/2387/1403
f 1476/2423/1434 1477/2432/1440 1509/2433/1441 1508/2424/1435
f 1463/2427/1436 1464/2434/1442 1496/2435/1443 1495/2428/1437
f 1449/2430/1438 1451/2436/1444 1483/2437/1445 1481/2431/1439
f 1477/2432/1440 1478/2438/1446 1510/2439/1447 1509/2433/1441
f 1464/2434/1442 1465/2440/1448 1497/2441/1449 1496/2435/1443
f 1451/2436/1444 1452/2442/1450 1484/2443/1451 1483/2437/1445
f 1478/2438/1446 1479/2370/1386 1511/2373/1389 1510/2439/1447
f 1465/2440/1448 1466/2378/1394 1498/2381/1397 1497/2441/1449
f 1452/2444/1450 1453/2382/1398 1485/2385/1401 1484/2445/1451
f 1536/2446/1452 1537/2447/1453 1569/2448/1454 1568/2449/1455
f 1488/2450/1410 1489/2451/1413 1521/2452/1456 1520/2453/1457
f 1502/2375/1391 1503/2454/1415 1535/2455/1458 1534/2376/1392
f 1489/2451/1413 1490/2456/1417 1522/2457/1459 1521/2452/1456
f 1503/2454/1415 1504/2458/1419 1536/2459/1452 1535/2455/1458
f 1490/2456/1417 1491/2460/1421 1523/2461/1460 1522/2457/1459
f 1504/2458/1419 1505/2462/1423 1537/2463/1453 1536/2459/1452
f 1491/2460/1421 1492/2464/1425 1524/2465/1461 1523/2461/1460
f 1505/2462/1423 1506/2466/1427 1538/2467/1462 1537/2463/1453
f 1492/2464/1425 1493/2468/1429 1525/2469/1463 1524/2465/1461
f 1506/2466/1427 1507/2470/1431 1539/2471/1464 1538/2467/1462
f 1493/2468/1429 1494/2472/1433 1526/2473/1465 1525/2469/1463
f 1507/2470/1431 1508/2474/1435 1540/2475/1466 1539/2471/1464
f 1494/2472/1433 1495/2476/1437 1527/2477/1467 1526/2473/1465
f 1482/2478/1403 1481/2479/1439 1513/2480/1468 1514/2481/1469
f 1508/2474/1435 1509/2482/1441 1541/2483/1470 1540/2475/1466
f 1495/2476/1437 1496/2484/1443 1528/2485/1471 1527/2477/1467
f 1481/2479/1439 1483/2486/1445 1515/2487/1472 1513/2480/1468
f 1509/2482/1441 1510/2488/1447 1542/2489/1473 1541/2483/1470
f 1496/2484/1443 1497/2490/1449 1529/2491/1474 1528/2485/1471
f 1483/2486/1445 1484/2492/1451 1516/2493/1475 1515/2487/1472
f 1510/2488/1447 1511/2494/1389 1543/2495/1476 1542/2489/1473
f 1497/2490/1449 1498/2496/1397 1530/2497/1477 1529/2491/1474
f 1484/2492/1451 1485/2498/1401 1517/2499/1478 1516/2493/1475
f 1511/2494/1389 1512/2500/1388 1544/2501/1479 1543/2495/1476
f 1498/2496/1397 1499/2502/1396 1531/2503/1480 1530/2497/1477
f 1485/2498/1401 1486/2504/1400 1518/2505/1481 1517/2499/1478
f 1512/2500/1388 1482/2478/1403 1514/2481/1469 1544/2501/1479
f 1499/2502/1396 1500/2506/1405 1532/2507/1482 1531/2503/1480
f 1486/2504/1400 1487/2508/1407 1519/2509/1483 1518/2505/1481
f 1500/2506/1405 1501/2374/1390 1533/2377/1393 1532/2507/1482
f 1487/2508/1407 1488/2450/1410 1520/2453/1457 1519/2509/1483
f 1545/2510/1484 1547/2511/1485 1548/2512/1486 1549/2513/1487 1550/2514/1488 1551/2515/1489 1552/2516/1490 1553/2517/1491 1554/2518/1492 1555/2519/1493 1556/2520/1494 1557/2521/1495 1558/2522/1496 1559/2523/1497 1560/2524/1498 1561/2525/1499 1562/2526/1500 1563/2527/1501 1564/2528/1502 1565/2529/1503 1566/2530/1504 1567/2531/1505 1568/2532/1455 1569/2533/1454 1570/2534/1506 1571/2535/1507 1572/2536/1508 1573/2537/1509 1574/2538/1510 1575/2539/1511 1576/2540/1512 1546/2541/1513
f 1523/2542/1460 1524/2543/1461 1556/2544/1494 1555/2545/1493
f 1537/2447/1453 1538/2546/1462 1570/2547/1506 1569/2448/1454
f 1524/2543/1461 1525/2548/1463 1557/2549/1495 1556/2544/1494
f 1538/2546/1462 1539/2550/1464 1571/2551/1507 1570/2547/1506
f 1525/2548/1463 1526/2552/1465 1558/2553/1496 1557/2549/1495
f 1539/2554/1464 1540/2555/1466 1572/2556/1508 1571/2557/1507
f 1526/2558/1465 1527/2559/1467 1559/2560/1497 1558/2561/1496
f 1514/2562/1469 1513/2563/1468 1545/2564/1484 1546/2565/1513
f 1540/2555/1466 1541/2566/1470 1573/2567/1509 1572/2556/1508
f 1527/2559/1467 1528/2568/1471 1560/2569/1498 1559/2560/1497
f 1513/2563/1468 1515/2570/1472 1547/2571/1485 1545/2564/1484
f 1541/2566/1470 1542/2572/1473 1574/2573/1510 1573/2567/1509
f 1528/2568/1471 1529/2574/1474 1561/2575/1499 1560/2569/1498
f 1515/2570/1472 1516/2576/1475 1548/2577/1486 1547/2571/1485
f 1542/2572/1473 1543/2578/1476 1575/2579/1511 1574/2573/1510
f 1529/2574/1474 1530/2580/1477 1562/2581/1500 1561/2575/1499
f 1516/2582/1475 1517/2583/1478 1549/2584/1487 1548/2585/1486
f 1543/2578/1476 1544/2586/1479 1576/2587/1512 1575/2579/1511
f 1530/2580/1477 1531/2588/1480 1563/2589/1501 1562/2581/1500
f 1517/2583/1478 1518/2590/1481 1550/2591/1488 1549/2584/1487
f 1544/2586/1479 1514/2562/1469 1546/2565/1513 1576/2587/1512
f 1531/2588/1480 1532/2592/1482 1564/2593/1502 1563/2589/1501
f 1518/2590/1481 1519/2594/1483 1551/2595/1489 1550/2591/1488
f 1532/2592/1482 1533/2596/1393 1565/2597/1503 1564/2593/1502
f 1519/2594/1483 1520/2598/1457 1552/2599/1490 1551/2595/1489
f 1533/2600/1393 1534/2601/1392 1566/2602/1504 1565/2603/1503
f 1520/2598/1457 1521/2604/1456 1553/2605/1491 1552/2599/1490
f 1534/2601/1392 1535/2606/1458 1567/2607/1505 1566/2602/1504
f 1521/2604/1456 1522/2608/1459 1554/2609/1492 1553/2605/1491
f 1535/2606/1458 1536/2446/1452 1568/2449/1455 1567/2607/1505
f 1522/2608/1459 1523/2542/1460 1555/2545/1493 1554/2609/1492
f 1480/2371/1387 1479/2370/1386 1585/2610/1514 1582/2611/1515
f 1450/2386/1402 1480/2371/1387 1582/2611/1515 1577/2612/1516
f 1479/2370/1386 1478/2438/1446 1588/2613/1517 1585/2610/1514
f 1478/2438/1446 1477/2432/1440 1591/2614/1518 1588/2613/1517
f 1477/2432/1440 1476/2423/1434 1594/2615/1519 1591/2614/1518
f 1476/2423/1434 1475/2422/1430 1597/2616/1520 1594/2615/1519
f 1475/2418/1430 1474/2414/1426 1600/2617/1521 1597/2618/1520
f 1474/2414/1426 1473/2410/1422 1603/2619/1522 1600/2617/1521
f 1473/2410/1422 1472/2406/1418 1606/2620/1523 1603/2619/1522
f 1472/2406/1418 1471/2402/1414 1609/2621/1524 1606/2620/1523
f 1471/2402/1414 1470/2397/1411 1612/2622/1525 1609/2621/1524
f 1470/2397/1411 1469/2396/1408 1615/2623/1526 1612/2622/1525
f 1469/2392/1408 1468/2388/1404 1618/2624/1527 1615/2625/1526
f 1468/2388/1404 1467/2379/1395 1621/2626/1528 1618/2624/1527
f 1467/2379/1395 1466/2378/1394 1624/2627/1529 1621/2626/1528
f 1466/2378/1394 1465/2440/1448 1627/2628/1530 1624/2627/1529
f 1465/2440/1448 1464/2434/1442 1630/2629/1531 1627/2628/1530
f 1464/2434/1442 1463/2427/1436 1633/2630/1532 1630/2629/1531
f 1463/2427/1436 1462/2426/1432 1636/2631/1533 1633/2630/1532
f 1462/2420/1432 1461/2416/1428 1639/2632/1534 1636/2633/1533
f 1461/2416/1428 1460/2412/1424 1642/2634/1535 1639/2632/1534
f 1460/2412/1424 1459/2408/1420 1645/2635/1536 1642/2634/1535
f 1459/2408/1420 1458/2404/1416 1648/2636/1537 1645/2635/1536
f 1458/2404/1416 1457/2400/1412 1651/2637/1538 1648/2636/1537
f 1457/2400/1412 1456/2394/1409 1654/2638/1539 1651/2637/1538
f 1456/2394/1409 1455/2390/1406 1657/2639/1540 1654/2638/1539
f 1455/2390/1406 1454/2383/1399 1660/2640/1541 1657/2639/1540
f 1454/2383/1399 1453/2382/1398 1663/2641/1542 1660/2640/1541
f 1453/2382/1398 1452/2444/1450 1666/2642/1543 1663/2641/1542
f 1452/2442/1450 1451/2436/1444 1669/2643/1544 1666/2644/1543
f 1451/2436/1444 1449/2430/1438 1672/2645/1545 1669/2643/1544
f 1449/2430/1438 1450/2386/1402 1577/2612/1516 1672/2645/1545
f 1577/2646/1516 1582/2647/1515 1581/2648/1546 1578/2649/1547
f 1578/2650/1547 1581/2651/1546 1580/2652/1548 1579/2653/1549
f 1579/2653/1549 1580/2652/1548 1448/2343/1367 1418/2255/1326
f 1582/2647/1515 1585/2654/1514 1584/2655/1550 1581/2648/1546
f 1581/2651/1546 1584/2656/1550 1583/2657/1551 1580/2652/1548
f 1580/2652/1548 1583/2657/1551 1447/2338/1364 1448/2343/1367
f 1585/2654/1514 1588/2658/1517 1587/2659/1552 1584/2655/1550
f 1584/2656/1550 1587/2660/1552 1586/2661/1553 1583/2657/1551
f 1583/2657/1551 1586/2661/1553 1446/2332/1361 1447/2338/1364
f 1588/2658/1517 1591/2662/1518 1590/2663/1554 1587/2659/1552
f 1587/2660/1552 1590/2664/1554 1589/2665/1555 1586/2661/1553
f 1586/2661/1553 1589/2665/1555 1445/2333/1356 1446/2332/1361
f 1591/2662/1518 1594/2666/1519 1593/2667/1556 1590/2663/1554
f 1590/2668/1554 1593/2669/1556 1592/2670/1557 1589/2671/1555
f 1589/2671/1555 1592/2670/1557 1444/2324/1357 1445/2323/1356
f 1594/2615/1519 1597/2616/1520 1596/2672/1558 1593/2673/1556
f 1593/2669/1556 1596/2674/1558 1595/2675/1559 1592/2670/1557
f 1592/2670/1557 1595/2675/1559 1443/2365/1384 1444/2324/1357
f 1597/2618/1520 1600/2617/1521 1599/2676/1560 1596/2674/1558
f 1596/2674/1558 1599/2676/1560 1598/2677/1561 1595/2675/1559
f 1595/2675/1559 1598/2677/1561 1442/2363/1382 1443/2365/1384
f 1600/2617/1521 1603/2619/1522 1602/2678/1562 1599/2676/1560
f 1599/2676/1560 1602/2678/1562 1601/2679/1563 1598/2677/1561
f 1598/2677/1561 1601/2679/1563 1441/2361/1380 1442/2363/1382
f 1603/2619/1522 1606/2620/1523 1605/2680/1564 1602/2678/1562
f 1602/2678/1562 1605/2680/1564 1604/2681/1565 1601/2679/1563
f 1601/2679/1563 1604/2681/1565 1440/2359/1378 1441/2361/1380
f 1606/2620/1523 1609/2621/1524 1608/2682/1566 1605/2680/1564
f 1605/2680/1564 1608/2682/1566 1607/2683/1567 1604/2681/1565
f 1604/2681/1565 1607/2683/1567 1439/2357/1376 1440/2359/1378
f 1609/2621/1524 1612/2622/1525 1611/2684/1568 1608/2682/1566
f 1608/2682/1566 1611/2684/1568 1610/2685/1569 1607/2683/1567
f 1607/2683/1567 1610/2685/1569 1438/2354/1374 1439/2357/1376
f 1612/2622/1525 1615/2623/1526 1614/2686/1570 1611/2684/1568
f 1611/2684/1568 1614/2686/1570 1613/2687/1571 1610/2685/1569
f 1610/2685/1569 1613/2687/1571 1437/2355/1372 1438/2354/1374
f 1615/2623/1526 1618/2688/1527 1617/2689/1572 1614/2686/1570
f 1614/2690/1570 1617/2691/1572 1616/2692/1573 1613/2693/1571
f 1613/2693/1571 1616/2692/1573 1436/2349/1370 1437/2352/1372
f 1618/2624/1527 1621/2626/1528 1620/2694/1574 1617/2695/1572
f 1617/2691/1572 1620/2696/1574 1619/2697/1575 1616/2692/1573
f 1616/2692/1573 1619/2697/1575 1435/2345/1368 1436/2349/1370
f 1621/2626/1528 1624/2627/1529 1623/2698/1576 1620/2694/1574
f 1620/2696/1574 1623/2699/1576 1622/2700/1577 1619/2697/1575
f 1619/2697/1575 1622/2700/1577 1434/2340/1365 1435/2345/1368
f 1624/2627/1529 1627/2628/1530 1626/2701/1578 1623/2698/1576
f 1623/2699/1576 1626/2702/1578 1625/2703/1579 1622/2700/1577
f 1622/2700/1577 1625/2703/1579 1433/2335/1362 1434/2340/1365
f 1627/2628/1530 1630/2629/1531 1629/2704/1580 1626/2701/1578
f 1626/2702/1578 1629/2705/1580 1628/2706/1581 1625/2703/1579
f 1625/2703/1579 1628/2706/1581 1432/2327/1358 1433/2335/1362
f 1630/2629/1531 1633/2630/1532 1632/2707/1582 1629/2704/1580
f 1629/2705/1580 1632/2708/1582 1631/2709/1583 1628/2706/1581
f 1628/2706/1581 1631/2709/1583 1431/2328/1359 1432/2327/1358
f 1633/2710/1532 1636/2711/1533 1635/2712/1584 1632/2708/1582
f 1632/2708/1582 1635/2712/1584 1634/2713/1585 1631/2709/1583
f 1631/2709/1583 1634/2713/1585 1430/2368/1385 1431/2328/1359
f 1636/2633/1533 1639/2632/1534 1638/2714/1586 1635/2715/1584
f 1635/2712/1584 1638/2716/1586 1637/2717/1587 1634/2713/1585
f 1634/2713/1585 1637/2717/1587 1429/2369/1383 1430/2368/1385
f 1639/2632/1534 1642/2634/1535 1641/2718/1588 1638/2714/1586
f 1638/2714/1586 1641/2718/1588 1640/2719/1589 1637/2720/1587
f 1637/2720/1587 1640/2719/1589 1428/2362/1381 1429/2364/1383
f 1642/2634/1535 1645/2635/1536 1644/2721/1590 1641/2718/1588
f 1641/2718/1588 1644/2721/1590 1643/2722/1591 1640/2719/1589
f 1640/2719/1589 1643/2722/1591 1427/2360/1379 1428/2362/1381
f 1645/2635/1536 1648/2636/1537 1647/2723/1592 1644/2721/1590
f 1644/2721/1590 1647/2723/1592 1646/2724/1593 1643/2722/1591
f 1643/2722/1591 1646/2724/1593 1426/2358/1377 1427/2360/1379
f 1648/2636/1537 1651/2637/1538 1650/2725/1594 1647/2723/1592
f 1647/2723/1592 1650/2725/1594 1649/2726/1595 1646/2724/1593
f 1646/2724/1593 1649/2726/1595 1425/2356/1375 1426/2358/1377
f 1651/2637/1538 1654/2638/1539 1653/2727/1596 1650/2725/1594
f 1650/2725/1594 1653/2727/1596 1652/2728/1597 1649/2726/1595
f 1649/2726/1595 1652/2728/1597 1424/2353/1373 1425/2356/1375
f 1654/2638/1539 1657/2639/1540 1656/2729/1598 1653/2727/1596
f 1653/2727/1596 1656/2729/1598 1655/2730/1599 1652/2728/1597
f 1652/2728/1597 1655/2730/1599 1423/2350/1371 1424/2353/1373
f 1657/2639/1540 1660/2640/1541 1659/2731/1600 1656/2729/1598
f 1656/2729/1598 1659/2731/1600 1658/2732/1601 1655/2730/1599
f 1655/2730/1599 1658/2732/1601 1422/2346/1369 1423/2350/1371
f 1660/2733/1541 1663/2734/1542 1662/2735/1602 1659/2736/1600
f 1659/2731/1600 1662/2737/1602 1661/2738/1603 1658/2732/1601
f 1658/2732/1601 1661/2738/1603 1421/2347/1366 1422/2346/1369
f 1663/2734/1542 1666/2739/1543 1665/2740/1604 1662/2735/1602
f 1662/2741/1602 1665/2742/1604 1664/2743/1605 1661/2744/1603
f 1661/2744/1603 1664/2743/1605 1420/2336/1363 1421/2341/1366
f 1666/2739/1543 1669/2745/1544 1668/2746/1606 1665/2740/1604
f 1665/2742/1604 1668/2747/1606 1667/2748/1607 1664/2743/1605
f 1664/2743/1605 1667/2748/1607 1419/2329/1360 1420/2336/1363
f 1669/2745/1544 1672/2749/1545 1671/2750/1608 1668/2746/1606
f 1668/2747/1606 1671/2751/1608 1670/2752/1609 1667/2748/1607
f 1667/2748/1607 1670/2752/1609 1417/2254/1325 1419/2329/1360
f 1672/2749/1545 1577/2646/1516 1578/2649/1547 1671/2750/1608
f 1671/2751/1608 1578/2650/1547 1579/2653/1549 1670/2752/1609
f 1670/2752/1609 1579/2653/1549 1418/2255/1326 1417/2254/1325
