# Blender 4.3.2
# www.blender.org
mtllib legs.mtl
o randall_legs_prev.001
v -212.150238 1.519622 32.490456
v -214.855087 1.519622 35.316269
v -212.150238 1.668976 32.490456
v -214.855087 1.668976 35.316269
v -217.606552 1.519622 32.682568
v -214.901688 1.519622 29.856764
v -217.606552 1.668976 32.682568
v -214.901688 1.668976 29.856764
v -212.049438 -1.738251 18.288296
v -212.225052 -1.738251 18.326248
v -212.389847 -1.738251 18.397697
v -212.537521 -1.738251 18.499937
v -212.662384 -1.738251 18.629028
v -212.759689 -1.738251 18.780001
v -212.825684 -1.738251 18.947048
v -212.857819 -1.738251 19.123762
v -212.854904 -1.738251 19.303375
v -212.816910 -1.738251 19.478931
v -212.745468 -1.738251 19.643719
v -212.643219 -1.738251 19.791409
v -212.514145 -1.738251 19.916315
v -212.363205 -1.738251 20.013626
v -212.196167 -1.738251 20.079624
v -212.019440 -1.738251 20.111767
v -211.839798 -1.738251 20.108789
v -211.664261 -1.738251 20.070866
v -211.499481 -1.738251 19.999397
v -211.351807 -1.738251 19.897158
v -211.226868 -1.738251 19.768078
v -211.129547 -1.738251 19.617104
v -211.063553 -1.738251 19.450039
v -211.031433 -1.738251 19.273325
v -211.034424 -1.738251 19.093739
v -211.072327 -1.738251 18.918156
v -211.143784 -1.738251 18.753368
v -211.246017 -1.738251 18.605694
v -211.375092 -1.738251 18.480789
v -211.526108 -1.738251 18.383469
v -211.693161 -1.738251 18.317471
v -211.869873 -1.738251 18.285347
v -212.225052 -1.738251 18.326248
v -212.049438 -1.738251 18.288296
v -212.389847 -1.738251 18.397697
v -212.537521 -1.738251 18.499937
v -212.662384 -1.738251 18.629028
v -212.759689 -1.738251 18.780001
v -212.825684 -1.738251 18.947048
v -212.857819 -1.738251 19.123762
v -212.854904 -1.738251 19.303375
v -212.816910 -1.738251 19.478931
v -212.745468 -1.738251 19.643719
v -212.643219 -1.738251 19.791409
v -212.514145 -1.738251 19.916315
v -212.363205 -1.738251 20.013626
v -212.196167 -1.738251 20.079624
v -212.019440 -1.738251 20.111767
v -211.839798 -1.738251 20.108789
v -211.664261 -1.738251 20.070866
v -211.499481 -1.738251 19.999397
v -211.351807 -1.738251 19.897158
v -211.226868 -1.738251 19.768078
v -211.129547 -1.738251 19.617104
v -211.063553 -1.738251 19.450039
v -211.031433 -1.738251 19.273325
v -211.034424 -1.738251 19.093739
v -211.072327 -1.738251 18.918156
v -211.143784 -1.738251 18.753368
v -211.246017 -1.738251 18.605694
v -211.375092 -1.738251 18.480789
v -211.526108 -1.738251 18.383469
v -211.693161 -1.738251 18.317471
v -211.869873 -1.738251 18.285347
v -212.104294 -1.503992 18.701904
v -212.004303 -1.503992 18.680309
v -212.198105 -1.503992 18.742599
v -212.282181 -1.503992 18.800802
v -212.353256 -1.503992 18.874298
v -212.408722 -1.503992 18.960258
v -212.446274 -1.503992 19.055363
v -212.464600 -1.503992 19.155973
v -212.462860 -1.503992 19.258230
v -212.441315 -1.503992 19.358185
v -212.400604 -1.503992 19.452000
v -212.342407 -1.503992 19.536098
v -212.268860 -1.503992 19.607201
v -212.182938 -1.503992 19.662600
v -212.087830 -1.503992 19.700186
v -211.986908 -1.503395 19.721285
v -211.884308 -1.502829 19.722271
v -211.784714 -1.503395 19.698002
v -211.691208 -1.503992 19.654514
v -211.607132 -1.503992 19.596292
v -211.535995 -1.503992 19.522808
v -211.480591 -1.503992 19.436855
v -211.443054 -1.503992 19.341732
v -211.424728 -1.503992 19.241121
v -211.426376 -1.503992 19.138874
v -211.448013 -1.503992 19.038910
v -211.488724 -1.503992 18.945095
v -211.546906 -1.503992 18.861015
v -211.620392 -1.503992 18.789904
v -211.706375 -1.503992 18.734495
v -211.801483 -1.503992 18.696928
v -211.902100 -1.503992 18.678621
v -212.225052 -1.503992 18.326248
v -212.049438 -1.503992 18.288296
v -212.389847 -1.503992 18.397697
v -212.537521 -1.503992 18.499937
v -212.662384 -1.503992 18.629028
v -212.759689 -1.503992 18.780001
v -212.825684 -1.503992 18.947048
v -212.857819 -1.503992 19.123762
v -212.854904 -1.503992 19.303375
v -212.816910 -1.503992 19.478931
v -212.745468 -1.503992 19.643719
v -212.643219 -1.503992 19.791409
v -212.514145 -1.503992 19.916315
v -212.363205 -1.503992 20.013626
v -212.194534 -1.501089 20.090473
v -212.013153 -1.486504 20.135891
v -211.836563 -1.477411 20.136995
v -211.664917 -1.486504 20.095791
v -211.498520 -1.501089 20.010324
v -211.351807 -1.503992 19.897158
v -211.226868 -1.503992 19.768078
v -211.129547 -1.503992 19.617104
v -211.063553 -1.503992 19.450039
v -211.031433 -1.503992 19.273325
v -211.034424 -1.503992 19.093739
v -211.072327 -1.503992 18.918156
v -211.143784 -1.503992 18.753368
v -211.246017 -1.503992 18.605694
v -211.375092 -1.503992 18.480789
v -211.526108 -1.503992 18.383469
v -211.693161 -1.503992 18.317471
v -211.869873 -1.503992 18.285347
v -211.979797 -0.256876 19.913105
v -211.864059 -0.248481 19.898127
v -212.090668 -0.281734 19.930761
v -212.192520 -0.322101 19.950418
v -212.281342 -0.376428 19.971348
v -212.353699 -0.442625 19.992685
v -212.406982 -0.518150 20.013683
v -212.438965 -0.600096 20.033482
v -212.448456 -0.685320 20.051329
v -212.435150 -0.770542 20.066551
v -212.399506 -0.852491 20.078564
v -212.342850 -0.928013 20.086903
v -212.267532 -0.994209 20.091255
v -212.176285 -1.048538 20.091427
v -212.072632 -1.088907 20.087437
v -211.960648 -1.113764 20.079416
v -211.844543 -1.122158 20.067694
v -211.728867 -1.113764 20.052725
v -211.617935 -1.088907 20.035076
v -211.516144 -1.048538 20.015409
v -211.427322 -0.994209 19.994499
v -211.354904 -0.928013 19.973133
v -211.301697 -0.852491 19.952145
v -211.269714 -0.770542 19.932346
v -211.260223 -0.685320 19.914497
v -211.273514 -0.600096 19.899277
v -211.309158 -0.518150 19.887264
v -211.365753 -0.442625 19.878918
v -211.441132 -0.376427 19.874594
v -211.532379 -0.322100 19.874399
v -211.635971 -0.281733 19.878401
v -211.748016 -0.256875 19.886414
v -211.137589 0.501167 24.115864
v -210.994415 0.517509 24.091000
v -211.274796 0.463486 24.144970
v -211.401245 0.411695 24.171076
v -211.511749 0.344107 24.197105
v -211.601868 0.261747 24.223675
v -211.668045 0.167786 24.249775
v -211.707870 0.065827 24.274412
v -211.719696 -0.040200 24.296635
v -211.703125 -0.146232 24.315565
v -211.658752 -0.248186 24.330509
v -211.588364 -0.342151 24.340881
v -211.494568 -0.424509 24.346291
v -211.381042 -0.492098 24.346504
v -211.252151 -0.542324 24.341539
v -211.112823 -0.573252 24.331585
v -210.968399 -0.583693 24.316998
v -210.824371 -0.573252 24.298368
v -210.686417 -0.542324 24.276392
v -210.559769 -0.492098 24.251932
v -210.449280 -0.424509 24.225920
v -210.359161 -0.342151 24.199331
v -210.292969 -0.248186 24.173233
v -210.253159 -0.146232 24.148594
v -210.241318 -0.040200 24.126390
v -210.257889 0.065829 24.107441
v -210.302261 0.167786 24.092499
v -210.372650 0.261747 24.082127
v -210.466446 0.344107 24.076736
v -210.579971 0.411695 24.076502
v -210.709045 0.463486 24.079821
v -210.849274 0.501167 24.082664
v -211.099579 0.644322 24.634655
v -210.935822 0.644180 24.599285
v -211.253235 0.644746 24.701281
v -211.390991 0.645432 24.796604
v -211.507416 0.646354 24.916964
v -211.598175 0.647478 25.057701
v -211.659698 0.648760 25.213457
v -211.689682 0.650152 25.378229
v -211.686966 0.651600 25.545666
v -211.651550 0.653049 25.709335
v -211.584900 0.654439 25.862982
v -211.489594 0.655721 26.000658
v -211.369202 0.656846 26.117100
v -211.228470 0.657768 26.207829
v -211.072662 0.658455 26.269365
v -210.907898 0.658876 26.299324
v -210.740372 0.659019 26.296543
v -210.576675 0.658876 26.261183
v -210.423019 0.658455 26.194557
v -210.285278 0.657768 26.099215
v -210.168854 0.656846 25.978872
v -210.078094 0.655721 25.838116
v -210.016556 0.654439 25.682379
v -209.986588 0.653049 25.517607
v -209.989304 0.651600 25.350170
v -210.024719 0.650152 25.186501
v -210.091354 0.648760 25.032854
v -210.186676 0.647478 24.895180
v -210.307053 0.646354 24.778736
v -210.447784 0.645432 24.687990
v -210.603592 0.644746 24.626472
v -210.768372 0.644322 24.596514
v -211.099579 0.837098 24.634655
v -210.935822 0.836955 24.599285
v -211.253235 0.837522 24.701281
v -211.390991 0.838208 24.796604
v -211.507416 0.839128 24.916964
v -211.598175 0.840253 25.057701
v -211.659698 0.841536 25.213457
v -211.689682 0.842926 25.378229
v -211.686966 0.844374 25.545666
v -211.651550 0.845821 25.709335
v -211.584900 0.847215 25.862982
v -211.489594 0.848496 26.000658
v -211.369202 0.849622 26.117100
v -211.228470 0.850541 26.207829
v -211.072662 0.851228 26.269365
v -210.907898 0.851651 26.299324
v -210.740372 0.851794 26.296543
v -210.576675 0.851651 26.261183
v -210.423019 0.851228 26.194557
v -210.285278 0.850541 26.099215
v -210.168854 0.849622 25.978872
v -210.078094 0.848496 25.838116
v -210.016556 0.847215 25.682379
v -209.986588 0.845821 25.517607
v -209.989304 0.844374 25.350170
v -210.024719 0.842926 25.186501
v -210.091354 0.841536 25.032854
v -210.186676 0.840253 24.895180
v -210.307053 0.839128 24.778736
v -210.447784 0.838208 24.687990
v -210.603592 0.837522 24.626472
v -210.768372 0.837098 24.596514
v -211.309006 0.831269 23.983315
v -211.014160 0.831015 23.919601
v -211.585739 0.832030 24.103302
v -211.833740 0.833266 24.274963
v -212.043488 0.834927 24.491699
v -212.206955 0.836950 24.745193
v -212.317764 0.839261 25.025684
v -212.371750 0.841767 25.322403
v -212.366791 0.844374 25.623951
v -212.303070 0.846982 25.918734
v -212.183060 0.849486 26.195414
v -212.011398 0.851799 26.443377
v -211.794601 0.853825 26.653084
v -211.541077 0.855481 26.816469
v -211.260544 0.856719 26.927269
v -210.963776 0.857479 26.981213
v -210.662170 0.857735 26.976242
v -210.367340 0.857479 26.912531
v -210.090591 0.856719 26.792543
v -209.842590 0.855481 26.620880
v -209.632843 0.853825 26.404146
v -209.469376 0.851799 26.150650
v -209.358582 0.849486 25.870161
v -209.304581 0.846982 25.573442
v -209.309555 0.844374 25.271894
v -209.373260 0.841767 24.977112
v -209.493271 0.839261 24.700432
v -209.664932 0.836954 24.452469
v -209.881744 0.834927 24.242762
v -210.135254 0.833266 24.079376
v -210.415787 0.832030 23.968576
v -210.712555 0.831269 23.914631
v -211.309692 0.967237 23.977285
v -211.014862 0.966982 23.913574
v -211.586441 0.967999 24.097273
v -211.834442 0.969235 24.268936
v -212.044189 0.970896 24.485668
v -212.207642 0.972919 24.739164
v -212.318451 0.975230 25.019655
v -212.372437 0.977735 25.316391
v -212.367477 0.980342 25.617920
v -212.303772 0.982951 25.912704
v -212.183746 0.985456 26.189384
v -212.012100 0.987765 26.437347
v -211.795288 0.989793 26.647053
v -211.541763 0.991450 26.810438
v -211.261246 0.992686 26.921240
v -210.964462 0.993447 26.975203
v -210.662872 0.993702 26.970213
v -210.368027 0.993447 26.906519
v -210.091293 0.992686 26.786514
v -209.843292 0.991450 26.614851
v -209.633545 0.989793 26.398117
v -209.470078 0.987765 26.144621
v -209.359268 0.985456 25.864132
v -209.305283 0.982951 25.567413
v -209.310242 0.980342 25.265865
v -209.373947 0.977735 24.971100
v -209.493973 0.975230 24.694401
v -209.665634 0.972920 24.446438
v -209.882431 0.970896 24.236732
v -210.135956 0.969235 24.073347
v -210.416489 0.967999 23.962547
v -210.713257 0.967237 23.908602
v -210.932022 0.490191 24.632206
v -210.915878 0.583314 24.772404
v -210.927139 0.583191 24.675274
v -210.776718 0.568039 24.665241
v -210.759613 0.571813 24.766909
v -210.769897 0.485872 24.630816
v -210.631454 0.531080 24.661257
v -210.607407 0.541043 24.778242
v -210.610489 0.472674 24.659031
v -210.497482 0.478004 24.658798
v -210.465576 0.493964 24.801659
v -210.460312 0.450871 24.713289
v -210.379532 0.408129 24.660940
v -210.339386 0.431256 24.839020
v -210.325043 0.421448 24.793102
v -210.281998 0.322988 24.668880
v -210.233429 0.354847 24.890068
v -210.209656 0.385596 24.896065
v -210.208710 0.225847 24.682293
v -210.151855 0.267671 24.952808
v -210.118683 0.344692 25.018215
v -210.162369 0.120447 24.700680
v -210.097824 0.173079 25.024866
v -210.055573 0.300308 25.154840
v -210.144836 0.010835 24.723326
v -210.073257 0.074708 25.103466
v -210.022797 0.254154 25.300713
v -210.156754 -0.098779 24.749361
v -210.079315 -0.023664 25.185574
v -210.021561 0.207999 25.450232
v -210.197708 -0.204178 24.777802
v -210.115555 -0.118255 25.268026
v -210.051956 0.163617 25.597626
v -210.266022 -0.301315 24.807541
v -210.180740 -0.205427 25.347666
v -210.112793 0.122715 25.737259
v -210.359207 -0.386457 24.837425
v -210.272324 -0.281838 25.421463
v -210.201752 0.086864 25.863750
v -210.473587 -0.456331 24.866318
v -210.386719 -0.344547 25.486528
v -210.315338 0.057441 25.972223
v -210.604752 -0.508251 24.893116
v -210.519638 -0.391142 25.540405
v -210.449326 0.035579 26.058548
v -210.747757 -0.540226 24.916780
v -210.665878 -0.419836 25.580988
v -210.598404 0.022118 26.119362
v -210.897079 -0.551018 24.936392
v -210.819885 -0.429523 25.606743
v -210.756973 0.017570 26.152351
v -211.046860 -0.540226 24.951225
v -210.975632 -0.419836 25.616659
v -210.918900 0.022118 26.156267
v -211.191498 -0.508251 24.960684
v -211.127335 -0.391142 25.610382
v -211.077957 0.035581 26.130938
v -211.325333 -0.456329 24.964401
v -211.268951 -0.344545 25.588123
v -211.228058 0.057443 26.077326
v -211.443268 -0.386456 24.962257
v -211.395142 -0.281836 25.550762
v -211.363342 0.086867 25.997513
v -211.540817 -0.301313 24.954338
v -211.501099 -0.205424 25.499731
v -211.478714 0.122718 25.894552
v -211.614105 -0.204176 24.940907
v -211.582687 -0.118249 25.436974
v -211.569702 0.163621 25.772419
v -211.660446 -0.098777 24.922535
v -211.636719 -0.023658 25.364916
v -211.632812 0.208004 25.635777
v -211.677963 0.010837 24.899872
v -211.661285 0.074714 25.286335
v -211.665573 0.254158 25.489904
v -211.666046 0.120450 24.873837
v -211.655212 0.173083 25.204226
v -211.666824 0.300314 25.340384
v -211.625092 0.225849 24.845396
v -211.618988 0.267674 25.121775
v -211.636414 0.344695 25.192991
v -211.556778 0.322989 24.815678
v -211.553787 0.354852 25.042114
v -211.575592 0.385597 25.053358
v -211.463593 0.408131 24.785774
v -211.462219 0.431260 24.968319
v -211.486633 0.421449 24.926865
v -211.349228 0.478004 24.756882
v -211.347824 0.493968 24.903252
v -211.373032 0.450872 24.818394
v -211.218201 0.531080 24.728825
v -211.215027 0.541045 24.848211
v -211.239120 0.472675 24.731421
v -211.075836 0.568039 24.699686
v -211.069382 0.571813 24.802580
v -211.090302 0.485874 24.667713
v -211.087616 -2.378204 37.500313
v -210.901382 -2.378204 37.507446
v -210.717285 -2.378204 37.478096
v -210.542419 -2.378204 37.413403
v -210.383530 -2.378204 37.315865
v -210.246780 -2.378204 37.189186
v -210.137344 -2.378204 37.038261
v -210.059433 -2.378204 36.868893
v -210.016144 -2.378204 36.687565
v -210.008972 -2.378204 36.501286
v -210.038315 -2.378204 36.317184
v -210.102982 -2.378204 36.142368
v -210.200562 -2.378204 35.983498
v -210.327271 -2.378204 35.846714
v -210.478149 -2.378204 35.737305
v -210.647537 -2.378204 35.659401
v -210.828873 -2.378204 35.616058
v -211.015106 -2.378204 35.608932
v -211.199203 -2.378204 35.638275
v -211.374054 -2.378204 35.702957
v -211.532959 -2.378204 35.800510
v -211.669708 -2.378204 35.927189
v -211.779144 -2.378204 36.078094
v -211.856979 -2.378204 36.247482
v -211.900330 -2.378204 36.428791
v -211.907516 -2.378204 36.615070
v -211.878174 -2.378204 36.799171
v -211.813507 -2.378204 36.974003
v -211.715927 -2.378204 37.132877
v -211.589218 -2.378204 37.269646
v -211.438339 -2.378204 37.379070
v -211.268951 -2.378204 37.456955
v -210.848740 -2.554108 38.397968
v -211.207413 -2.554108 38.384239
v -210.494171 -2.554108 38.341450
v -210.157394 -2.554108 38.216850
v -209.851364 -2.554108 38.028999
v -209.588013 -2.554108 37.785019
v -209.377228 -2.554108 37.494339
v -209.227173 -2.554108 37.168144
v -209.143814 -2.554108 36.818916
v -209.129974 -2.554108 36.460152
v -209.186493 -2.554108 36.105579
v -209.311050 -2.554108 35.768894
v -209.498993 -2.554108 35.462914
v -209.743011 -2.554108 35.199474
v -210.033600 -2.554108 34.988758
v -210.359848 -2.554108 34.838722
v -210.709076 -2.554108 34.755245
v -211.067764 -2.554108 34.741516
v -211.422333 -2.554108 34.798035
v -211.759094 -2.554108 34.922600
v -212.065140 -2.554108 35.110485
v -212.328491 -2.554108 35.354465
v -212.539261 -2.554108 35.645107
v -212.689178 -2.554108 35.971340
v -212.772675 -2.554108 36.320534
v -212.786514 -2.554108 36.679298
v -212.729980 -2.554108 37.033871
v -212.605438 -2.554108 37.370590
v -212.417511 -2.554108 37.676567
v -212.173477 -2.554108 37.939976
v -211.882889 -2.554108 38.150726
v -211.556641 -2.554108 38.300728
v -210.925842 -2.135077 37.098633
v -211.031876 -2.135077 37.094570
v -210.821030 -2.135077 37.081940
v -210.721466 -2.135077 37.045101
v -210.631027 -2.135077 36.989559
v -210.553162 -2.135077 36.917442
v -210.490875 -2.135077 36.831509
v -210.446548 -2.135077 36.735065
v -210.421829 -2.135077 36.631859
v -210.417786 -2.135077 36.525795
v -210.434509 -2.135077 36.420975
v -210.471298 -2.135077 36.321442
v -210.526886 -2.135077 36.230991
v -210.599014 -2.135077 36.153107
v -210.684875 -2.135077 36.090820
v -210.780914 -2.134455 36.043568
v -210.883820 -2.133865 36.016113
v -210.990234 -2.134455 36.014824
v -211.095459 -2.135077 36.034431
v -211.195023 -2.135077 36.071255
v -211.285461 -2.135077 36.126797
v -211.363327 -2.135077 36.198929
v -211.425613 -2.135077 36.284851
v -211.469940 -2.135077 36.381290
v -211.494659 -2.135077 36.484497
v -211.498703 -2.135077 36.590580
v -211.481979 -2.135077 36.695381
v -211.445114 -2.135077 36.794933
v -211.389603 -2.135077 36.885384
v -211.317474 -2.135077 36.963253
v -211.231537 -2.135077 37.025558
v -211.135147 -2.135077 37.069889
v -210.848740 -2.085854 38.397968
v -211.207413 -2.085854 38.384239
v -210.494171 -2.085854 38.341450
v -210.157394 -2.085854 38.216850
v -209.851364 -2.085854 38.028999
v -209.588013 -2.085854 37.785019
v -209.377228 -2.085854 37.494339
v -209.227173 -2.085854 37.168144
v -209.143814 -2.085854 36.818916
v -209.129974 -2.085854 36.460152
v -209.186493 -2.085854 36.105579
v -209.311050 -2.085854 35.768894
v -209.498993 -2.085854 35.462914
v -209.743011 -2.085854 35.199474
v -210.031296 -2.080044 34.966927
v -210.360046 -2.050896 34.788853
v -210.701294 -2.032715 34.699066
v -211.054199 -2.050896 34.693512
v -211.418732 -2.080044 34.776375
v -211.759094 -2.085854 34.922600
v -212.065140 -2.085854 35.110485
v -212.328491 -2.085854 35.354465
v -212.539261 -2.085854 35.645107
v -212.689178 -2.085854 35.971340
v -212.772675 -2.085854 36.320534
v -212.786514 -2.085854 36.679298
v -212.729980 -2.085854 37.033871
v -212.605438 -2.085854 37.370590
v -212.417511 -2.085854 37.676567
v -212.173477 -2.085854 37.939976
v -211.882889 -2.085854 38.150726
v -211.556641 -2.085854 38.300728
v -210.738586 -0.840727 35.848900
v -210.858810 -0.832014 35.834103
v -210.622528 -0.866526 35.859749
v -210.515152 -0.908422 35.866230
v -210.420410 -0.964806 35.868134
v -210.342148 -1.033508 35.865337
v -210.283249 -1.111895 35.857964
v -210.245956 -1.196947 35.846321
v -210.231781 -1.285397 35.830803
v -210.241287 -1.373844 35.812073
v -210.274048 -1.458897 35.790779
v -210.328735 -1.537285 35.767830
v -210.403442 -1.605988 35.744011
v -210.495087 -1.662371 35.720303
v -210.600296 -1.704269 35.697598
v -210.714996 -1.730068 35.676758
v -210.834671 -1.738779 35.658592
v -210.954895 -1.730068 35.643814
v -211.070953 -1.704269 35.632946
v -211.178329 -1.662371 35.626469
v -211.273071 -1.605988 35.624580
v -211.351334 -1.537285 35.627377
v -211.410233 -1.458897 35.634750
v -211.447525 -1.373844 35.646393
v -211.461685 -1.285397 35.661892
v -211.452194 -1.196947 35.680641
v -211.419434 -1.111895 35.701916
v -211.364746 -1.033510 35.724884
v -211.290039 -0.964806 35.748699
v -211.198395 -0.908422 35.772408
v -211.093185 -0.866526 35.795116
v -210.978485 -0.840727 35.815956
v -210.345581 0.501167 31.300274
v -210.484253 0.517509 31.343924
v -210.213516 0.463486 31.253242
v -210.091583 0.411695 31.210587
v -209.985519 0.344107 31.170149
v -209.899750 0.261747 31.131861
v -209.837616 0.167786 31.097214
v -209.801453 0.065827 31.067524
v -209.792633 -0.040200 31.043926
v -209.811554 -0.146232 31.027346
v -209.857483 -0.248186 31.018410
v -209.928665 -0.342151 31.017479
v -210.022308 -0.424509 31.024551
v -210.134918 -0.492098 31.039394
v -210.261993 -0.542324 31.061411
v -210.398834 -0.573252 31.089764
v -210.540009 -0.583693 31.123356
v -210.680298 -0.573252 31.160931
v -210.814133 -0.542324 31.201006
v -210.936401 -0.492098 31.242033
v -211.042465 -0.424509 31.282471
v -211.128235 -0.342151 31.320759
v -211.190430 -0.248186 31.355415
v -211.226593 -0.146232 31.385103
v -211.235352 -0.040200 31.408695
v -211.216415 0.065829 31.425274
v -211.170486 0.167786 31.434210
v -211.099319 0.261747 31.435141
v -211.005676 0.344107 31.428068
v -210.893143 0.411695 31.413235
v -210.765579 0.463486 31.392830
v -210.627045 0.501167 31.371441
v -210.452103 0.644322 30.791117
v -210.609665 0.644180 30.847885
v -210.308609 0.644746 30.704689
v -210.184784 0.645432 30.591948
v -210.085312 0.646354 30.457233
v -210.014008 0.647478 30.305676
v -209.973648 0.648760 30.143137
v -209.965775 0.650152 29.975868
v -209.990768 0.651600 29.810266
v -210.047516 0.653049 29.652727
v -210.133896 0.654439 29.509281
v -210.246658 0.655721 29.385458
v -210.381424 0.656846 29.286003
v -210.532959 0.657768 29.214735
v -210.695557 0.658455 29.174406
v -210.862869 0.658876 29.166574
v -211.028442 0.659019 29.191525
v -211.186081 0.658876 29.248283
v -211.329498 0.658455 29.334702
v -211.453400 0.657768 29.447453
v -211.552872 0.656846 29.582184
v -211.624176 0.655721 29.733725
v -211.664459 0.654439 29.896254
v -211.672333 0.653049 30.063541
v -211.647415 0.651600 30.229132
v -211.590668 0.650152 30.386673
v -211.504211 0.648760 30.530128
v -211.391525 0.647478 30.653959
v -211.256760 0.646354 30.753397
v -211.105148 0.645432 30.824657
v -210.942627 0.644746 30.864994
v -210.775314 0.644322 30.872826
v -210.452103 0.837098 30.791117
v -210.609665 0.836955 30.847885
v -210.308609 0.837522 30.704689
v -210.184784 0.838208 30.591948
v -210.085312 0.839128 30.457233
v -210.014008 0.840253 30.305676
v -209.973648 0.841536 30.143137
v -209.965775 0.842926 29.975868
v -209.990768 0.844374 29.810266
v -210.047516 0.845821 29.652727
v -210.133896 0.847215 29.509281
v -210.246658 0.848496 29.385458
v -210.381424 0.849622 29.286003
v -210.532959 0.850541 29.214735
v -210.695557 0.851228 29.174406
v -210.862869 0.851651 29.166574
v -211.028442 0.851794 29.191525
v -211.186081 0.851651 29.248283
v -211.329498 0.851228 29.334702
v -211.453400 0.850541 29.447453
v -211.552872 0.849622 29.582184
v -211.624176 0.848496 29.733725
v -211.664459 0.847215 29.896254
v -211.672333 0.845821 30.063541
v -211.647415 0.844374 30.229132
v -211.590668 0.842926 30.386673
v -211.504211 0.841536 30.530128
v -211.391525 0.840253 30.653959
v -211.256760 0.839128 30.753397
v -211.105148 0.838208 30.824657
v -210.942627 0.837522 30.864994
v -210.775314 0.837098 30.872826
v -210.158173 0.831269 31.408941
v -210.441986 0.831015 31.511189
v -209.899780 0.832030 31.253323
v -209.676682 0.833266 31.050270
v -209.497574 0.834927 30.807642
v -209.369186 0.836950 30.534721
v -209.296524 0.839261 30.242001
v -209.282333 0.841767 29.940739
v -209.327240 0.844374 29.642517
v -209.429489 0.846982 29.358786
v -209.585175 0.849486 29.100475
v -209.788208 0.851799 28.877472
v -210.030884 0.853825 28.698349
v -210.303833 0.855481 28.570015
v -210.596527 0.856719 28.497404
v -210.897858 0.857479 28.483284
v -211.196136 0.857735 28.528202
v -211.479935 0.857479 28.630449
v -211.738327 0.856719 28.786068
v -211.961349 0.855481 28.989113
v -212.140533 0.853825 29.231749
v -212.268921 0.851799 29.504669
v -212.341599 0.849486 29.797390
v -212.355698 0.846982 30.098642
v -212.310867 0.844374 30.396873
v -212.208633 0.841767 30.680586
v -212.052948 0.839261 30.938915
v -211.849899 0.836954 31.161919
v -211.607239 0.834927 31.341042
v -211.334274 0.833266 31.469376
v -211.041504 0.832030 31.541996
v -210.740250 0.831269 31.556107
v -210.156677 0.967237 31.414822
v -210.440475 0.966982 31.517069
v -209.898285 0.967999 31.259186
v -209.675262 0.969235 31.056158
v -209.496078 0.970896 30.813522
v -209.367676 0.972919 30.540602
v -209.295013 0.975230 30.247881
v -209.280914 0.977735 29.946629
v -209.325821 0.980342 29.648405
v -209.427979 0.982951 29.364666
v -209.583664 0.985456 29.106337
v -209.786713 0.987765 28.883333
v -210.029373 0.989793 28.704229
v -210.302322 0.991450 28.575895
v -210.595093 0.992686 28.503275
v -210.896347 0.993447 28.489147
v -211.194626 0.993702 28.534082
v -211.478439 0.993447 28.636311
v -211.736832 0.992686 28.791948
v -211.959930 0.991450 28.994984
v -212.139038 0.989793 29.237629
v -212.267426 0.987765 29.510550
v -212.340088 0.985456 29.803253
v -212.354279 0.982951 30.104513
v -212.309372 0.980342 30.402737
v -212.207123 0.977735 30.686466
v -212.051514 0.975230 30.944805
v -211.848404 0.972920 31.167801
v -211.605728 0.970896 31.346905
v -211.332779 0.969235 31.475237
v -211.040085 0.967999 31.547867
v -210.738754 0.967237 31.561987
v -210.617798 0.490191 30.815742
v -210.652435 0.583314 30.678934
v -210.628403 0.583191 30.773729
v -210.776154 0.568039 30.803619
v -210.806610 0.571813 30.705122
v -210.778427 0.485872 30.838644
v -210.919586 0.531080 30.826809
v -210.958969 0.541043 30.714062
v -210.940079 0.472674 30.831810
v -211.052124 0.478004 30.847017
v -211.102646 0.493964 30.709639
v -211.096161 0.450871 30.797947
v -211.169312 0.408129 30.860531
v -211.232727 0.431256 30.689346
v -211.240829 0.421448 30.736776
v -211.266998 0.322988 30.865597
v -211.344437 0.354847 30.652809
v -211.368820 0.385596 30.650013
v -211.341476 0.225847 30.862028
v -211.433624 0.267671 30.601425
v -211.475220 0.344692 30.541014
v -211.389786 0.120447 30.849958
v -211.496796 0.173079 30.537184
v -211.555817 0.300308 30.413958
v -211.410172 0.010835 30.829817
v -211.531479 0.074708 30.462542
v -211.607727 0.254154 30.273718
v -211.401794 -0.098779 30.802425
v -211.536453 -0.023664 30.380354
v -211.628738 0.207999 30.125689
v -211.365021 -0.204178 30.768826
v -211.511414 -0.118255 30.293812
v -211.618149 0.163617 29.975554
v -211.301178 -0.301315 30.730288
v -211.457321 -0.205427 30.206211
v -211.576385 0.122715 29.829103
v -211.212830 -0.386457 30.688311
v -211.376358 -0.281838 30.120951
v -211.505005 0.086864 29.691927
v -211.103333 -0.456331 30.644499
v -211.271591 -0.344547 30.041288
v -211.406754 0.057441 29.569349
v -210.976837 -0.508251 30.600546
v -211.147018 -0.391142 29.970270
v -211.285446 0.035579 29.466022
v -210.838242 -0.540226 30.558144
v -211.007477 -0.419836 29.910648
v -211.145706 0.022118 29.385969
v -210.692825 -0.551018 30.518890
v -210.858261 -0.429523 29.864698
v -210.992905 0.017570 29.332222
v -210.546280 -0.540226 30.484325
v -210.705109 -0.419836 29.834206
v -210.832916 0.022118 29.306885
v -210.404221 -0.508251 30.455784
v -210.554001 -0.391142 29.820330
v -210.671890 0.035581 29.310905
v -210.272049 -0.456329 30.434341
v -210.410675 -0.344545 29.823614
v -210.516037 0.057443 29.344139
v -210.154877 -0.386456 30.420811
v -210.280594 -0.281836 29.843904
v -210.371353 0.086867 29.405310
v -210.057175 -0.301313 30.415745
v -210.168823 -0.205424 29.880434
v -210.243378 0.122718 29.492071
v -209.982697 -0.204176 30.419331
v -210.079697 -0.118249 29.931828
v -210.136978 0.163621 29.601070
v -209.934387 -0.098777 30.431402
v -210.016525 -0.023658 29.996067
v -210.056366 0.208004 29.728128
v -209.914001 0.010837 30.451525
v -209.981766 0.074714 30.070702
v -210.004471 0.254158 29.868366
v -209.922318 0.120450 30.478926
v -209.976868 0.173083 30.152897
v -209.983444 0.300314 30.016397
v -209.959152 0.225849 30.512535
v -210.001923 0.267674 30.239441
v -209.994049 0.344695 30.166533
v -210.022934 0.322989 30.551064
v -210.055923 0.354852 30.327032
v -210.035797 0.385597 30.312983
v -210.111267 0.408131 30.593040
v -210.136887 0.431260 30.412292
v -210.107193 0.421449 30.450140
v -210.220840 0.478004 30.636843
v -210.241653 0.493968 30.491955
v -210.205444 0.450872 30.572737
v -210.347061 0.531080 30.682035
v -210.365952 0.541045 30.564121
v -210.326599 0.472675 30.676701
v -210.484283 0.568039 30.729811
v -210.504318 0.571813 30.628687
v -210.465637 0.485874 30.759560
v -202.472488 -2.361059 26.764874
v -202.511993 -2.361059 26.582050
v -202.586395 -2.361059 26.410463
v -202.692856 -2.361059 26.256681
v -202.827255 -2.361059 26.126616
v -202.984497 -2.361059 26.025288
v -203.158463 -2.361059 25.956566
v -203.342438 -2.361059 25.923103
v -203.529495 -2.361059 25.926184
v -203.712280 -2.361059 25.965691
v -203.883926 -2.361059 26.040106
v -204.037704 -2.361059 26.146570
v -204.167740 -2.361059 26.280979
v -204.269043 -2.361059 26.438187
v -204.337769 -2.361059 26.612143
v -204.371231 -2.361059 26.796150
v -204.368134 -2.361059 26.983164
v -204.328644 -2.361059 27.165987
v -204.254227 -2.361059 27.337593
v -204.147766 -2.361059 27.491356
v -204.013367 -2.361059 27.621422
v -203.856201 -2.361059 27.722757
v -203.682251 -2.361059 27.791481
v -203.498184 -2.361059 27.824934
v -203.311203 -2.361059 27.821861
v -203.128342 -2.361059 27.782345
v -202.956772 -2.361059 27.707941
v -202.802994 -2.361059 27.601475
v -202.672897 -2.361059 27.467058
v -202.571579 -2.361059 27.309853
v -202.502853 -2.361059 27.135912
v -202.469391 -2.361059 26.951885
v -201.574463 -2.499233 26.284996
v -201.494781 -2.499233 26.653830
v -201.724564 -2.499233 25.938828
v -201.939362 -2.499233 25.628582
v -202.210495 -2.499233 25.366182
v -202.527725 -2.499233 25.161758
v -202.878677 -2.499233 25.023113
v -203.249863 -2.499233 24.955606
v -203.627228 -2.499233 24.961823
v -203.995987 -2.499233 25.041527
v -204.342270 -2.499233 25.191650
v -204.652512 -2.499233 25.406441
v -204.914841 -2.499233 25.677601
v -205.119232 -2.499233 25.994759
v -205.257874 -2.499233 26.345707
v -205.325378 -2.499233 26.716932
v -205.319138 -2.499233 27.094223
v -205.239456 -2.499233 27.463055
v -205.089340 -2.499233 27.809261
v -204.874557 -2.499233 28.119471
v -204.603424 -2.499233 28.381870
v -204.286331 -2.499233 28.586309
v -203.935394 -2.499233 28.724955
v -203.564056 -2.499233 28.792446
v -203.186829 -2.499233 28.786247
v -202.817932 -2.499233 28.706526
v -202.471802 -2.499233 28.556416
v -202.161545 -2.499233 28.341629
v -201.899078 -2.499233 28.070452
v -201.694687 -2.499233 27.753296
v -201.556030 -2.499233 27.402382
v -201.488541 -2.499233 27.031118
v -202.903198 -2.117130 26.707798
v -202.880646 -2.117130 26.811874
v -202.945572 -2.117130 26.610109
v -203.006180 -2.117130 26.522539
v -203.082687 -2.117130 26.448500
v -203.172165 -2.117130 26.390793
v -203.271210 -2.117130 26.351671
v -203.376022 -2.117130 26.332632
v -203.482498 -2.117130 26.334381
v -203.586578 -2.117130 26.356878
v -203.684250 -2.117130 26.399235
v -203.771790 -2.117130 26.459843
v -203.845886 -2.117130 26.536385
v -203.903580 -2.117130 26.625881
v -203.942688 -2.117130 26.724934
v -203.964630 -2.116507 26.830027
v -203.965668 -2.115917 26.936819
v -203.940384 -2.116507 27.040581
v -203.895142 -2.117130 27.137957
v -203.834534 -2.117130 27.225506
v -203.758011 -2.117130 27.299547
v -203.668457 -2.117130 27.357244
v -203.569427 -2.117130 27.396366
v -203.464676 -2.117130 27.415413
v -203.358215 -2.117130 27.413666
v -203.254120 -2.117130 27.391167
v -203.156387 -2.117130 27.348801
v -203.068832 -2.117130 27.288195
v -202.994812 -2.117130 27.211660
v -202.937119 -2.117130 27.122166
v -202.898010 -2.117130 27.023132
v -202.878967 -2.117130 26.918350
v -201.574463 -2.007118 26.284996
v -201.494781 -2.007118 26.653830
v -201.724564 -2.007118 25.938828
v -201.939362 -2.007118 25.628582
v -202.210495 -2.007118 25.366182
v -202.527725 -2.007118 25.161758
v -202.878677 -2.007118 25.023113
v -203.249863 -2.007118 24.955606
v -203.627228 -2.007118 24.961823
v -203.995987 -2.007118 25.041527
v -204.342270 -2.007118 25.191650
v -204.652512 -2.007118 25.406441
v -204.914841 -2.007118 25.677601
v -205.119232 -2.007118 25.994759
v -205.280777 -2.001015 26.349062
v -205.376175 -1.970377 26.730156
v -205.378387 -1.951273 27.101046
v -205.291931 -1.970377 27.461725
v -205.112411 -2.001015 27.811199
v -204.874557 -2.007118 28.119471
v -204.603424 -2.007118 28.381870
v -204.286331 -2.007118 28.586309
v -203.935394 -2.007118 28.724955
v -203.564056 -2.007118 28.792446
v -203.186829 -2.007118 28.786247
v -202.817932 -2.007118 28.706526
v -202.471802 -2.007118 28.556416
v -202.161545 -2.007118 28.341629
v -201.899078 -2.007118 28.070452
v -201.694687 -2.007118 27.753296
v -201.556030 -2.007118 27.402382
v -201.488541 -2.007118 27.031118
v -204.164383 -0.818506 26.837399
v -204.148773 -0.809765 26.957905
v -204.182770 -0.844391 26.721937
v -204.203232 -0.886427 26.615915
v -204.225052 -0.942997 26.523430
v -204.247299 -1.011927 26.448032
v -204.269119 -1.090572 26.392618
v -204.289749 -1.175901 26.359329
v -204.308350 -1.264647 26.349422
v -204.324142 -1.353390 26.363291
v -204.336670 -1.438721 26.400396
v -204.345398 -1.517363 26.459330
v -204.349854 -1.586296 26.537804
v -204.350082 -1.642864 26.632826
v -204.345901 -1.684900 26.740723
v -204.337570 -1.710785 26.857342
v -204.325378 -1.719526 26.978241
v -204.309769 -1.710785 27.098728
v -204.291382 -1.684900 27.214209
v -204.270920 -1.642864 27.320229
v -204.249100 -1.586296 27.412714
v -204.226929 -1.517363 27.488121
v -204.205032 -1.438721 27.543528
v -204.184402 -1.353390 27.576817
v -204.165863 -1.264647 27.586733
v -204.150009 -1.175901 27.572855
v -204.137482 -1.090572 27.535749
v -204.128830 -1.011927 27.476826
v -204.124298 -0.942997 27.398342
v -204.124069 -0.886427 27.303318
v -204.128250 -0.844391 27.195423
v -204.136581 -0.818506 27.078785
v -207.209183 0.501169 27.322886
v -207.184296 0.517512 27.466122
v -207.238327 0.463486 27.185722
v -207.264435 0.411696 27.059250
v -207.290436 0.344107 26.948730
v -207.317001 0.261747 26.858646
v -207.343063 0.167786 26.792439
v -207.367737 0.065829 26.752663
v -207.389938 -0.040200 26.740828
v -207.408859 -0.146230 26.757401
v -207.423843 -0.248186 26.801743
v -207.434189 -0.342151 26.872143
v -207.439575 -0.424509 26.965904
v -207.439850 -0.492096 27.079449
v -207.434891 -0.542322 27.208359
v -207.424927 -0.573252 27.347710
v -207.410309 -0.583693 27.492149
v -207.391708 -0.573252 27.636127
v -207.369751 -0.542322 27.774099
v -207.345276 -0.492096 27.900761
v -207.319199 -0.424509 28.011251
v -207.292633 -0.342151 28.101336
v -207.266571 -0.248185 28.167561
v -207.241898 -0.146230 28.207336
v -207.219696 -0.040200 28.219173
v -207.200760 0.065829 28.202600
v -207.185776 0.167786 28.158258
v -207.175446 0.261747 28.087841
v -207.170059 0.344107 27.994078
v -207.169861 0.411696 27.880560
v -207.173187 0.463486 27.751444
v -207.175980 0.501169 27.611267
v -207.727966 0.644322 27.360943
v -207.692627 0.644182 27.524658
v -207.794617 0.644746 27.207279
v -207.889938 0.645432 27.069565
v -208.010254 0.646354 26.953077
v -208.151062 0.647478 26.862339
v -208.306793 0.648762 26.800795
v -208.471573 0.650152 26.770836
v -208.638947 0.651600 26.773581
v -208.802643 0.653049 26.808960
v -208.956284 0.654439 26.875586
v -209.093964 0.655723 26.970919
v -209.210464 0.656849 27.091288
v -209.301147 0.657768 27.232073
v -209.362671 0.658455 27.387846
v -209.392639 0.658877 27.552637
v -209.389847 0.659019 27.720102
v -209.354507 0.658877 27.883818
v -209.287857 0.658455 28.037483
v -209.192535 0.657768 28.175196
v -209.072235 0.656849 28.291683
v -208.931412 0.655723 28.382421
v -208.775681 0.654439 28.443966
v -208.610916 0.653049 28.473925
v -208.443466 0.651600 28.471172
v -208.279846 0.650152 28.435801
v -208.126190 0.648762 28.369175
v -207.988525 0.647480 28.273842
v -207.872025 0.646354 28.153473
v -207.781326 0.645432 28.012688
v -207.719818 0.644746 27.856915
v -207.689835 0.644322 27.692123
v -207.727966 0.837098 27.360943
v -207.692627 0.836957 27.524658
v -207.794617 0.837522 27.207279
v -207.889938 0.838208 27.069565
v -208.010254 0.839129 26.953077
v -208.151062 0.840253 26.862339
v -208.306793 0.841536 26.800795
v -208.471573 0.842928 26.770836
v -208.638947 0.844376 26.773581
v -208.802643 0.845823 26.808960
v -208.956284 0.847215 26.875586
v -209.093964 0.848497 26.970919
v -209.210464 0.849622 27.091288
v -209.301147 0.850543 27.232073
v -209.362671 0.851230 27.387846
v -209.392639 0.851651 27.552637
v -209.389847 0.851794 27.720102
v -209.354507 0.851651 27.883818
v -209.287857 0.851230 28.037483
v -209.192535 0.850543 28.175196
v -209.072235 0.849622 28.291683
v -208.931412 0.848497 28.382421
v -208.775681 0.847215 28.443966
v -208.610916 0.845823 28.473925
v -208.443466 0.844376 28.471172
v -208.279846 0.842928 28.435801
v -208.126190 0.841536 28.369175
v -207.988525 0.840255 28.273842
v -207.872025 0.839129 28.153473
v -207.781326 0.838208 28.012688
v -207.719818 0.837522 27.856915
v -207.689835 0.837098 27.692123
v -207.076599 0.831270 27.151525
v -207.012878 0.831015 27.446363
v -207.196625 0.832030 26.874771
v -207.368286 0.833267 26.626770
v -207.585022 0.834928 26.417019
v -207.838470 0.836950 26.253571
v -208.119003 0.839263 26.142752
v -208.415710 0.841767 26.088760
v -208.717239 0.844374 26.093723
v -209.012070 0.846984 26.157436
v -209.288742 0.849488 26.277451
v -209.536652 0.851799 26.449123
v -209.746399 0.853825 26.665913
v -209.909790 0.855483 26.919437
v -210.020584 0.856719 27.199965
v -210.074570 0.857479 27.496756
v -210.069519 0.857735 27.798351
v -210.005890 0.857479 28.093180
v -209.885864 0.856719 28.369934
v -209.714203 0.855483 28.617935
v -209.497467 0.853825 28.827705
v -209.243942 0.851799 28.991127
v -208.963470 0.849488 29.101973
v -208.666779 0.846984 29.155945
v -208.365173 0.844374 29.150974
v -208.070404 0.841767 29.087271
v -207.793747 0.839263 28.967274
v -207.545746 0.836954 28.795572
v -207.336075 0.834928 28.578812
v -207.172699 0.833267 28.325268
v -207.061890 0.832030 28.044741
v -207.007919 0.831270 27.747950
v -207.070602 0.967237 27.150835
v -207.006897 0.966982 27.445673
v -207.190552 0.967999 26.874073
v -207.362289 0.969235 26.626080
v -207.579025 0.970896 26.416328
v -207.832489 0.972919 26.252880
v -208.113007 0.975230 26.142061
v -208.409714 0.977735 26.088070
v -208.711243 0.980342 26.093033
v -209.006012 0.982951 26.156736
v -209.282745 0.985456 26.276762
v -209.530670 0.987765 26.448433
v -209.740417 0.989793 26.665224
v -209.903793 0.991450 26.918747
v -210.014603 0.992686 27.199274
v -210.068497 0.993447 27.496058
v -210.063538 0.993703 27.797661
v -209.999817 0.993447 28.092482
v -209.879868 0.992686 28.369244
v -209.708206 0.991450 28.617245
v -209.491470 0.989793 28.827015
v -209.237946 0.987765 28.990437
v -208.957489 0.985456 29.101284
v -208.660721 0.982951 29.155247
v -208.359177 0.980342 29.150284
v -208.064423 0.977735 29.086580
v -207.787750 0.975230 28.966583
v -207.539764 0.972920 28.794884
v -207.330093 0.970896 28.578121
v -207.166702 0.969235 28.324577
v -207.055832 0.967999 28.044043
v -207.001923 0.967237 27.747259
v -207.725555 0.490191 27.528450
v -207.865753 0.583314 27.544594
v -207.768616 0.583193 27.533409
v -207.758560 0.568039 27.683771
v -207.860199 0.571813 27.700890
v -207.724106 0.485874 27.690655
v -207.754578 0.531080 27.829041
v -207.871597 0.541043 27.853142
v -207.752319 0.472674 27.850031
v -207.752121 0.478004 27.963034
v -207.895004 0.493966 27.994930
v -207.806610 0.450871 28.000175
v -207.754272 0.408129 28.080994
v -207.932343 0.431256 28.121140
v -207.886459 0.421448 28.135496
v -207.762161 0.322988 28.178511
v -207.983414 0.354847 28.227076
v -207.989365 0.385596 28.250851
v -207.775604 0.225847 28.251835
v -208.046127 0.267671 28.308643
v -208.111496 0.344692 28.341827
v -207.793961 0.120447 28.298140
v -208.118164 0.173079 28.362722
v -208.248169 0.300310 28.404922
v -207.816681 0.010835 28.315693
v -208.196747 0.074708 28.387215
v -208.394012 0.254154 28.437704
v -207.842712 -0.098779 28.303755
v -208.278854 -0.023664 28.381226
v -208.543579 0.207999 28.438940
v -207.871124 -0.204178 28.262835
v -208.361374 -0.118255 28.344944
v -208.690933 0.163617 28.408552
v -207.900879 -0.301315 28.194485
v -208.440994 -0.205427 28.279768
v -208.830536 0.122716 28.347717
v -207.930725 -0.386457 28.101313
v -208.514801 -0.281838 28.188211
v -208.957047 0.086865 28.258780
v -207.959641 -0.456331 27.986931
v -208.579849 -0.344547 28.073793
v -209.065567 0.057441 28.145149
v -207.986435 -0.508251 27.855740
v -208.633682 -0.391142 27.940899
v -209.151825 0.035579 28.011192
v -208.010101 -0.540226 27.712755
v -208.674286 -0.419836 27.794655
v -209.212708 0.022118 27.862074
v -208.029694 -0.551018 27.563473
v -208.700043 -0.429523 27.640667
v -209.245651 0.017571 27.703499
v -208.044540 -0.540226 27.413647
v -208.709961 -0.419834 27.484856
v -209.249619 0.022118 27.541584
v -208.054001 -0.508251 27.269026
v -208.703659 -0.391140 27.333212
v -209.224228 0.035581 27.382530
v -208.057724 -0.456329 27.135159
v -208.681442 -0.344543 27.191559
v -209.170670 0.057445 27.232471
v -208.055557 -0.386456 27.017218
v -208.644104 -0.281836 27.065350
v -209.090820 0.086870 27.097151
v -208.047684 -0.301313 26.919701
v -208.593033 -0.205424 26.959412
v -208.987915 0.122721 26.981796
v -208.034225 -0.204176 26.846375
v -208.530304 -0.118249 26.877846
v -208.865707 0.163621 26.890810
v -208.015869 -0.098777 26.800070
v -208.458206 -0.023658 26.823757
v -208.729111 0.208004 26.827724
v -207.993225 0.010837 26.782526
v -208.379608 0.074714 26.799246
v -208.583191 0.254158 26.794933
v -207.967117 0.120452 26.794456
v -208.297516 0.173085 26.805254
v -208.433701 0.300314 26.793705
v -207.938721 0.225851 26.835377
v -208.215073 0.267675 26.841543
v -208.286270 0.344695 26.824087
v -207.908966 0.322989 26.903727
v -208.135452 0.354852 26.906719
v -208.146667 0.385597 26.884922
v -207.879120 0.408131 26.996899
v -208.061646 0.431260 26.998276
v -208.020218 0.421449 26.973867
v -207.850204 0.478004 27.111261
v -207.996597 0.493968 27.112694
v -207.911713 0.450872 27.087496
v -207.822144 0.531080 27.242325
v -207.941574 0.541045 27.245453
v -207.824707 0.472675 27.221369
v -207.792999 0.568042 27.384699
v -207.895859 0.571815 27.391127
v -207.761017 0.485874 27.370165
v -218.484436 -1.722433 27.568516
v -218.475662 -1.722433 27.741137
v -218.433273 -1.722433 27.908709
v -218.359070 -1.722433 28.064821
v -218.255859 -1.722433 28.203442
v -218.127518 -1.722433 28.319250
v -217.979095 -1.722433 28.407818
v -217.816284 -1.722433 28.465717
v -217.645264 -1.722433 28.490721
v -217.472656 -1.722433 28.481903
v -217.305038 -1.722433 28.439569
v -217.148972 -1.722433 28.365355
v -217.010330 -1.722433 28.262114
v -216.894516 -1.722433 28.133804
v -216.805923 -1.722433 27.985369
v -216.748062 -1.722433 27.822519
v -216.723068 -1.722433 27.651501
v -216.731857 -1.722433 27.478880
v -216.774170 -1.722433 27.311300
v -216.848434 -1.722433 27.155214
v -216.951660 -1.722433 27.016594
v -217.079987 -1.722433 26.900768
v -217.228424 -1.722433 26.812218
v -217.391235 -1.722433 26.754316
v -217.562256 -1.722433 26.729296
v -217.734863 -1.722433 26.738115
v -217.902466 -1.722433 26.780466
v -218.058548 -1.722433 26.854681
v -218.197174 -1.722433 26.957920
v -218.312988 -1.722433 27.086214
v -218.401520 -1.722433 27.234638
v -218.459457 -1.722433 27.397497
v -218.475662 -1.722433 27.741137
v -218.484436 -1.722433 27.568516
v -218.433273 -1.722433 27.908709
v -218.359070 -1.722433 28.064821
v -218.255859 -1.722433 28.203442
v -218.127518 -1.722433 28.319250
v -217.979095 -1.722433 28.407818
v -217.816284 -1.722433 28.465717
v -217.645264 -1.722433 28.490721
v -217.472656 -1.722433 28.481903
v -217.305038 -1.722433 28.439569
v -217.148972 -1.722433 28.365355
v -217.010330 -1.722433 28.262114
v -216.894516 -1.722433 28.133804
v -216.805923 -1.722433 27.985369
v -216.748062 -1.722433 27.822519
v -216.723068 -1.722433 27.651501
v -216.731857 -1.722433 27.478880
v -216.774170 -1.722433 27.311300
v -216.848434 -1.722433 27.155214
v -216.951660 -1.722433 27.016594
v -217.079987 -1.722433 26.900768
v -217.228424 -1.722433 26.812218
v -217.391235 -1.722433 26.754316
v -217.562256 -1.722433 26.729296
v -217.734863 -1.722433 26.738115
v -217.902466 -1.722433 26.780466
v -218.058548 -1.722433 26.854681
v -218.197174 -1.722433 26.957920
v -218.312988 -1.722433 27.086214
v -218.401520 -1.722433 27.234638
v -218.459457 -1.722433 27.397497
v -218.100143 -1.497015 27.684666
v -218.105164 -1.497015 27.586386
v -218.076050 -1.497015 27.780071
v -218.033798 -1.497015 27.868948
v -217.975006 -1.497015 27.947861
v -217.901978 -1.497015 28.013815
v -217.817459 -1.497015 28.064222
v -217.724762 -1.497015 28.097193
v -217.627396 -1.497015 28.111431
v -217.529083 -1.497015 28.106409
v -217.433670 -1.497015 28.082302
v -217.344833 -1.497015 28.040062
v -217.265915 -1.497015 27.981274
v -217.199966 -1.497015 27.908236
v -217.149567 -1.497015 27.823723
v -217.113831 -1.496441 27.731131
v -217.097000 -1.495893 27.633877
v -217.104660 -1.496441 27.535488
v -217.131470 -1.497015 27.439945
v -217.173721 -1.497015 27.351068
v -217.232498 -1.497015 27.272154
v -217.305542 -1.497015 27.206221
v -217.390060 -1.497015 27.155796
v -217.482758 -1.497015 27.122824
v -217.580124 -1.497015 27.108585
v -217.678421 -1.497015 27.113609
v -217.773849 -1.497015 27.137716
v -217.862686 -1.497015 27.179974
v -217.941605 -1.497015 27.238743
v -218.007553 -1.497015 27.311798
v -218.057938 -1.497015 27.396294
v -218.090973 -1.497015 27.489021
v -218.475662 -1.497015 27.741137
v -218.484436 -1.497015 27.568516
v -218.433273 -1.497015 27.908709
v -218.359070 -1.497015 28.064821
v -218.255859 -1.497015 28.203442
v -218.127518 -1.497015 28.319250
v -217.979095 -1.497015 28.407818
v -217.816284 -1.497015 28.465717
v -217.645264 -1.497015 28.490721
v -217.472656 -1.497015 28.481903
v -217.305038 -1.497015 28.439569
v -217.148972 -1.497015 28.365355
v -217.010330 -1.497015 28.262114
v -216.894516 -1.497015 28.133804
v -216.795410 -1.494221 27.985544
v -216.724182 -1.480186 27.820293
v -216.695786 -1.471437 27.652782
v -216.708252 -1.480186 27.483339
v -216.763657 -1.494221 27.312113
v -216.848434 -1.497015 27.155214
v -216.951660 -1.497015 27.016594
v -217.079987 -1.497015 26.900768
v -217.228424 -1.497015 26.812218
v -217.391235 -1.497015 26.754316
v -217.562256 -1.497015 26.729296
v -217.734863 -1.497015 26.738115
v -217.902466 -1.497015 26.780466
v -218.058548 -1.497015 26.854681
v -218.197174 -1.497015 26.957920
v -218.312988 -1.497015 27.086214
v -218.401520 -1.497015 27.234638
v -218.459457 -1.497015 27.397497
v -216.930603 -0.296950 27.754128
v -216.926880 -0.288873 27.641893
v -216.930969 -0.320870 27.862175
v -216.928116 -0.359715 27.961920
v -216.921997 -0.411993 28.049503
v -216.912949 -0.475691 28.121588
v -216.901276 -0.548367 28.175381
v -216.887390 -0.627222 28.208807
v -216.871933 -0.709230 28.220615
v -216.855423 -0.791239 28.210318
v -216.838501 -0.870094 28.178326
v -216.821747 -0.942770 28.125874
v -216.806000 -1.006466 28.054981
v -216.791687 -1.058744 27.968344
v -216.779404 -1.097589 27.869308
v -216.769684 -1.121510 27.761703
v -216.762802 -1.129587 27.649628
v -216.759079 -1.121510 27.537411
v -216.758698 -1.097589 27.429346
v -216.761566 -1.058744 27.329618
v -216.767685 -1.006466 27.242016
v -216.776733 -0.942770 27.169950
v -216.788391 -0.870094 27.116159
v -216.802292 -0.791239 27.082714
v -216.817749 -0.709230 27.070925
v -216.834244 -0.627222 27.081203
v -216.851181 -0.548367 27.113195
v -216.867935 -0.475691 27.165648
v -216.883682 -0.411993 27.236559
v -216.897995 -0.359715 27.323177
v -216.910278 -0.320870 27.422213
v -216.919998 -0.296950 27.529818
v -214.410812 0.501169 27.895102
v -214.412262 0.517512 27.749727
v -214.404129 0.463486 28.035151
v -214.398712 0.411696 28.164194
v -214.390854 0.344107 28.277437
v -214.379135 0.261747 28.370638
v -214.364014 0.167786 28.440186
v -214.346146 0.065829 28.483404
v -214.326096 -0.040200 28.498657
v -214.304764 -0.146230 28.485367
v -214.282837 -0.248186 28.443993
v -214.261261 -0.342151 28.376179
v -214.240860 -0.424509 28.284510
v -214.222351 -0.492096 28.172503
v -214.206497 -0.542322 28.044477
v -214.193893 -0.573252 27.905336
v -214.185013 -0.583693 27.760422
v -214.180206 -0.573252 27.615341
v -214.179733 -0.542322 27.475630
v -214.183487 -0.492096 27.346676
v -214.191360 -0.424509 27.233431
v -214.203064 -0.342151 27.140232
v -214.218185 -0.248185 27.070704
v -214.236053 -0.146230 27.027466
v -214.256104 -0.040200 27.012213
v -214.277435 0.065829 27.025501
v -214.299362 0.167786 27.066875
v -214.320938 0.261747 27.134691
v -214.341339 0.344107 27.226358
v -214.359848 0.411696 27.338367
v -214.377350 0.463486 27.466320
v -214.397125 0.501169 27.605143
v -213.892624 0.644322 27.941071
v -213.901169 0.644182 27.773800
v -213.851654 0.644746 28.103466
v -213.779739 0.645432 28.254725
v -213.679718 0.646354 28.389065
v -213.555389 0.647478 28.501286
v -213.411560 0.648762 28.587103
v -213.253815 0.650152 28.643209
v -213.088135 0.651600 28.667458
v -212.920822 0.653049 28.658892
v -212.758530 0.654439 28.617884
v -212.607285 0.655723 28.545950
v -212.472931 0.656849 28.445902
v -212.360718 0.657768 28.321566
v -212.274948 0.658455 28.177731
v -212.218842 0.658877 28.019918
v -212.194595 0.659019 27.854195
v -212.203140 0.658877 27.686905
v -212.244171 0.658455 27.524519
v -212.316086 0.657768 27.373260
v -212.416122 0.656849 27.238937
v -212.540436 0.655723 27.126698
v -212.684204 0.654439 27.040873
v -212.842010 0.653049 26.984776
v -213.007706 0.651600 26.960527
v -213.174942 0.650152 26.969084
v -213.337296 0.648762 27.010120
v -213.488541 0.647480 27.082033
v -213.622818 0.646354 27.182074
v -213.735046 0.645432 27.306412
v -213.820877 0.644746 27.450254
v -213.876923 0.644322 27.608059
v -213.892624 0.837098 27.941071
v -213.901169 0.836957 27.773800
v -213.851654 0.837522 28.103466
v -213.779739 0.838208 28.254725
v -213.679718 0.839129 28.389065
v -213.555389 0.840253 28.501286
v -213.411560 0.841536 28.587103
v -213.253815 0.842928 28.643209
v -213.088135 0.844376 28.667458
v -212.920822 0.845823 28.658892
v -212.758530 0.847215 28.617884
v -212.607285 0.848497 28.545950
v -212.472931 0.849622 28.445902
v -212.360718 0.850543 28.321566
v -212.274948 0.851230 28.177731
v -212.218842 0.851651 28.019918
v -212.194595 0.851794 27.854195
v -212.203140 0.851651 27.686905
v -212.244171 0.851230 27.524519
v -212.316086 0.850543 27.373260
v -212.416122 0.849622 27.238937
v -212.540436 0.848497 27.126698
v -212.684204 0.847215 27.040873
v -212.842010 0.845823 26.984776
v -213.007706 0.844376 26.960527
v -213.174942 0.842928 26.969084
v -213.337296 0.841536 27.010120
v -213.488541 0.840255 27.082033
v -213.622818 0.839129 27.182074
v -213.735046 0.838208 27.306412
v -213.820877 0.837522 27.450254
v -213.876923 0.837098 27.608059
v -214.569214 0.831270 28.042877
v -214.584641 0.831015 27.741634
v -214.495346 0.832030 28.335331
v -214.365860 0.833267 28.607752
v -214.185745 0.834928 28.849663
v -213.961868 0.836950 29.051790
v -213.702850 0.839263 29.206333
v -213.418716 0.841767 29.307386
v -213.120285 0.844374 29.351038
v -212.819138 0.846984 29.335625
v -212.526733 0.849488 29.261736
v -212.254318 0.851799 29.132219
v -212.012466 0.853825 28.952045
v -211.810364 0.855483 28.728134
v -211.655869 0.856719 28.469091
v -211.554855 0.857479 28.184875
v -211.511200 0.857735 27.886406
v -211.526611 0.857479 27.585161
v -211.600479 0.856719 27.292709
v -211.729980 0.855483 27.020287
v -211.910080 0.853825 26.778376
v -212.133957 0.851799 26.576250
v -212.392914 0.849488 26.421700
v -212.677109 0.846984 26.320654
v -212.975464 0.844374 26.276993
v -213.276688 0.841767 26.292416
v -213.569092 0.839263 26.366304
v -213.841431 0.836954 26.495811
v -214.083359 0.834928 26.675995
v -214.285385 0.833267 26.899916
v -214.439957 0.832030 27.158949
v -214.540970 0.831270 27.443163
v -214.575241 0.967237 28.042599
v -214.590668 0.966982 27.741354
v -214.501373 0.967999 28.335051
v -214.371887 0.969235 28.607471
v -214.191772 0.970896 28.849384
v -213.967896 0.972919 29.051510
v -213.708954 0.975230 29.206060
v -213.424744 0.977735 29.307087
v -213.126389 0.980342 29.350748
v -212.825165 0.982951 29.335344
v -212.532776 0.985456 29.261456
v -212.260422 0.987765 29.131929
v -212.018509 0.989793 28.951746
v -211.816483 0.991450 28.727844
v -211.661896 0.992686 28.468811
v -211.560883 0.993447 28.184595
v -211.517227 0.993703 27.886124
v -211.532654 0.993447 27.584881
v -211.606506 0.992686 27.292429
v -211.736008 0.991450 27.020008
v -211.916107 0.989793 26.778078
v -212.139984 0.987765 26.575970
v -212.399017 0.985456 26.421427
v -212.683136 0.982951 26.320374
v -212.981567 0.980342 26.276722
v -213.282730 0.977735 26.292135
v -213.575119 0.975230 26.366005
v -213.847534 0.972920 26.495539
v -214.089386 0.970896 26.675714
v -214.291489 0.969235 26.899626
v -214.445984 0.967999 27.158669
v -214.546997 0.967237 27.442883
v -213.868073 0.490191 27.775351
v -213.727127 0.583314 27.782001
v -213.824814 0.583193 27.777395
v -213.810455 0.568039 27.627371
v -213.707367 0.571813 27.626839
v -213.843353 0.485874 27.615044
v -213.790985 0.531080 27.483374
v -213.671677 0.541043 27.478426
v -213.789810 0.472674 27.462288
v -213.771851 0.478004 27.350716
v -213.625748 0.493966 27.342251
v -213.712082 0.450871 27.322845
v -213.750732 0.408129 27.234640
v -213.568558 0.431256 27.223707
v -213.611526 0.421448 27.202137
v -213.727249 0.322988 27.139696
v -213.501083 0.354847 27.127369
v -213.491379 0.385596 27.104870
v -213.702209 0.225847 27.069475
v -213.426056 0.267671 27.056978
v -213.356125 0.344692 27.034739
v -213.676544 0.120447 27.026714
v -213.346237 0.173079 27.015198
v -213.211136 0.300310 26.994467
v -213.651428 0.010835 27.013065
v -213.264725 0.074708 27.003674
v -213.061859 0.254154 26.985598
v -213.627625 -0.098779 27.029028
v -213.184647 -0.023664 27.022806
v -212.914108 0.207999 27.008463
v -213.606110 -0.204178 27.074001
v -213.109116 -0.118255 27.071907
v -212.773575 0.163617 27.062183
v -213.587814 -0.301315 27.146259
v -213.041016 -0.205427 27.149054
v -212.645569 0.122716 27.144707
v -213.573303 -0.386457 27.243013
v -212.982910 -0.281838 27.251284
v -212.535049 0.086865 27.252859
v -213.563217 -0.456331 27.360556
v -212.937073 -0.344547 27.374697
v -212.446289 0.057441 27.382481
v -213.557861 -0.508251 27.494347
v -212.905304 -0.391142 27.514519
v -212.382614 0.035579 27.528561
v -213.557587 -0.540226 27.639294
v -212.888824 -0.419836 27.665396
v -212.346619 0.022118 27.685549
v -213.562210 -0.551018 27.789774
v -212.888245 -0.429523 27.821533
v -212.339615 0.017571 27.847355
v -213.571747 -0.540226 27.940029
v -212.903488 -0.419834 27.976887
v -212.361771 0.022118 28.007797
v -213.585648 -0.508251 28.084284
v -212.934113 -0.391140 28.125544
v -212.412445 0.035581 28.160692
v -213.603577 -0.456329 28.217009
v -212.978928 -0.344543 28.261776
v -212.489487 0.057445 28.300169
v -213.624619 -0.386456 28.333057
v -213.036118 -0.281836 28.380318
v -212.590057 0.086870 28.420858
v -213.648163 -0.301313 28.428030
v -213.103500 -0.205424 28.476648
v -212.710190 0.122721 28.518126
v -213.673218 -0.204176 28.498230
v -213.178604 -0.118249 28.547047
v -212.845444 0.163621 28.588255
v -213.698807 -0.098777 28.540983
v -213.258423 -0.023658 28.588829
v -212.990433 0.208004 28.628529
v -213.723984 0.010837 28.554640
v -213.339935 0.074714 28.600351
v -213.139709 0.254158 28.637415
v -213.747787 0.120452 28.538677
v -213.419952 0.173085 28.581211
v -213.287476 0.300314 28.614552
v -213.769241 0.225851 28.493715
v -213.495544 0.267675 28.532120
v -213.428070 0.344695 28.560820
v -213.787598 0.322989 28.421467
v -213.563644 0.354852 28.454973
v -213.556015 0.385597 28.478289
v -213.802124 0.408131 28.324711
v -213.621750 0.431260 28.352741
v -213.666519 0.421449 28.370153
v -213.812210 0.478004 28.207169
v -213.667526 0.493968 28.229340
v -213.755356 0.450872 28.240541
v -213.818771 0.531080 28.073292
v -213.700424 0.541045 28.089441
v -213.819641 0.472675 28.094400
v -213.824631 0.568042 27.928106
v -213.722031 0.571815 27.938313
v -213.858505 0.485874 27.937292
v -214.855087 1.519622 35.316269
v -214.855087 1.668976 35.316269
v -217.606552 1.519622 32.682568
v -217.606552 1.668976 32.682568
v -219.943344 0.997395 40.085407
v -219.943344 1.146748 40.085407
v -222.694809 0.997395 37.451706
v -222.694809 1.146748 37.451706
v -219.943344 0.997395 40.085407
v -219.943344 1.146748 40.085407
v -222.694809 0.997395 37.451706
v -222.694809 1.146748 37.451706
v -223.555008 0.709938 44.135639
v -223.555008 0.859292 44.135639
v -226.306473 0.709938 41.501938
v -226.306473 0.859292 41.501938
vn 0.7224 -0.0000 0.6915
vn -0.7224 -0.0000 -0.6915
vn -0.0000 1.0000 -0.0000
vn -0.0000 -1.0000 -0.0000
vn 0.6915 -0.0000 -0.7224
vn 0.7459 -0.0000 0.6661
vn -0.0002 1.0000 -0.0002
vn -0.0002 1.0000 -0.0003
vn -0.0003 1.0000 -0.0002
vn 0.5692 0.8060 0.1624
vn 0.5900 0.8060 0.0483
vn 0.6147 0.7872 0.0503
vn 0.5931 0.7872 0.1693
vn -0.1811 0.8060 -0.5636
vn -0.7459 -0.0000 -0.6661
vn 0.3679 0.8060 -0.4636
vn -0.0634 0.7869 0.6138
vn -0.0001 1.0000 -0.0000
vn -0.2876 0.8060 -0.5174
vn 0.2704 0.8060 -0.5266
vn 0.0712 0.7826 0.6185
vn -0.3830 0.8060 -0.4513
vn 0.1624 0.8060 -0.5692
vn 0.2013 0.7869 0.5833
vn -0.4637 0.8060 -0.3679
vn 0.0482 0.8059 -0.5900
vn 0.3092 0.7963 0.5199
vn -0.5265 0.8060 -0.2704
vn -0.0677 0.8060 -0.5881
vn 0.3910 0.8036 0.4488
vn -0.5692 0.8060 -0.1625
vn 0.4637 0.8060 0.3679
vn -0.5900 0.8060 -0.0483
vn 0.5266 0.8060 0.2704
vn -0.5881 0.8060 0.0677
vn 0.5693 0.8059 0.1624
vn -0.0000 1.0000 0.0001
vn -0.5636 0.8059 0.1811
vn -0.5174 0.8060 0.2876
vn 0.5881 0.8059 -0.0677
vn -0.4513 0.8060 0.3831
vn 0.5635 0.8060 -0.1811
vn -0.3679 0.8060 0.4637
vn 0.5173 0.8060 -0.2876
vn -0.2787 0.8036 0.5259
vn 0.4513 0.8060 -0.3830
vn 0.0001 1.0000 -0.0000
vn -0.1829 0.7963 0.5766
vn -0.0523 0.9014 -0.4298
vn 0.1062 0.8857 -0.4520
vn 0.0203 0.9415 -0.3365
vn -0.0382 0.9426 -0.3318
vn -0.5635 0.8060 0.1812
vn -0.5391 0.7872 0.2996
vn -0.5871 0.7872 0.1887
vn 0.5881 0.8060 -0.0678
vn 0.6127 0.7872 -0.0706
vn -0.4514 0.8060 0.3829
vn -0.4702 0.7872 0.3991
vn 0.5872 0.7872 -0.1887
vn -0.3833 0.7872 0.4831
vn 0.5174 0.8060 -0.2875
vn 0.5391 0.7872 -0.2996
vn -0.2788 0.8036 0.5259
vn -0.2916 0.7881 0.5421
vn 0.4512 0.8060 -0.3831
vn 0.4702 0.7872 -0.3991
vn -0.1830 0.7963 0.5766
vn -0.2131 0.7738 0.5966
vn -0.0677 0.8060 -0.5880
vn -0.1812 0.8060 -0.5635
vn -0.1887 0.7872 -0.5871
vn -0.0705 0.7872 -0.6127
vn 0.3680 0.8060 -0.4637
vn 0.3834 0.7872 -0.4831
vn -0.0635 0.7869 0.6138
vn -0.0945 0.7810 0.6173
vn -0.2874 0.8060 -0.5175
vn -0.2996 0.7872 -0.5391
vn 0.2704 0.8060 -0.5265
vn 0.2817 0.7872 -0.5486
vn 0.0695 0.7947 0.6030
vn -0.3831 0.8060 -0.4512
vn -0.3990 0.7872 -0.4702
vn 0.1623 0.8060 -0.5692
vn 0.1692 0.7872 -0.5931
vn 0.2014 0.7870 0.5832
vn 0.2324 0.7810 0.5796
vn -0.4636 0.8060 -0.3680
vn -0.4831 0.7872 -0.3833
vn 0.0483 0.8060 -0.5899
vn 0.0503 0.7872 -0.6147
vn 0.3432 0.7738 0.5325
vn -0.5266 0.8060 -0.2702
vn -0.5486 0.7872 -0.2817
vn 0.4072 0.7881 0.4616
vn -0.5692 0.8060 -0.1624
vn -0.5931 0.7872 -0.1692
vn 0.4637 0.8060 0.3680
vn 0.4831 0.7872 0.3833
vn -0.5899 0.8060 -0.0483
vn -0.6146 0.7872 -0.0503
vn 0.5265 0.8060 0.2706
vn 0.5486 0.7872 0.2817
vn -0.5881 0.8060 0.0678
vn -0.6127 0.7872 0.0706
vn -0.0962 0.9415 -0.3230
vn -0.1555 0.9381 -0.3095
vn -0.2176 0.9319 -0.2901
vn -0.2841 0.9222 -0.2625
vn -0.3557 0.9076 -0.2230
vn -0.4315 0.8866 -0.1665
vn -0.5071 0.8575 -0.0873
vn -0.5725 0.8196 0.0199
vn -0.6130 0.7749 0.1542
vn -0.6132 0.7280 0.3066
vn -0.5650 0.6853 0.4596
vn -0.4716 0.6514 0.5944
vn -0.3513 0.6289 0.6936
vn -0.2450 0.6194 0.7459
vn -0.1221 0.6306 0.7664
vn 0.0875 0.6446 0.7595
vn 0.2931 0.6306 0.7186
vn 0.4081 0.6194 0.6707
vn 0.4998 0.6289 0.5956
vn 0.5944 0.6514 0.4716
vn 0.6547 0.6853 0.3191
vn 0.6668 0.7280 0.1592
vn 0.6320 0.7749 0.0109
vn 0.5621 0.8196 -0.1108
vn 0.4740 0.8575 -0.2002
vn 0.3824 0.8866 -0.2603
vn 0.2957 0.9076 -0.2980
vn 0.2170 0.9222 -0.3202
vn 0.1459 0.9319 -0.3320
vn 0.0811 0.9381 -0.3368
vn -0.2061 0.8921 -0.4020
vn -0.1921 0.9747 -0.1145
vn -0.0138 0.9894 -0.1449
vn 0.2448 0.8508 -0.4650
vn 0.3831 0.7947 -0.4709
vn 0.5301 0.7074 -0.4674
vn 0.6773 0.5841 -0.4473
vn 0.8131 0.4205 -0.4025
vn 0.9200 0.2173 -0.3263
vn 0.9756 -0.0131 -0.2191
vn 0.9652 -0.2447 -0.0927
vn 0.8925 -0.4497 0.0336
vn 0.7771 -0.6126 0.1445
vn 0.6395 -0.7322 0.2343
vn 0.4934 -0.8148 0.3045
vn 0.3464 -0.8670 0.3582
vn 0.2000 -0.8947 0.3993
vn 0.0473 -0.9018 0.4295
vn -0.1064 -0.8885 0.4463
vn -0.2555 -0.8550 0.4513
vn -0.4070 -0.7979 0.4445
vn -0.5612 -0.7120 0.4220
vn -0.7122 -0.5911 0.3787
vn -0.8487 -0.4291 0.3092
vn -0.9507 -0.2262 0.2119
vn -0.9955 0.0039 0.0950
vn -0.9718 0.2345 -0.0252
vn -0.8887 0.4389 -0.1323
vn -0.7674 0.6027 -0.2186
vn -0.6278 0.7245 -0.2845
vn -0.4840 0.8088 -0.3340
vn -0.3466 0.8615 -0.3712
vn 0.5765 0.7869 -0.2200
vn 0.7229 0.6518 -0.2293
vn -0.1325 -0.9852 0.1085
vn -0.2790 -0.9518 0.1272
vn -0.3263 0.9410 -0.0900
vn 0.4298 0.8792 -0.2055
vn 0.0120 -0.9961 0.0869
vn -0.4566 0.8874 -0.0642
vn 0.2983 0.9355 -0.1892
vn 0.1558 -0.9858 0.0623
vn -0.6014 0.7983 -0.0320
vn 0.1637 0.9716 -0.1709
vn 0.3009 -0.9530 0.0343
vn -0.7455 0.6665 0.0048
vn 0.4477 -0.8942 0.0024
vn -0.8722 0.4871 0.0444
vn 0.5952 -0.8029 -0.0338
vn -0.9618 0.2607 0.0840
vn 0.7373 -0.6714 -0.0742
vn -0.9929 0.0033 0.1188
vn 0.8621 -0.4930 -0.1173
vn -0.9560 -0.2553 0.1441
vn 0.9499 -0.2687 -0.1594
vn -0.8609 -0.4837 0.1576
vn 0.9807 -0.0134 -0.1953
vn -0.7291 -0.6654 0.1601
vn 0.9451 0.2423 -0.2194
vn -0.5809 -0.7992 0.1544
vn 0.8523 0.4697 -0.2302
vn -0.4289 -0.8920 0.1429
vn 0.2647 -0.0918 -0.9600
vn 0.0787 -0.1036 -0.9915
vn 0.0475 -0.8256 -0.5622
vn 0.1569 -0.8254 -0.5422
vn 0.4446 -0.8203 0.3596
vn 0.5052 -0.8208 0.2665
vn 0.5542 -0.7796 0.2917
vn 0.4887 -0.7775 0.3957
vn 0.3028 -0.1093 0.9468
vn 0.4808 -0.1042 0.8706
vn 0.2758 -0.8197 0.5021
vn 0.1743 -0.8195 0.5460
vn -0.7739 -0.0494 -0.6313
vn -0.8837 -0.0343 -0.4667
vn -0.5065 -0.8243 -0.2531
vn -0.4453 -0.8248 -0.3484
vn -0.1137 -0.1062 -0.9878
vn -0.0645 -0.8257 -0.5604
vn 0.6411 -0.0958 0.7614
vn 0.3672 -0.8199 0.4392
vn -0.9589 -0.0274 -0.2824
vn -0.5471 -0.8237 -0.1489
vn 0.7779 -0.0849 0.6226
vn -0.9959 -0.0280 -0.0864
vn -0.5665 -0.8231 -0.0390
vn 0.8855 -0.0723 0.4590
vn -0.9930 -0.0348 0.1127
vn -0.5641 -0.8225 0.0726
vn 0.9592 -0.0586 0.2767
vn 0.5466 -0.8213 0.1633
vn -0.9508 -0.0456 0.3065
vn -0.5400 -0.8219 0.1814
vn 0.9955 -0.0456 0.0824
vn 0.5671 -0.8219 0.0539
vn -0.8711 -0.0586 0.4875
vn -0.4952 -0.8213 0.2833
vn 0.9926 -0.0348 -0.1160
vn 0.5658 -0.8225 -0.0576
vn -0.7579 -0.0723 0.6483
vn -0.4314 -0.8208 0.3744
vn 0.9501 -0.0280 -0.3106
vn 0.5428 -0.8231 -0.1667
vn -0.6161 -0.0850 0.7831
vn -0.3513 -0.8203 0.4513
vn 0.8696 -0.0274 -0.4930
vn 0.4989 -0.8237 -0.2693
vn -0.4513 -0.0959 0.8872
vn -0.2577 -0.8199 0.5112
vn 0.7545 -0.0343 -0.6554
vn 0.4357 -0.8243 -0.3615
vn -0.2702 -0.1040 0.9572
vn -0.1544 -0.8197 0.5517
vn -0.3020 -0.1034 -0.9477
vn -0.1741 -0.8256 -0.5367
vn 0.6102 -0.0493 -0.7907
vn 0.3556 -0.8248 -0.4396
vn -0.0796 -0.1092 0.9908
vn -0.0452 -0.8195 0.5713
vn -0.4760 -0.0918 -0.8747
vn -0.2768 -0.8254 -0.4920
vn 0.4434 -0.0711 -0.8935
vn 0.2618 -0.8252 -0.5005
vn 0.1137 -0.1110 0.9873
vn 0.0656 -0.8194 0.5694
vn -0.6349 -0.0710 -0.7693
vn -0.3687 -0.8252 -0.4280
vn 0.6174 -0.7845 0.0581
vn 0.6136 -0.7871 -0.0630
vn 0.6118 0.7871 -0.0781
vn 0.6120 0.7897 0.0426
vn -0.6119 -0.7871 0.0781
vn -0.6121 -0.7897 -0.0416
vn 0.5974 -0.7820 0.1779
vn -0.5880 -0.7845 0.1969
vn -0.5413 -0.7820 0.3090
vn -0.4734 -0.7796 0.4100
vn 0.5863 -0.7897 -0.1806
vn -0.3866 -0.7775 0.4960
vn 0.5367 -0.7922 -0.2903
vn -0.2844 -0.7759 0.5631
vn 0.4671 -0.7945 -0.3881
vn -0.1707 -0.7746 0.6089
vn -0.1850 -0.8000 -0.5707
vn -0.0686 -0.8003 -0.5957
vn 0.3800 -0.7965 -0.4703
vn -0.0502 -0.7738 0.6314
vn -0.2946 -0.7993 -0.5238
vn 0.2790 -0.7981 -0.5340
vn 0.0725 -0.7735 0.6296
vn -0.3931 -0.7981 -0.4566
vn 0.1678 -0.7993 -0.5771
vn 0.1924 -0.7738 0.6035
vn -0.4770 -0.7965 -0.3716
vn 0.0505 -0.8000 -0.5978
vn 0.3047 -0.7746 0.5542
vn -0.5431 -0.7945 -0.2717
vn 0.4050 -0.7759 0.4838
vn -0.5887 -0.7922 -0.1607
vn -0.1924 0.7738 -0.6035
vn -0.3047 0.7746 -0.5542
vn -0.4049 0.7759 -0.4838
vn -0.4892 0.7775 -0.3951
vn -0.5542 0.7796 -0.2917
vn -0.5974 0.7820 -0.1779
vn -0.6174 0.7845 -0.0581
vn -0.6136 0.7871 0.0630
vn -0.5863 0.7897 0.1805
vn -0.5368 0.7922 0.2903
vn -0.4671 0.7945 0.3881
vn -0.3800 0.7965 0.4703
vn -0.2790 0.7981 0.5340
vn -0.1678 0.7993 0.5770
vn -0.0505 0.8001 0.5978
vn 0.0686 0.8003 0.5957
vn 0.1850 0.8001 0.5707
vn 0.2945 0.7993 0.5238
vn 0.3930 0.7981 0.4566
vn 0.4770 0.7965 0.3716
vn 0.5431 0.7945 0.2718
vn 0.5887 0.7922 0.1607
vn 0.5880 0.7845 -0.1969
vn 0.5413 0.7820 -0.3090
vn 0.4733 0.7796 -0.4100
vn 0.3866 0.7775 -0.4959
vn 0.2844 0.7759 -0.5631
vn 0.1708 0.7746 -0.6090
vn 0.0502 0.7738 -0.6315
vn -0.0725 0.7735 -0.6296
vn -0.0142 -0.9442 -0.3292
vn -0.0305 -0.9512 -0.3070
vn -0.0350 -0.9521 -0.3039
vn 0.0165 -0.9236 -0.3831
vn 0.2076 -0.7658 -0.6086
vn 0.6273 -0.2854 -0.7245
vn 0.8576 0.0087 -0.5142
vn 0.9478 -0.0148 -0.3184
vn 0.9876 -0.0883 -0.1297
vn 0.9828 -0.1764 0.0550
vn 0.9362 -0.2654 0.2306
vn 0.8523 -0.3477 0.3906
vn 0.7376 -0.4183 0.5300
vn 0.5986 -0.4747 0.6453
vn 0.4417 -0.5152 0.7345
vn 0.2725 -0.5396 0.7966
vn 0.0957 -0.5477 0.8312
vn -0.0843 -0.5396 0.8377
vn -0.2632 -0.5152 0.8157
vn -0.4362 -0.4747 0.7645
vn -0.5978 -0.4183 0.6838
vn -0.7413 -0.3477 0.5741
vn -0.8592 -0.2654 0.4374
vn -0.9446 -0.1764 0.2770
vn -0.9912 -0.0883 0.0982
vn -0.9954 -0.0148 -0.0946
vn -0.9521 0.0087 -0.3058
vn -0.7756 -0.2854 -0.5630
vn -0.3405 -0.7658 -0.5455
vn -0.1032 -0.9236 -0.3693
vn -0.0609 -0.9442 -0.3238
vn -0.0401 -0.9512 -0.3059
vn 0.1477 0.5295 0.8353
vn 0.0959 0.5444 0.8333
vn 0.1617 0.9818 -0.0993
vn -0.0079 0.9977 -0.0680
vn 0.1971 0.5005 0.8430
vn 0.2932 0.9456 -0.1409
vn 0.4069 0.2911 0.8658
vn 0.4252 0.8879 -0.1757
vn 0.6511 -0.2907 -0.7012
vn 0.5743 0.7935 -0.2011
vn 0.7773 0.1697 -0.6058
vn 0.7244 0.6548 -0.2156
vn 0.8777 0.2641 -0.3999
vn 0.8572 0.4674 -0.2161
vn 0.9540 0.1127 -0.2780
vn 0.9513 0.2344 -0.2002
vn 0.9831 -0.0840 -0.1629
vn 0.9854 -0.0256 -0.1682
vn 0.9574 -0.2847 -0.0482
vn 0.9515 -0.2812 -0.1248
vn 0.8825 -0.4665 0.0596
vn 0.8607 -0.5033 -0.0770
vn 0.7717 -0.6170 0.1541
vn 0.7344 -0.6780 -0.0310
vn 0.6392 -0.7331 0.2323
vn 0.5920 -0.8059 0.0096
vn 0.4956 -0.8171 0.2944
vn 0.4453 -0.8943 0.0438
vn 0.3473 -0.8732 0.3418
vn 0.2994 -0.9514 0.0721
vn 0.1972 -0.9052 0.3764
vn 0.1557 -0.9832 0.0952
vn 0.0460 -0.9156 0.3994
vn 0.0131 -0.9934 0.1137
vn -0.1064 -0.9052 0.4114
vn -0.1300 -0.9832 0.1281
vn -0.2605 -0.8732 0.4118
vn -0.2752 -0.9514 0.1383
vn -0.4157 -0.8172 0.3993
vn -0.4237 -0.8943 0.1438
vn -0.5696 -0.7331 0.3716
vn -0.5743 -0.8059 0.1439
vn -0.7165 -0.6170 0.3255
vn -0.7222 -0.6780 0.1367
vn -0.8459 -0.4665 0.2587
vn -0.8556 -0.5033 0.1207
vn -0.9433 -0.2847 0.1707
vn -0.9549 -0.2812 0.0947
vn -0.9944 -0.0840 0.0648
vn -0.9979 -0.0255 0.0601
vn -0.9922 0.1127 -0.0538
vn -0.9719 0.2344 0.0213
vn -0.9456 0.2641 -0.1899
vn -0.8839 0.4675 -0.0156
vn -0.8947 0.1697 -0.4133
vn -0.7544 0.6548 -0.0453
vn -0.7934 -0.2907 -0.5348
vn -0.6050 0.7935 -0.0652
vn -0.1995 0.2912 0.9356
vn -0.4540 0.8879 -0.0744
vn -0.0004 0.5004 0.8658
vn -0.3176 0.9456 -0.0705
vn 0.0460 0.5295 0.8471
vn -0.1800 0.9818 -0.0600
vn -0.0001 1.0000 -0.0003
vn -0.0000 1.0000 -0.0003
vn 0.0001 1.0000 -0.0003
vn 0.0002 1.0000 -0.0003
vn -0.0003 1.0000 -0.0000
vn -0.0003 1.0000 -0.0001
vn -0.5110 0.8060 -0.2987
vn -0.5594 0.8060 -0.1935
vn -0.5689 0.7986 -0.1965
vn -0.5196 0.7986 -0.3039
vn -0.1298 0.0408 0.9907
vn -0.9749 -0.2085 -0.0786
vn -0.2105 -0.7838 0.5842
vn 0.9526 -0.3032 -0.0236
vn -0.8034 0.4282 0.4136
vn -0.3785 -0.4723 -0.7960
vn -0.7333 -0.6715 -0.1069
vn 0.3196 0.5868 0.7440
vn -0.4425 -0.1456 0.8849
vn 0.8675 0.3871 0.3123
vn 0.1669 0.8229 0.5431
vn -0.9123 -0.0916 -0.3991
vn 0.0618 -0.0494 0.9969
vn -0.9825 -0.1338 0.1298
vn 0.0086 -0.7806 0.6250
vn 0.8654 -0.4464 -0.2275
vn -0.7318 0.3600 0.5787
vn -0.5476 -0.4311 -0.7172
vn -0.7123 -0.6998 0.0540
vn 0.5433 0.4396 0.7152
vn -0.2629 -0.0831 0.9613
vn 0.9372 0.3105 0.1590
vn 0.2067 0.8405 0.5008
vn -0.9632 0.0975 -0.2506
vn 0.2486 -0.1432 0.9579
vn -0.9401 -0.0490 0.3375
vn 0.2460 -0.7572 0.6051
vn 0.7439 -0.5428 -0.3899
vn -0.6232 0.2871 0.7275
vn -0.6997 -0.3850 -0.6019
vn -0.6510 -0.7279 0.2154
vn 0.7449 0.2751 0.6078
vn -0.0702 -0.0136 0.9974
vn 0.9735 0.2287 -0.0093
vn 0.2228 0.8417 0.4919
vn -0.9492 0.2993 -0.0973
vn 0.4190 -0.2377 0.8763
vn -0.8467 0.0450 0.5302
vn 0.4833 -0.7060 0.5177
vn 0.6106 -0.6017 -0.5149
vn -0.4820 0.2094 0.8508
vn -0.8270 -0.3330 -0.4529
vn -0.5464 -0.7532 0.3662
vn 0.8955 0.1001 0.4336
vn 0.1258 0.0637 0.9900
vn 0.9726 0.1418 -0.1843
vn 0.2431 0.8184 0.5207
vn -0.8919 0.4494 0.0496
vn 0.5641 -0.3219 0.7604
vn -0.7078 0.1373 0.6930
vn 0.6982 -0.6175 0.3622
vn 0.4755 -0.6321 -0.6118
vn -0.3146 0.1274 0.9406
vn -0.9211 -0.2746 -0.2762
vn -0.3983 -0.7731 0.4935
vn 0.9718 -0.1046 0.2111
vn 0.3138 0.1498 0.9376
vn 0.9331 0.0501 -0.3561
vn 0.2891 0.7714 0.5669
vn -0.8163 0.5478 0.1832
vn 0.6785 -0.3947 0.6195
vn -0.5352 0.2245 0.8143
vn 0.8640 -0.4811 0.1488
vn 0.3408 -0.6413 -0.6875
vn 0.4815 0.2437 0.8419
vn 0.8560 -0.0442 -0.5151
vn 0.3450 0.7030 0.6219
vn -0.7294 0.6141 0.3015
vn 0.7591 -0.4582 0.4623
vn -0.3413 0.3066 0.8885
vn 0.9532 -0.2860 -0.0984
vn 0.2033 -0.6352 -0.7452
vn 0.6189 0.3339 0.7110
vn 0.7450 -0.1295 -0.6544
vn 0.4201 0.6019 0.6792
vn -0.6320 0.6624 0.4024
vn 0.8048 -0.5138 0.2971
vn -0.1390 0.3835 0.9130
vn 0.9374 -0.0722 -0.3408
vn 0.0597 -0.6187 -0.7834
vn 0.7188 0.4173 0.5560
vn 0.6076 -0.2046 -0.7674
vn 0.5253 0.4613 0.7150
vn -0.5295 0.6910 0.4920
vn 0.8165 -0.5622 0.1315
vn 0.0571 0.4547 0.8888
vn 0.8352 0.1132 -0.5381
vn -0.0886 -0.5950 -0.7988
vn 0.7781 0.4944 0.3873
vn 0.4510 -0.2711 -0.8504
vn 0.6511 0.2812 0.7050
vn -0.4200 0.7030 0.5740
vn 0.7958 -0.6049 -0.0277
vn 0.2368 0.5208 0.8202
vn 0.6840 0.2916 -0.6686
vn -0.2410 -0.5675 -0.7873
vn 0.7962 0.5649 0.2169
vn 0.2836 -0.3299 -0.9004
vn 0.7700 0.0997 0.6302
vn -0.2998 0.7026 0.6454
vn 0.7461 -0.6425 -0.1746
vn 0.3893 0.5813 0.7145
vn 0.5150 0.4546 -0.7267
vn -0.3917 -0.5381 -0.7463
vn 0.7755 0.6290 0.0545
vn 0.1121 -0.3821 -0.9173
vn 0.8642 -0.0531 0.5004
vn -0.1664 0.6933 0.7011
vn -0.8293 -0.2985 0.4723
vn 0.5209 0.5843 0.6223
vn -0.1265 0.7727 0.6221
vn -0.5397 -0.4739 -0.6958
vn 0.7208 0.6872 -0.0910
vn -0.0568 -0.4287 -0.9017
vn 0.9237 -0.1946 0.3300
vn -0.0205 0.6783 0.7345
vn -0.7312 -0.2526 0.6337
vn 0.6522 0.5240 0.5478
vn -0.0118 0.7875 0.6162
vn -0.6856 -0.3591 -0.6332
vn 0.6391 0.7392 -0.2124
vn -0.2163 -0.4702 -0.8556
vn 0.9375 -0.3208 0.1350
vn 0.1331 0.6595 0.7398
vn -0.6007 -0.2018 0.7736
vn 0.7702 0.4582 0.4436
vn 0.0907 0.8019 0.5906
vn -0.8141 -0.2331 -0.5319
vn -0.0326 0.8752 0.4826
vn -0.1926 0.8649 0.4634
vn -0.0971 0.9480 0.3032
vn -0.0429 0.9490 0.3123
vn 0.5909 0.8060 -0.0355
vn 0.5727 0.8060 -0.1499
vn 0.5822 0.7985 -0.1528
vn 0.6009 0.7985 -0.0360
vn -0.5865 0.8060 -0.0804
vn -0.5964 0.7985 -0.0817
vn 0.5324 0.8060 -0.2588
vn 0.5412 0.7986 -0.2634
vn -0.5909 0.8060 0.0354
vn -0.6009 0.7985 0.0362
vn 0.4716 0.8060 -0.3577
vn 0.4794 0.7986 -0.3639
vn -0.5727 0.8060 0.1499
vn -0.5823 0.7985 0.1528
vn 0.4007 0.8036 -0.4401
vn 0.4075 0.7994 -0.4414
vn -0.5324 0.8060 0.2587
vn -0.5413 0.7985 0.2634
vn 0.3205 0.7963 -0.5131
vn 0.3511 0.7836 -0.5125
vn -0.0806 0.8060 0.5865
vn 0.0354 0.8060 0.5909
vn 0.0362 0.7984 0.6010
vn -0.0819 0.7984 0.5965
vn -0.4715 0.8060 0.3578
vn -0.4796 0.7984 0.3640
vn 0.2140 0.7869 -0.5787
vn 0.2466 0.7879 -0.5643
vn 0.1500 0.8060 0.5726
vn 0.1528 0.7984 0.5824
vn -0.3928 0.8060 0.4428
vn -0.3994 0.7984 0.4506
vn 0.0847 0.7826 -0.6167
vn 0.0814 0.8003 -0.5941
vn 0.2588 0.8060 0.5324
vn 0.2635 0.7984 0.5414
vn -0.2988 0.8060 0.5110
vn -0.3038 0.7984 0.5199
vn -0.0501 0.7870 -0.6150
vn -0.0856 0.7879 -0.6099
vn 0.3577 0.8060 0.4716
vn 0.3640 0.7984 0.4796
vn -0.1934 0.8060 0.5595
vn -0.1966 0.7984 0.5691
vn -0.1703 0.7963 -0.5805
vn -0.2002 0.7836 -0.5882
vn 0.4428 0.8060 0.3928
vn 0.4505 0.7985 0.3993
vn -0.2672 0.8036 -0.5318
vn -0.2737 0.7994 -0.5348
vn 0.5111 0.8060 0.2986
vn 0.5198 0.7985 0.3037
vn -0.3577 0.8060 -0.4716
vn -0.3639 0.7986 -0.4794
vn 0.5595 0.8060 0.1933
vn 0.5690 0.7985 0.1965
vn -0.4428 0.8060 -0.3928
vn -0.4504 0.7986 -0.3993
vn 0.5864 0.8060 0.0805
vn 0.5964 0.7985 0.0817
vn 0.0117 0.9480 0.3181
vn 0.0688 0.9448 0.3205
vn 0.1304 0.9389 0.3186
vn 0.1986 0.9296 0.3105
vn 0.2753 0.9157 0.2927
vn 0.3611 0.8955 0.2603
vn 0.4532 0.8673 0.2058
vn 0.5435 0.8305 0.1220
vn 0.6171 0.7869 0.0050
vn 0.6568 0.7410 -0.1400
vn 0.6499 0.6990 -0.2985
vn 0.5946 0.6656 -0.4511
vn 0.5048 0.6430 -0.5760
vn 0.4225 0.6313 -0.6503
vn 0.3150 0.6393 -0.7015
vn 0.1029 0.6518 -0.7514
vn -0.1147 0.6393 -0.7604
vn -0.2320 0.6312 -0.7401
vn -0.3315 0.6430 -0.6904
vn -0.4515 0.6656 -0.5942
vn -0.5458 0.6990 -0.4620
vn -0.5950 0.7410 -0.3112
vn -0.5957 0.7869 -0.1609
vn -0.5562 0.8306 -0.0287
vn -0.4918 0.8673 0.0763
vn -0.4178 0.8955 0.1535
vn -0.3440 0.9157 0.2078
vn -0.2748 0.9296 0.2455
vn -0.2114 0.9389 0.2717
vn -0.1526 0.9448 0.2901
vn 0.1249 0.8608 0.4933
vn 0.2125 0.9605 0.1800
vn 0.0352 0.9787 0.2022
vn -0.3308 0.8352 0.4393
vn -0.4687 0.7841 0.4068
vn -0.6136 0.7027 0.3601
vn -0.7556 0.5853 0.2943
vn -0.8807 0.4275 0.2041
vn -0.9693 0.2297 0.0881
vn -0.9989 0.0048 -0.0462
vn -0.9584 -0.2208 -0.1809
vn -0.8578 -0.4197 -0.2966
vn -0.7209 -0.5776 -0.3829
vn -0.5689 -0.6946 -0.4403
vn -0.4138 -0.7769 -0.4745
vn -0.2615 -0.8310 -0.4910
vn -0.1121 -0.8621 -0.4942
vn 0.0417 -0.8737 -0.4847
vn 0.1942 -0.8659 -0.4610
vn 0.3403 -0.8382 -0.4261
vn 0.4869 -0.7874 -0.3780
vn 0.6330 -0.7082 -0.3125
vn 0.7718 -0.5945 -0.2256
vn 0.8908 -0.4398 -0.1145
vn 0.9696 -0.2441 0.0171
vn 0.9877 -0.0208 0.1550
vn 0.9385 0.2040 0.2784
vn 0.8353 0.4039 0.3729
vn 0.7005 0.5652 0.4357
vn 0.5528 0.6866 0.4722
vn 0.4047 0.7722 0.4899
vn 0.2658 0.8269 0.4956
vn -0.5629 0.7954 0.2246
vn -0.7122 0.6677 0.2166
vn 0.1384 -0.9776 -0.1588
vn 0.2865 -0.9438 -0.1646
vn 0.3459 0.9245 0.1602
vn -0.4147 0.8814 0.2261
vn -0.0083 -0.9887 -0.1494
vn 0.4767 0.8679 0.1395
vn -0.2833 0.9329 0.2224
vn -0.1551 -0.9785 -0.1357
vn 0.6212 0.7758 0.1105
vn -0.1473 0.9653 0.2155
vn -0.3035 -0.9456 -0.1174
vn 0.7634 0.6417 0.0740
vn -0.4545 -0.8858 -0.0935
vn 0.8863 0.4620 0.0313
vn -0.6064 -0.7927 -0.0628
vn 0.9710 0.2385 -0.0152
vn -0.7529 -0.6576 -0.0245
vn 0.9981 -0.0122 -0.0606
vn -0.8803 -0.4740 0.0214
vn 0.9597 -0.2628 -0.0998
vn -0.9672 -0.2436 0.0722
vn 0.8654 -0.4840 -0.1295
vn -0.9923 0.0157 0.1226
vn 0.7354 -0.6610 -0.1494
vn -0.9483 0.2709 0.1654
vn 0.5886 -0.7923 -0.1607
vn -0.8475 0.4931 0.1965
vn 0.4370 -0.8842 -0.1651
vn -0.1350 -0.0918 0.9866
vn 0.0534 -0.1034 0.9932
vn 0.0274 -0.8257 0.5635
vn -0.0837 -0.8254 0.5583
vn -0.4884 -0.8203 -0.2975
vn -0.5360 -0.8208 -0.1972
vn -0.5880 -0.7796 -0.2156
vn -0.5369 -0.7775 -0.3274
vn -0.4256 -0.1092 -0.8983
vn -0.5920 -0.1041 -0.7992
vn -0.3399 -0.8196 -0.4611
vn -0.2452 -0.8195 -0.5180
vn 0.8508 -0.0493 0.5232
vn 0.9378 -0.0343 0.3455
vn 0.5356 -0.8243 0.1837
vn 0.4876 -0.8248 0.2863
vn 0.2437 -0.1064 0.9640
vn 0.1383 -0.8257 0.5469
vn -0.7364 -0.0958 -0.6697
vn -0.4222 -0.8199 -0.3866
vn 0.9879 -0.0274 0.1528
vn 0.5620 -0.8237 0.0750
vn -0.8536 -0.0850 -0.5139
vn 0.9985 -0.0280 -0.0463
vn 0.5666 -0.8232 -0.0365
vn -0.9385 -0.0723 -0.3376
vn 0.9693 -0.0348 -0.2434
vn 0.5495 -0.8225 -0.1468
vn -0.9874 -0.0586 -0.1471
vn -0.5634 -0.8213 -0.0894
vn 0.9017 -0.0456 -0.4300
vn 0.5112 -0.8219 -0.2513
vn -0.9977 -0.0456 0.0504
vn -0.5692 -0.8219 0.0218
vn 0.7988 -0.0586 -0.5988
vn 0.4532 -0.8213 -0.3465
vn -0.9685 -0.0348 0.2466
vn -0.5532 -0.8225 0.1320
vn 0.6653 -0.0723 -0.7431
vn 0.3779 -0.8208 -0.4283
vn -0.9006 -0.0280 0.4337
vn -0.5159 -0.8231 0.2372
vn 0.5068 -0.0849 -0.8579
vn 0.2883 -0.8203 -0.4939
vn -0.7966 -0.0274 0.6040
vn -0.4588 -0.8237 0.3332
vn 0.3296 -0.0958 -0.9392
vn 0.1877 -0.8200 -0.5408
vn -0.6610 -0.0343 0.7496
vn -0.3839 -0.8243 0.4162
vn 0.1410 -0.1041 -0.9845
vn 0.0799 -0.8197 -0.5672
vn 0.4251 -0.1034 0.8992
vn 0.2437 -0.8256 0.5089
vn -0.4998 -0.0493 0.8647
vn -0.2941 -0.8248 0.4829
vn -0.0525 -0.1091 -0.9926
vn -0.0308 -0.8195 -0.5723
vn 0.5877 -0.0918 0.8038
vn 0.3395 -0.8255 0.4509
vn -0.3212 -0.0706 0.9444
vn -0.1931 -0.8252 0.5309
vn -0.2437 -0.1110 -0.9635
vn -0.1405 -0.8194 -0.5557
vn 0.7314 -0.0710 0.6783
vn 0.4222 -0.8252 0.3753
vn -0.6196 -0.7845 0.0243
vn -0.5998 -0.7871 0.1438
vn -0.5961 0.7871 0.1586
vn -0.6122 0.7897 0.0389
vn 0.5961 -0.7871 -0.1586
vn 0.6122 -0.7897 -0.0400
vn -0.6157 -0.7820 -0.0971
vn 0.5567 -0.7845 -0.2731
vn 0.4956 -0.7819 -0.3781
vn 0.4147 -0.7796 -0.4692
vn -0.5571 -0.7897 0.2568
vn 0.3175 -0.7775 -0.5428
vn -0.4935 -0.7922 0.3590
vn 0.2072 -0.7759 -0.5959
vn -0.4115 -0.7945 0.4466
vn 0.0885 -0.7746 -0.6262
vn 0.2591 -0.8001 0.5411
vn 0.1470 -0.8003 0.5813
vn -0.3144 -0.7965 0.5165
vn -0.0340 -0.7738 -0.6325
vn 0.3614 -0.7993 0.4801
vn -0.2057 -0.7981 0.5663
vn -0.1553 -0.7736 -0.6144
vn 0.4502 -0.7981 0.4005
vn -0.0897 -0.7993 0.5942
vn -0.2707 -0.7738 -0.5726
vn 0.5220 -0.7965 0.3051
vn 0.0293 -0.8000 0.5992
vn -0.3755 -0.7746 -0.5089
vn 0.5743 -0.7945 0.1973
vn -0.4655 -0.7759 -0.4258
vn 0.6048 -0.7922 0.0812
vn 0.2707 0.7738 0.5727
vn 0.3755 0.7746 0.5089
vn 0.4655 0.7759 0.4258
vn 0.5373 0.7775 0.3268
vn 0.5880 0.7796 0.2157
vn 0.6157 0.7819 0.0971
vn 0.6196 0.7845 -0.0243
vn 0.5999 0.7871 -0.1438
vn 0.5571 0.7897 -0.2567
vn 0.4935 0.7922 -0.3589
vn 0.4115 0.7945 -0.4466
vn 0.3144 0.7965 -0.5165
vn 0.2057 0.7982 -0.5663
vn 0.0898 0.7993 -0.5942
vn -0.0293 0.8001 -0.5992
vn -0.1470 0.8003 -0.5813
vn -0.2590 0.8001 -0.5411
vn -0.3614 0.7993 -0.4801
vn -0.4502 0.7981 -0.4005
vn -0.5220 0.7965 -0.3051
vn -0.5743 0.7945 -0.1973
vn -0.6048 0.7922 -0.0812
vn -0.5567 0.7845 0.2731
vn -0.4956 0.7820 0.3781
vn -0.4148 0.7796 0.4692
vn -0.3175 0.7775 0.5428
vn -0.2072 0.7759 0.5959
vn -0.0885 0.7746 0.6263
vn 0.0339 0.7738 0.6325
vn 0.1553 0.7735 0.6144
vn 0.0578 -0.9441 0.3244
vn 0.0709 -0.9512 0.3002
vn 0.0749 -0.9521 0.2966
vn 0.0344 -0.9236 0.3819
vn -0.1251 -0.7658 0.6307
vn -0.5257 -0.2855 0.8013
vn -0.7819 0.0087 0.6233
vn -0.8973 -0.0148 0.4412
vn -0.9617 -0.0883 0.2596
vn -0.9814 -0.1764 0.0757
vn -0.9585 -0.2654 -0.1044
vn -0.8966 -0.3477 -0.2741
vn -0.8014 -0.4183 -0.4275
vn -0.6789 -0.4747 -0.5602
vn -0.5352 -0.5152 -0.6694
vn -0.3757 -0.5396 -0.7534
vn -0.2051 -0.5477 -0.8112
vn -0.0275 -0.5397 -0.8414
vn 0.1528 -0.5152 -0.8433
vn 0.3311 -0.4747 -0.8155
vn 0.5019 -0.4183 -0.7571
vn 0.6586 -0.3477 -0.6674
vn 0.7936 -0.2654 -0.5475
vn 0.8995 -0.1764 -0.3998
vn 0.9695 -0.0883 -0.2287
vn 0.9992 -0.0148 -0.0383
vn 0.9842 0.0087 0.1768
vn 0.8434 -0.2854 0.4551
vn 0.4098 -0.7658 0.4955
vn 0.1512 -0.9236 0.3523
vn 0.1033 -0.9441 0.3129
vn 0.0803 -0.9512 0.2978
vn -0.2571 0.5294 -0.8084
vn -0.2056 0.5444 -0.8132
vn -0.1470 0.9818 0.1199
vn 0.0168 0.9977 0.0663
vn -0.3072 0.5004 -0.8094
vn -0.2719 0.9456 0.1785
vn -0.5182 0.2911 -0.8042
vn -0.3982 0.8879 0.2305
vn -0.5523 -0.2907 0.7813
vn -0.5426 0.7935 0.2755
vn -0.6901 0.1697 0.7035
vn -0.6894 0.6548 0.3097
vn -0.8169 0.2641 0.5127
vn -0.8210 0.4674 0.3279
vn -0.9087 0.1127 0.4019
vn -0.9163 0.2344 0.3246
vn -0.9527 -0.0840 0.2919
vn -0.9544 -0.0256 0.2974
vn -0.9426 -0.2847 0.1747
vn -0.9265 -0.2813 0.2498
vn -0.8826 -0.4665 0.0579
vn -0.8429 -0.5033 0.1903
vn -0.7854 -0.6170 -0.0504
vn -0.7239 -0.6780 0.1281
vn -0.6644 -0.7331 -0.1455
vn -0.5881 -0.8059 0.0691
vn -0.5302 -0.8172 -0.2260
vn -0.4471 -0.8943 0.0157
vn -0.3895 -0.8733 -0.2927
vn -0.3063 -0.9514 -0.0318
vn -0.2453 -0.9053 -0.3469
vn -0.1669 -0.9832 -0.0737
vn -0.0985 -0.9156 -0.3898
vn -0.0281 -0.9934 -0.1111
vn 0.0510 -0.9053 -0.4218
vn 0.1118 -0.9832 -0.1442
vn 0.2036 -0.8733 -0.4427
vn 0.2544 -0.9514 -0.1736
vn 0.3590 -0.8172 -0.4509
vn 0.4009 -0.8943 -0.1988
vn 0.5153 -0.7331 -0.4438
vn 0.5503 -0.8058 -0.2187
vn 0.6670 -0.6170 -0.4176
vn 0.6978 -0.6780 -0.2312
vn 0.8041 -0.4665 -0.3685
vn 0.8321 -0.5033 -0.2331
vn 0.9124 -0.2847 -0.2942
vn 0.9339 -0.2812 -0.2206
vn 0.9770 -0.0840 -0.1960
vn 0.9811 -0.0256 -0.1920
vn 0.9905 0.1127 -0.0782
vn 0.9605 0.2343 -0.1499
vn 0.9624 0.2641 0.0628
vn 0.8781 0.4675 -0.1017
vn 0.9416 0.1697 0.2910
vn 0.7538 0.6548 -0.0551
vn 0.8573 -0.2907 0.4249
vn 0.6084 0.7935 -0.0156
vn 0.0736 0.2912 -0.9538
vn 0.4598 0.8879 0.0136
vn -0.1145 0.5004 -0.8582
vn 0.3242 0.9456 0.0278
vn -0.1579 0.5295 -0.8335
vn 0.1864 0.9818 0.0356
vn -0.1623 0.8060 0.5692
vn -0.0483 0.8060 0.5899
vn -0.0474 0.8105 0.5838
vn -0.1608 0.8105 0.5632
vn 0.8717 -0.4810 -0.0941
vn 0.2488 0.4110 0.8770
vn 0.6876 0.0358 -0.7252
vn -0.2502 -0.6176 -0.7456
vn 0.6504 -0.1199 0.7501
vn -0.6973 -0.0196 0.7165
vn 0.5505 -0.7063 0.4451
vn 0.5103 -0.5707 -0.6434
vn 0.8985 0.3925 0.1965
vn 0.2067 -0.2292 -0.9512
vn 0.7899 0.3893 0.4739
vn -0.2256 0.7181 0.6583
vn 0.8108 -0.5289 -0.2509
vn 0.4101 0.4815 0.7746
vn 0.4993 0.2185 -0.8384
vn -0.3955 -0.5923 -0.7020
vn 0.7700 -0.2127 0.6015
vn -0.5310 0.0761 0.8439
vn 0.7264 -0.6414 0.2469
vn 0.3487 -0.6201 -0.7028
vn 0.8825 0.4701 0.0163
vn 0.0267 -0.2936 -0.9555
vn 0.8888 0.1871 0.4184
vn -0.0948 0.7307 0.6760
vn 0.7232 -0.5712 -0.3883
vn 0.5383 0.5463 0.6417
vn 0.3044 0.3903 -0.8689
vn -0.5335 -0.5637 -0.6306
vn 0.8521 -0.2938 0.4331
vn -0.3401 0.1675 0.9253
vn 0.8444 -0.5358 -0.0010
vn 0.1950 -0.6432 -0.7405
vn 0.8275 0.5412 -0.1491
vn -0.1478 -0.3507 -0.9248
vn 0.9569 -0.0013 0.2903
vn 0.0425 0.7209 0.6918
vn 0.6141 -0.6088 -0.5023
vn 0.6281 0.6058 0.4884
vn 0.1318 0.5440 -0.8287
vn -0.6578 -0.5339 -0.5314
vn 0.8955 -0.3646 0.2552
vn -0.1376 0.2540 0.9574
vn 0.8842 -0.3787 -0.2734
vn 0.0456 -0.6469 -0.7612
vn 0.7399 0.6063 -0.2913
vn -0.3103 -0.4015 -0.8617
vn 0.9812 -0.1585 0.1098
vn 0.1901 0.6964 0.6921
vn -0.5359 -0.3398 0.7729
vn 0.7305 0.5712 0.3742
vn 0.1259 0.7522 0.6467
vn -0.7858 -0.4430 -0.4316
vn 0.9012 -0.4266 0.0768
vn 0.0629 0.3353 0.9400
vn 0.8321 -0.1607 -0.5309
vn -0.1025 -0.6370 -0.7641
vn 0.6277 0.6654 -0.4040
vn -0.4549 -0.4467 -0.7704
vn 0.9538 -0.2879 -0.0864
vn 0.3388 0.6707 0.6598
vn -0.3817 -0.2932 0.8765
vn 0.8246 0.5084 0.2479
vn 0.2231 0.7708 0.5968
vn -0.8963 -0.3219 -0.3049
vn 0.5001 0.7186 -0.4833
vn -0.5766 -0.4872 -0.6559
vn 0.8751 -0.4016 -0.2701
vn 0.4734 0.6544 0.5897
vn -0.2070 -0.2415 0.9481
vn 0.8924 0.4403 0.0984
vn 0.2966 0.7863 0.5421
vn -0.9711 -0.1856 -0.1497
vn -0.5402 0.4550 0.7080
vn -0.7063 -0.4638 -0.5348
vn -0.7173 -0.6494 0.2525
vn 0.6580 0.5466 0.5180
vn -0.0188 -0.1837 0.9828
vn 0.9279 0.3666 -0.0678
vn 0.3503 0.7964 0.4929
vn -0.9991 -0.0373 0.0218
vn -0.4055 0.3867 0.8283
vn -0.8197 -0.4206 -0.3888
vn -0.6194 -0.6783 0.3953
vn 0.8334 0.3917 0.3898
vn 0.1747 -0.1194 0.9774
vn 0.9265 0.2876 -0.2425
vn 0.3911 0.7986 0.4575
vn -0.9705 0.1517 0.1875
vn -0.2433 0.3136 0.9179
vn -0.9021 -0.3722 -0.2182
vn -0.4828 -0.7057 0.5186
vn 0.9533 0.2213 0.2056
vn 0.3640 -0.0475 0.9302
vn 0.8863 0.2034 -0.4162
vn 0.4282 0.7890 0.4407
vn -0.8852 0.3251 0.3328
vn -0.0616 0.2357 0.9699
vn -0.9477 -0.3178 -0.0298
vn -0.3102 -0.7292 0.6100
vn 0.9990 0.0434 -0.0102
vn 0.5388 0.0331 0.8418
vn 0.8074 0.1139 -0.5790
vn 0.4715 0.7623 0.4434
vn -0.7645 0.4635 0.4480
vn 0.1299 0.1530 0.9796
vn -0.9518 -0.2565 0.1683
vn -0.1079 -0.7456 0.6576
vn 0.9564 -0.1768 -0.2324
vn 0.6878 0.1234 0.7153
vn 0.6931 0.0196 -0.7206
vn 0.5287 0.7123 0.4616
vn -0.6291 0.5662 0.5326
vn 0.3201 0.0660 0.9451
vn -0.9115 -0.1872 0.3663
vn 0.1135 -0.7510 0.6505
vn 0.8350 -0.3584 -0.4176
vn 0.8006 0.2188 0.5578
vn 0.5491 -0.0737 -0.8325
vn 0.6045 0.6367 0.4788
vn -0.4922 0.6367 0.5936
vn 0.4973 -0.0251 0.8672
vn -0.8260 -0.1086 0.5531
vn 0.3392 -0.7401 0.5807
vn 0.6767 -0.4866 -0.5525
vn 0.8716 0.3087 0.3809
vn 0.3838 -0.1563 -0.9101
vn 0.6936 0.5351 0.4823
vn -0.3576 0.6846 0.6351
vn 0.5306 0.8453 -0.0623
vn 0.5474 0.8317 0.0934
vn 0.2975 0.9546 0.0169
vn 0.2928 0.9556 -0.0337
vn -0.1810 0.8060 -0.5636
vn -0.2875 0.8060 -0.5174
vn -0.2849 0.8106 -0.5117
vn -0.1793 0.8106 -0.5575
vn 0.0677 0.8060 0.5880
vn 0.0674 0.8104 0.5819
vn -0.3832 0.8060 -0.4512
vn -0.3792 0.8106 -0.4462
vn 0.1811 0.8060 0.5635
vn 0.1796 0.8104 0.5576
vn -0.4589 0.8106 -0.3636
vn 0.2876 0.8060 0.5174
vn 0.2850 0.8104 0.5120
vn -0.5259 0.8036 -0.2788
vn -0.5143 0.8117 -0.2770
vn 0.3830 0.8060 0.4513
vn 0.3794 0.8104 0.4465
vn -0.5766 0.7963 -0.1829
vn -0.5686 0.7959 -0.2080
vn 0.5881 0.8060 -0.0676
vn 0.5635 0.8060 -0.1812
vn 0.5578 0.8103 -0.1797
vn 0.5822 0.8103 -0.0670
vn 0.4593 0.8103 0.3639
vn -0.6138 0.7869 -0.0635
vn -0.5927 0.7996 -0.0971
vn 0.5174 0.8060 -0.2876
vn 0.5120 0.8103 -0.2850
vn 0.5265 0.8060 0.2704
vn 0.5215 0.8103 0.2674
vn -0.6185 0.7826 0.0713
vn -0.5803 0.8116 0.0674
vn 0.4465 0.8103 -0.3795
vn 0.5692 0.8060 0.1626
vn 0.5637 0.8103 0.1604
vn -0.5833 0.7869 0.2013
vn -0.5547 0.7996 0.2302
vn 0.3639 0.8104 -0.4593
vn 0.5899 0.8060 0.0483
vn 0.5841 0.8103 0.0474
vn -0.5199 0.7963 0.3092
vn -0.5062 0.7958 0.3322
vn 0.2706 0.8060 -0.5265
vn 0.2673 0.8104 -0.5214
vn -0.4488 0.8036 0.3910
vn -0.4375 0.8116 0.3871
vn 0.1625 0.8060 -0.5692
vn 0.1604 0.8104 -0.5635
vn -0.3680 0.8060 0.4637
vn -0.3637 0.8106 0.4589
vn 0.0474 0.8105 -0.5839
vn -0.2705 0.8060 0.5265
vn -0.2672 0.8106 0.5211
vn -0.0674 0.8105 -0.5818
vn 0.2859 0.9546 -0.0841
vn 0.2756 0.9516 -0.1363
vn 0.2609 0.9461 -0.1921
vn 0.2392 0.9373 -0.2536
vn 0.2067 0.9240 -0.3216
vn 0.1579 0.9047 -0.3957
vn 0.0863 0.8776 -0.4716
vn -0.0136 0.8421 -0.5392
vn -0.1420 0.7996 -0.5835
vn -0.2901 0.7548 -0.5883
vn -0.4406 0.7137 -0.5446
vn -0.5739 0.6808 -0.4551
vn -0.6723 0.6584 -0.3384
vn -0.7233 0.6463 -0.2431
vn -0.7452 0.6539 -0.1306
vn -0.7408 0.6662 0.0861
vn -0.6956 0.6538 0.2978
vn -0.6485 0.6463 0.4022
vn -0.5768 0.6583 0.4836
vn -0.4543 0.6807 0.5746
vn -0.3040 0.7136 0.6311
vn -0.1475 0.7548 0.6391
vn -0.0046 0.7996 0.6005
vn 0.1101 0.8420 0.5281
vn 0.1918 0.8776 0.4394
vn 0.2440 0.9047 0.3493
vn 0.2746 0.9240 0.2661
vn 0.2907 0.9372 0.1925
vn 0.2979 0.9460 0.1277
vn 0.2994 0.9516 0.0700
vn 0.5051 0.8362 -0.2136
vn 0.2273 0.9516 -0.2069
vn 0.2578 0.9658 -0.0281
vn 0.5535 0.8010 0.2281
vn 0.5512 0.7507 0.3643
vn 0.5364 0.6711 0.5118
vn 0.5009 0.5568 0.6626
vn 0.4360 0.4021 0.8051
vn 0.3345 0.2061 0.9196
vn 0.1983 -0.0185 0.9800
vn 0.0435 -0.2434 0.9690
vn -0.1057 -0.4387 0.8924
vn -0.2321 -0.5899 0.7734
vn -0.3306 -0.6981 0.6351
vn -0.4046 -0.7714 0.4911
vn -0.4589 -0.8175 0.3481
vn -0.4983 -0.8420 0.2067
vn -0.5254 -0.8488 0.0594
vn -0.5379 -0.8383 -0.0891
vn -0.5372 -0.8103 -0.2342
vn -0.5228 -0.7613 -0.3835
vn -0.4900 -0.6859 -0.5380
vn -0.4327 -0.5769 -0.6928
vn -0.3439 -0.4266 -0.8365
vn -0.2220 -0.2330 -0.9468
vn -0.0767 -0.0093 -0.9970
vn 0.0712 0.2157 -0.9739
vn 0.2012 0.4130 -0.8882
vn 0.3039 0.5684 -0.7646
vn 0.3800 0.6821 -0.6248
vn 0.4350 0.7599 -0.4831
vn 0.4741 0.8080 -0.3498
vn 0.2960 0.7722 0.5622
vn 0.2889 0.6426 0.7096
vn -0.2153 -0.9688 -0.1225
vn -0.2274 -0.9353 -0.2712
vn 0.2007 0.9188 -0.3398
vn 0.2941 0.8607 0.4155
vn -0.1978 -0.9800 0.0239
vn 0.1729 0.8667 -0.4679
vn 0.2864 0.9146 0.2854
vn -0.1747 -0.9699 0.1695
vn 0.1347 0.7801 -0.6109
vn 0.2763 0.9491 0.1512
vn -0.1454 -0.9374 0.3164
vn 0.0869 0.6522 -0.7530
vn -0.1091 -0.8786 0.4648
vn 0.0307 0.4783 -0.8777
vn -0.0645 -0.7872 0.6133
vn -0.0316 0.2585 -0.9655
vn -0.0107 -0.6553 0.7553
vn -0.0942 0.0081 -0.9955
vn 0.0514 -0.4766 0.8776
vn -0.1496 -0.2452 -0.9579
vn 0.1176 -0.2530 0.9603
vn -0.1912 -0.4703 -0.8615
vn 0.1806 -0.0016 0.9836
vn -0.2177 -0.6502 -0.7279
vn 0.2323 0.2482 0.9404
vn -0.2306 -0.7831 -0.5775
vn 0.2681 0.4679 0.8421
vn -0.2329 -0.8755 -0.4233
vn 0.9600 -0.0917 0.2647
vn 0.9915 -0.1035 0.0787
vn 0.5622 -0.8256 0.0475
vn 0.5422 -0.8254 0.1570
vn -0.3596 -0.8203 0.4446
vn -0.2665 -0.8208 0.5052
vn -0.2917 -0.7796 0.5542
vn -0.3957 -0.7775 0.4887
vn -0.9468 -0.1093 0.3028
vn -0.8706 -0.1042 0.4808
vn -0.5021 -0.8196 0.2758
vn -0.5460 -0.8195 0.1743
vn 0.6314 -0.0494 -0.7739
vn 0.4668 -0.0343 -0.8837
vn 0.2530 -0.8243 -0.5065
vn 0.3484 -0.8248 -0.4453
vn 0.9878 -0.1063 -0.1138
vn 0.5604 -0.8257 -0.0645
vn -0.7614 -0.0958 0.6411
vn -0.4392 -0.8199 0.3672
vn 0.2825 -0.0274 -0.9589
vn 0.1489 -0.8237 -0.5471
vn -0.6225 -0.0850 0.7780
vn 0.0866 -0.0280 -0.9958
vn 0.0390 -0.8232 -0.5665
vn -0.4590 -0.0723 0.8855
vn -0.1126 -0.0348 -0.9930
vn -0.0726 -0.8226 -0.5640
vn -0.2768 -0.0586 0.9591
vn -0.1633 -0.8213 0.5466
vn -0.3066 -0.0456 -0.9507
vn -0.1814 -0.8219 -0.5400
vn -0.0825 -0.0456 0.9955
vn -0.0539 -0.8219 0.5671
vn -0.4875 -0.0586 -0.8712
vn -0.2833 -0.8213 -0.4952
vn 0.1160 -0.0348 0.9926
vn 0.0575 -0.8226 0.5658
vn -0.6483 -0.0723 -0.7579
vn -0.3744 -0.8208 -0.4314
vn 0.3106 -0.0280 0.9501
vn 0.1667 -0.8232 0.5428
vn -0.7831 -0.0849 -0.6160
vn -0.4513 -0.8203 -0.3512
vn 0.4930 -0.0274 0.8696
vn 0.2693 -0.8237 0.4989
vn -0.8872 -0.0959 -0.4513
vn -0.5111 -0.8199 -0.2578
vn 0.6553 -0.0342 0.7545
vn 0.3616 -0.8243 0.4357
vn -0.9571 -0.1041 -0.2703
vn -0.5517 -0.8196 -0.1544
vn 0.9477 -0.1035 -0.3020
vn 0.5367 -0.8256 -0.1741
vn 0.7908 -0.0494 0.6101
vn 0.4396 -0.8248 0.3556
vn -0.9908 -0.1091 -0.0796
vn -0.5713 -0.8195 -0.0452
vn 0.8747 -0.0918 -0.4759
vn 0.4920 -0.8254 -0.2768
vn 0.8935 -0.0710 0.4435
vn 0.5006 -0.8252 0.2618
vn -0.9873 -0.1110 0.1137
vn -0.5694 -0.8194 0.0656
vn 0.7693 -0.0711 -0.6349
vn 0.4279 -0.8252 -0.3687
vn -0.0581 -0.7845 0.6174
vn 0.0630 -0.7871 0.6136
vn 0.0781 0.7871 0.6119
vn -0.0425 0.7897 0.6120
vn -0.0781 -0.7871 -0.6119
vn 0.0416 -0.7897 -0.6120
vn -0.1779 -0.7820 0.5974
vn -0.1969 -0.7845 -0.5880
vn -0.3090 -0.7819 -0.5413
vn -0.4100 -0.7796 -0.4734
vn 0.1805 -0.7897 0.5863
vn -0.4959 -0.7776 -0.3866
vn 0.2903 -0.7922 0.5367
vn -0.5631 -0.7759 -0.2844
vn 0.3881 -0.7945 0.4671
vn -0.6090 -0.7746 -0.1707
vn 0.5707 -0.8000 -0.1850
vn 0.5957 -0.8003 -0.0686
vn 0.4703 -0.7965 0.3800
vn -0.6315 -0.7738 -0.0502
vn 0.5238 -0.7993 -0.2946
vn 0.5340 -0.7981 0.2790
vn -0.6296 -0.7735 0.0725
vn 0.4566 -0.7981 -0.3930
vn 0.5771 -0.7993 0.1678
vn -0.6035 -0.7738 0.1924
vn 0.3716 -0.7965 -0.4770
vn 0.5978 -0.8000 0.0505
vn -0.5542 -0.7746 0.3047
vn 0.2717 -0.7945 -0.5431
vn -0.4838 -0.7759 0.4050
vn 0.1607 -0.7922 -0.5887
vn 0.6035 0.7738 -0.1924
vn 0.5542 0.7746 -0.3047
vn 0.4837 0.7759 -0.4049
vn 0.3951 0.7775 -0.4892
vn 0.2917 0.7796 -0.5541
vn 0.1779 0.7820 -0.5974
vn 0.0581 0.7845 -0.6174
vn -0.0630 0.7871 -0.6136
vn -0.1806 0.7897 -0.5863
vn -0.2903 0.7922 -0.5368
vn -0.3881 0.7945 -0.4671
vn -0.4703 0.7965 -0.3800
vn -0.5340 0.7981 -0.2790
vn -0.5770 0.7993 -0.1678
vn -0.5978 0.8001 -0.0505
vn -0.5956 0.8003 0.0686
vn -0.5707 0.8001 0.1850
vn -0.5238 0.7993 0.2945
vn -0.4566 0.7981 0.3930
vn -0.3716 0.7965 0.4770
vn -0.2717 0.7945 0.5431
vn -0.1607 0.7922 0.5888
vn 0.1969 0.7845 0.5880
vn 0.3090 0.7819 0.5414
vn 0.4100 0.7796 0.4734
vn 0.4960 0.7775 0.3866
vn 0.5631 0.7759 0.2844
vn 0.6090 0.7746 0.1708
vn 0.6314 0.7738 0.0502
vn 0.6296 0.7735 -0.0725
vn 0.3292 -0.9442 -0.0142
vn 0.3070 -0.9512 -0.0305
vn 0.3039 -0.9521 -0.0350
vn 0.3831 -0.9236 0.0165
vn 0.6086 -0.7658 0.2076
vn 0.7245 -0.2854 0.6274
vn 0.5142 0.0087 0.8576
vn 0.3184 -0.0148 0.9478
vn 0.1297 -0.0883 0.9876
vn -0.0550 -0.1764 0.9828
vn -0.2306 -0.2654 0.9361
vn -0.3906 -0.3477 0.8523
vn -0.5300 -0.4183 0.7376
vn -0.6453 -0.4746 0.5986
vn -0.7345 -0.5152 0.4417
vn -0.7966 -0.5396 0.2725
vn -0.8312 -0.5477 0.0957
vn -0.8377 -0.5396 -0.0843
vn -0.8157 -0.5152 -0.2632
vn -0.7645 -0.4746 -0.4362
vn -0.6838 -0.4183 -0.5978
vn -0.5741 -0.3477 -0.7413
vn -0.4374 -0.2654 -0.8592
vn -0.2770 -0.1764 -0.9445
vn -0.0982 -0.0883 -0.9912
vn 0.0946 -0.0148 -0.9954
vn 0.3058 0.0087 -0.9521
vn 0.5630 -0.2855 -0.7756
vn 0.5455 -0.7658 -0.3405
vn 0.3692 -0.9236 -0.1031
vn 0.3238 -0.9442 -0.0609
vn 0.3059 -0.9512 -0.0401
vn -0.8354 0.5295 0.1477
vn -0.8333 0.5444 0.0959
vn 0.0993 0.9818 0.1618
vn 0.0676 0.9977 -0.0078
vn -0.8430 0.5004 0.1971
vn 0.1409 0.9456 0.2933
vn -0.8658 0.2910 0.4070
vn 0.1757 0.8879 0.4253
vn 0.7012 -0.2907 0.6511
vn 0.2011 0.7935 0.5743
vn 0.6058 0.1698 0.7773
vn 0.2156 0.6548 0.7244
vn 0.3999 0.2641 0.8777
vn 0.2161 0.4674 0.8572
vn 0.2780 0.1127 0.9540
vn 0.2002 0.2343 0.9513
vn 0.1629 -0.0840 0.9831
vn 0.1683 -0.0255 0.9854
vn 0.0482 -0.2847 0.9574
vn 0.1248 -0.2812 0.9515
vn -0.0596 -0.4665 0.8825
vn 0.0770 -0.5033 0.8607
vn -0.1541 -0.6170 0.7717
vn 0.0311 -0.6780 0.7344
vn -0.2323 -0.7331 0.6392
vn -0.0095 -0.8059 0.5920
vn -0.2944 -0.8171 0.4956
vn -0.0438 -0.8943 0.4453
vn -0.3418 -0.8733 0.3472
vn -0.0721 -0.9514 0.2994
vn -0.3764 -0.9052 0.1972
vn -0.0952 -0.9832 0.1557
vn -0.3994 -0.9156 0.0460
vn -0.1138 -0.9934 0.0131
vn -0.4114 -0.9052 -0.1064
vn -0.1281 -0.9832 -0.1299
vn -0.4118 -0.8733 -0.2605
vn -0.1383 -0.9514 -0.2752
vn -0.3993 -0.8171 -0.4157
vn -0.1438 -0.8943 -0.4237
vn -0.3716 -0.7331 -0.5696
vn -0.1439 -0.8059 -0.5743
vn -0.3255 -0.6170 -0.7165
vn -0.1367 -0.6780 -0.7222
vn -0.2587 -0.4664 -0.8459
vn -0.1207 -0.5033 -0.8556
vn -0.1707 -0.2847 -0.9433
vn -0.0948 -0.2813 -0.9549
vn -0.0648 -0.0840 -0.9944
vn -0.0601 -0.0256 -0.9979
vn 0.0538 0.1127 -0.9922
vn -0.0213 0.2345 -0.9719
vn 0.1900 0.2641 -0.9456
vn 0.0156 0.4675 -0.8839
vn 0.4133 0.1697 -0.8947
vn 0.0453 0.6548 -0.7545
vn 0.5348 -0.2907 -0.7934
vn 0.0652 0.7935 -0.6051
vn -0.9356 0.2912 -0.1995
vn 0.0744 0.8879 -0.4540
vn -0.8658 0.5004 -0.0004
vn 0.0705 0.9456 -0.3176
vn -0.8471 0.5295 0.0460
vn 0.0599 0.9818 -0.1800
vn 0.2520 0.8060 -0.5356
vn 0.1427 0.8060 -0.5745
vn 0.1487 0.7872 -0.5986
vn 0.2626 0.7872 -0.5580
vn -0.5854 0.8060 0.0879
vn -0.3985 0.8059 -0.4378
vn 0.5955 0.7869 0.1615
vn -0.5570 0.8059 0.2006
vn -0.4762 0.8060 -0.3516
vn 0.6219 0.7826 0.0293
vn -0.5071 0.8060 0.3053
vn -0.5356 0.8060 -0.2521
vn 0.6081 0.7870 -0.1048
vn -0.4377 0.8060 0.3985
vn -0.5746 0.8059 -0.1426
vn 0.5630 0.7962 -0.2214
vn -0.0000 -0.0000 -0.0000
vn -0.5914 0.8059 -0.0278
vn 0.5058 0.8036 -0.3137
vn -0.2521 0.8060 0.5356
vn 0.4377 0.8060 -0.3985
vn -0.1426 0.8060 0.5745
vn -0.0278 0.8060 0.5913
vn 0.0881 0.8059 0.5854
vn 0.1426 0.8060 -0.5745
vn 0.2006 0.8059 0.5570
vn 0.0278 0.8060 -0.5913
vn 0.3053 0.8060 0.5072
vn -0.0880 0.8059 -0.5854
vn 0.3984 0.8060 0.4377
vn -0.2005 0.8059 -0.5570
vn 0.4741 0.8036 0.3598
vn -0.3053 0.8060 -0.5072
vn 0.5396 0.7963 0.2734
vn -0.4921 0.8702 -0.0234
vn -0.4807 0.8579 -0.1813
vn -0.3288 0.9415 -0.0742
vn -0.3336 0.9426 -0.0157
vn 0.0882 0.8060 0.5853
vn 0.2007 0.8060 0.5569
vn 0.2089 0.7872 0.5802
vn 0.0917 0.7872 0.6098
vn 0.0276 0.8060 -0.5913
vn 0.0290 0.7872 -0.6160
vn 0.3053 0.8060 0.5071
vn 0.3182 0.7872 0.5283
vn -0.0882 0.8060 -0.5854
vn -0.0917 0.7872 -0.6098
vn 0.3984 0.8060 0.4378
vn 0.4151 0.7872 0.4561
vn -0.2005 0.8060 -0.5569
vn -0.2089 0.7872 -0.5802
vn 0.4880 0.7881 0.3751
vn -0.3182 0.7872 -0.5283
vn 0.5396 0.7963 0.2735
vn 0.5544 0.7738 0.3064
vn -0.5913 0.8060 -0.0278
vn -0.5854 0.8060 0.0880
vn -0.6098 0.7872 0.0917
vn -0.6161 0.7872 -0.0291
vn -0.3984 0.8060 -0.4378
vn -0.4151 0.7872 -0.4561
vn 0.5940 0.7811 0.1927
vn -0.5570 0.8060 0.2004
vn -0.5802 0.7872 0.2089
vn -0.4961 0.7872 -0.3664
vn 0.6219 0.7826 0.0292
vn 0.6064 0.7947 0.0285
vn -0.5072 0.8060 0.3052
vn -0.5283 0.7872 0.3182
vn -0.5355 0.8060 -0.2522
vn -0.5580 0.7872 -0.2626
vn 0.6095 0.7810 -0.1360
vn -0.4378 0.8060 0.3984
vn -0.4561 0.7872 0.4151
vn -0.5745 0.8060 -0.1428
vn -0.5985 0.7872 -0.1487
vn 0.5629 0.7963 -0.2215
vn 0.5808 0.7738 -0.2529
vn -0.3516 0.8060 0.4762
vn -0.3664 0.7872 0.4961
vn 0.5059 0.8036 -0.3136
vn 0.5211 0.7881 -0.3276
vn -0.2520 0.8060 0.5357
vn -0.2626 0.7872 0.5580
vn 0.4561 0.7872 -0.4151
vn -0.1428 0.8060 0.5745
vn -0.1486 0.7872 0.5985
vn 0.3517 0.8060 -0.4762
vn 0.3664 0.7872 -0.4961
vn -0.0280 0.8060 0.5913
vn -0.0290 0.7872 0.6160
vn -0.3343 0.9415 0.0429
vn -0.3305 0.9381 0.1036
vn -0.3214 0.9319 0.1680
vn -0.3048 0.9222 0.2381
vn -0.2773 0.9076 0.3151
vn -0.2339 0.8866 0.3990
vn -0.1677 0.8575 0.4864
vn -0.0726 0.8196 0.5683
vn 0.0535 0.7749 0.6298
vn 0.2038 0.7280 0.6545
vn 0.3626 0.6853 0.6316
vn 0.5107 0.6514 0.5612
vn 0.6279 0.6289 0.4585
vn 0.6967 0.6194 0.3619
vn 0.7368 0.6306 0.2439
vn 0.7637 0.6445 0.0359
vn 0.7564 0.6306 -0.1736
vn 0.7276 0.6194 -0.2948
vn 0.6683 0.6289 -0.3974
vn 0.5612 0.6513 -0.5107
vn 0.4203 0.6853 -0.5947
vn 0.2644 0.7280 -0.6325
vn 0.1125 0.7749 -0.6220
vn -0.0188 0.8196 -0.5726
vn -0.1213 0.8575 -0.5000
vn -0.1953 0.8866 -0.4193
vn -0.2465 0.9076 -0.3398
vn -0.2810 0.9222 -0.2658
vn -0.3042 0.9319 -0.1975
vn -0.3194 0.9381 -0.1342
vn -0.4955 0.8584 0.1332
vn -0.2148 0.9615 0.1712
vn -0.2110 0.9774 -0.0101
vn -0.4638 0.8271 -0.3175
vn -0.4396 0.7753 -0.4534
vn -0.4030 0.6930 -0.5978
vn -0.3479 0.5746 -0.7408
vn -0.2684 0.4154 -0.8691
vn -0.1612 0.2153 -0.9631
vn -0.0317 -0.0124 -0.9994
vn 0.1036 -0.2406 -0.9651
vn 0.2245 -0.4409 -0.8690
vn 0.3192 -0.5985 -0.7348
vn 0.3863 -0.7137 -0.5843
vn 0.4304 -0.7935 -0.4304
vn 0.4566 -0.8448 -0.2792
vn 0.4692 -0.8734 -0.1308
vn 0.4691 -0.8829 0.0222
vn 0.4546 -0.8735 0.1744
vn 0.4282 -0.8448 0.3210
vn 0.3882 -0.7933 0.4690
vn 0.3305 -0.7131 0.6182
vn 0.2506 -0.5976 0.7616
vn 0.1447 -0.4398 0.8864
vn 0.0161 -0.2397 0.9707
vn -0.1216 -0.0116 0.9925
vn -0.2475 0.2159 0.9445
vn -0.3462 0.4158 0.8410
vn -0.4143 0.5750 0.7055
vn -0.4563 0.6933 0.5578
vn -0.4797 0.7755 0.4104
vn -0.4913 0.8273 0.2725
vn -0.1541 0.7829 -0.6027
vn -0.1279 0.6511 -0.7481
vn 0.1209 -0.9809 0.1526
vn 0.1073 -0.9477 0.3005
vn -0.2151 0.9272 0.3065
vn -0.1735 0.8726 -0.4566
vn 0.1297 -0.9915 0.0060
vn -0.2139 0.8732 0.4380
vn -0.1865 0.9269 -0.3257
vn 0.1341 -0.9809 -0.1407
vn -0.2077 0.7837 0.5854
vn -0.1985 0.9613 -0.1910
vn 0.1339 -0.9478 -0.2895
vn -0.1944 0.6522 0.7327
vn 0.1286 -0.8884 -0.4408
vn -0.1724 0.4742 0.8634
vn 0.1171 -0.7963 -0.5935
vn -0.1405 0.2503 0.9579
vn 0.0979 -0.6636 -0.7417
vn -0.0997 -0.0033 0.9950
vn 0.0699 -0.4839 -0.8724
vn -0.0539 -0.2581 0.9646
vn 0.0332 -0.2585 -0.9654
vn -0.0091 -0.4836 0.8753
vn -0.0096 -0.0041 -0.9999
vn 0.0306 -0.6634 0.7476
vn -0.0536 0.2493 -0.9669
vn 0.0631 -0.7961 0.6019
vn -0.0940 0.4730 -0.8760
vn 0.0884 -0.8882 0.4508
vn -0.9049 -0.0913 -0.4158
vn -0.9659 -0.1035 -0.2374
vn -0.5472 -0.8257 -0.1374
vn -0.5099 -0.8255 -0.2422
vn 0.4266 -0.8203 -0.3809
vn 0.3444 -0.8208 -0.4557
vn 0.3771 -0.7796 -0.5000
vn 0.4692 -0.7775 -0.4186
vn 0.9832 -0.1091 -0.1463
vn 0.9367 -0.1041 -0.3343
vn 0.5400 -0.8197 -0.1913
vn 0.5669 -0.8195 -0.0842
vn -0.7477 -0.0494 0.6622
vn -0.6026 -0.0342 0.7973
vn -0.3313 -0.8243 0.4591
vn -0.4155 -0.8248 0.3834
vn -0.9932 -0.1064 -0.0468
vn -0.5634 -0.8257 -0.0266
vn 0.8546 -0.0959 -0.5103
vn 0.4926 -0.8199 -0.2917
vn -0.4330 -0.0273 0.9010
vn -0.2351 -0.8237 0.5160
vn 0.7397 -0.0849 -0.6675
vn -0.2457 -0.0280 0.9689
vn -0.1297 -0.8232 0.5528
vn 0.5956 -0.0723 -0.8000
vn -0.0488 -0.0348 0.9982
vn -0.0192 -0.8225 0.5684
vn 0.4275 -0.0586 -0.9021
vn 0.2492 -0.8213 -0.5132
vn 0.1495 -0.0456 0.9877
vn 0.0920 -0.8219 0.5621
vn 0.2417 -0.0456 -0.9693
vn 0.1444 -0.8219 -0.5510
vn 0.3408 -0.0586 0.9383
vn 0.1999 -0.8213 0.5343
vn 0.0454 -0.0348 -0.9984
vn 0.0343 -0.8226 -0.5677
vn 0.5178 -0.0723 0.8524
vn 0.3000 -0.8208 0.4861
vn -0.1535 -0.0280 -0.9878
vn -0.0771 -0.8232 -0.5626
vn 0.6737 -0.0849 0.7341
vn 0.3889 -0.8203 0.4193
vn -0.3466 -0.0274 -0.9376
vn -0.1856 -0.8237 -0.5358
vn 0.8030 -0.0958 0.5882
vn 0.4630 -0.8199 0.3367
vn -0.5255 -0.0343 -0.8501
vn -0.2867 -0.8243 -0.4883
vn 0.9011 -0.1041 0.4208
vn 0.5196 -0.8197 0.2412
vn -0.9839 -0.1036 0.1456
vn -0.5577 -0.8257 0.0854
vn -0.6822 -0.0494 -0.7295
vn -0.3767 -0.8248 -0.4218
vn 0.9651 -0.1092 0.2381
vn 0.5565 -0.8195 0.1367
vn -0.9399 -0.0919 0.3289
vn -0.5301 -0.8255 0.1939
vn -0.8103 -0.0707 -0.5817
vn -0.4519 -0.8252 -0.3389
vn 0.9927 -0.1109 0.0468
vn 0.5726 -0.8194 0.0270
vn -0.8614 -0.0707 0.5030
vn -0.4818 -0.8252 0.2950
vn 0.1567 -0.7845 -0.6000
vn 0.0367 -0.7871 -0.6157
vn 0.0214 0.7871 -0.6164
vn 0.1406 0.7897 -0.5971
vn -0.0214 -0.7871 0.6164
vn -0.1396 -0.7897 0.5973
vn 0.2717 -0.7820 -0.5609
vn 0.0996 -0.7845 0.6120
vn 0.2178 -0.7820 0.5840
vn 0.3285 -0.7797 0.5331
vn -0.0838 -0.7897 -0.6077
vn 0.4272 -0.7776 0.4614
vn -0.2001 -0.7922 -0.5765
vn 0.5100 -0.7759 0.3714
vn -0.3078 -0.7945 -0.5235
vn 0.5735 -0.7746 0.2666
vn -0.5930 -0.8001 0.0907
vn -0.5989 -0.8003 -0.0282
vn -0.4029 -0.7965 -0.4508
vn 0.6151 -0.7738 0.1513
vn -0.5645 -0.7993 0.2063
vn -0.4821 -0.7981 -0.3613
vn 0.6331 -0.7735 0.0298
vn -0.5140 -0.7981 0.3144
vn -0.5425 -0.7993 -0.2585
vn 0.6266 -0.7738 -0.0928
vn -0.4436 -0.7965 0.4109
vn -0.5819 -0.8001 -0.1460
vn 0.5960 -0.7746 -0.2115
vn -0.3556 -0.7945 0.4922
vn 0.5426 -0.7759 -0.3217
vn -0.2534 -0.7922 0.5552
vn -0.6266 0.7738 0.0928
vn -0.5960 0.7746 0.2115
vn -0.5427 0.7758 0.3218
vn -0.4687 0.7775 0.4192
vn -0.3771 0.7796 0.5000
vn -0.2717 0.7820 0.5609
vn -0.1567 0.7845 0.6000
vn -0.0367 0.7871 0.6157
vn 0.0838 0.7897 0.6077
vn 0.2001 0.7922 0.5765
vn 0.3078 0.7945 0.5235
vn 0.4029 0.7965 0.4508
vn 0.4821 0.7981 0.3614
vn 0.5425 0.7993 0.2585
vn 0.5819 0.8001 0.1460
vn 0.5989 0.8003 0.0282
vn 0.5930 0.8001 -0.0907
vn 0.5645 0.7993 -0.2063
vn 0.5140 0.7981 -0.3144
vn 0.4436 0.7965 -0.4109
vn 0.3556 0.7945 -0.4923
vn 0.2534 0.7922 -0.5552
vn -0.0996 0.7845 -0.6120
vn -0.2178 0.7820 -0.5840
vn -0.3285 0.7796 -0.5332
vn -0.4272 0.7776 -0.4614
vn -0.5100 0.7759 -0.3714
vn -0.5735 0.7746 -0.2666
vn -0.6151 0.7738 -0.1512
vn -0.6331 0.7735 -0.0298
vn -0.3273 -0.9441 -0.0389
vn -0.3079 -0.9512 -0.0194
vn -0.3055 -0.9521 -0.0144
vn -0.3754 -0.9236 -0.0780
vn -0.5673 -0.7658 -0.3029
vn -0.6141 -0.2855 -0.7358
vn -0.3694 0.0087 -0.9292
vn -0.1616 -0.0148 -0.9867
vn 0.0311 -0.0883 -0.9956
vn 0.2126 -0.1764 -0.9611
vn 0.3783 -0.2654 -0.8868
vn 0.5228 -0.3477 -0.7783
vn 0.6418 -0.4183 -0.6427
vn 0.7332 -0.4747 -0.4869
vn 0.7960 -0.5152 -0.3177
vn 0.8301 -0.5396 -0.1407
vn 0.8358 -0.5477 0.0394
vn 0.8132 -0.5396 0.2181
vn 0.7626 -0.5152 0.3912
vn 0.6842 -0.4747 0.5537
vn 0.5786 -0.4183 0.7001
vn 0.4473 -0.3477 0.8240
vn 0.2932 -0.2654 0.9185
vn 0.1213 -0.1764 0.9768
vn -0.0627 -0.0883 0.9941
vn -0.2537 -0.0148 0.9672
vn -0.4551 0.0087 0.8904
vn -0.6805 -0.2855 0.6749
vn -0.5932 -0.7658 0.2482
vn -0.3811 -0.9236 0.0424
vn -0.3295 -0.9441 0.0080
vn -0.3083 -0.9512 -0.0097
vn 0.8482 0.5295 -0.0113
vn 0.8379 0.5444 0.0394
vn -0.0720 0.9818 -0.1756
vn -0.0683 0.9977 -0.0032
vn 0.8638 0.5004 -0.0588
vn -0.0918 0.9456 -0.3121
vn 0.9201 0.2911 -0.2622
vn -0.1049 0.8879 -0.4480
vn -0.5872 -0.2906 -0.7555
vn -0.1060 0.7935 -0.5993
vn -0.4728 0.1697 -0.8647
vn -0.0962 0.6548 -0.7497
vn -0.2534 0.2641 -0.9306
vn -0.0753 0.4674 -0.8808
vn -0.1207 0.1127 -0.9863
vn -0.0445 0.2343 -0.9711
vn -0.0026 -0.0840 -0.9965
vn -0.0075 -0.0255 -0.9996
vn 0.1066 -0.2847 -0.9527
vn 0.0301 -0.2812 -0.9592
vn 0.2010 -0.4664 -0.8614
vn 0.0627 -0.5033 -0.8619
vn 0.2764 -0.6170 -0.7368
vn 0.0876 -0.6780 -0.7298
vn 0.3322 -0.7332 -0.5934
vn 0.1047 -0.8059 -0.5828
vn 0.3704 -0.8172 -0.4417
vn 0.1149 -0.8943 -0.4324
vn 0.3932 -0.8733 -0.2877
vn 0.1194 -0.9514 -0.2839
vn 0.4032 -0.9052 -0.1339
vn 0.1191 -0.9832 -0.1383
vn 0.4016 -0.9156 0.0189
vn 0.1144 -0.9934 0.0054
vn 0.3889 -0.9052 0.1713
vn 0.1055 -0.9832 0.1489
vn 0.3645 -0.8732 0.3234
vn 0.0922 -0.9514 0.2939
vn 0.3272 -0.8172 0.4745
vn 0.0738 -0.8943 0.4413
vn 0.2750 -0.7332 0.6220
vn 0.0494 -0.8059 0.5900
vn 0.2059 -0.6170 0.7595
vn 0.0187 -0.6780 0.7348
vn 0.1191 -0.4665 0.8765
vn -0.0186 -0.5033 0.8639
vn 0.0165 -0.2847 0.9585
vn -0.0602 -0.2812 0.9577
vn -0.0962 -0.0840 0.9918
vn -0.1013 -0.0256 0.9945
vn -0.2128 0.1127 0.9706
vn -0.1355 0.2345 0.9626
vn -0.3397 0.2641 0.9027
vn -0.1577 0.4675 0.8698
vn -0.5519 0.1697 0.8165
vn -0.1662 0.6548 0.7373
vn -0.6556 -0.2907 0.6969
vn -0.1618 0.7935 0.5866
vn 0.8913 0.2912 0.3475
vn -0.1465 0.8879 0.4360
vn 0.8544 0.5005 0.1397
vn -0.1208 0.9456 0.3021
vn 0.8434 0.5295 0.0910
vn -0.0882 0.9818 0.1680
vn -0.5023 0.7351 -0.4554
vn -0.4494 -0.6992 -0.5560
vn -0.4425 -0.7085 -0.5497
vn -0.5390 0.6772 -0.5009
vn 0.5390 -0.6772 0.5009
vn 0.5023 -0.7351 0.4554
vn 0.4425 0.7085 0.5497
vn 0.4494 0.6992 0.5560
vn 0.4865 0.7264 0.4854
vn -0.5502 0.7095 -0.4403
vn -0.5559 0.7016 -0.4459
vn 0.5176 0.6868 0.5103
vn -0.6915 -0.0000 0.7224
vn 0.5559 -0.7016 0.4459
vn 0.5502 -0.7095 0.4403
vn -0.5176 -0.6868 -0.5103
vn -0.4865 -0.7264 -0.4854
vt 0.309445 0.630856
vt 0.315903 0.630910
vt 0.315903 0.791762
vt 0.309445 0.791709
vt 0.644638 0.169436
vt 0.651088 0.169215
vt 0.651088 0.304983
vt 0.644638 0.305204
vt 0.651670 0.480085
vt 0.486915 0.480081
vt 0.486915 0.310917
vt 0.651669 0.310921
vt 0.486760 0.000000
vt 0.651506 0.000017
vt 0.651507 0.169215
vt 0.486761 0.169198
vt 0.164646 0.722110
vt 0.158190 0.722224
vt 0.158190 0.578956
vt 0.164646 0.578842
vt 0.183649 0.311000
vt 0.677489 0.852670
vt 0.670309 0.855644
vt 0.662690 0.857159
vt 0.654922 0.857159
vt 0.647302 0.855643
vt 0.640123 0.852669
vt 0.633664 0.848352
vt 0.628171 0.842858
vt 0.623855 0.836398
vt 0.620883 0.829218
vt 0.619367 0.821599
vt 0.619366 0.813829
vt 0.620882 0.806209
vt 0.623855 0.799030
vt 0.628173 0.792570
vt 0.633666 0.787077
vt 0.640125 0.782760
vt 0.647302 0.779788
vt 0.654924 0.778271
vt 0.662692 0.778272
vt 0.670312 0.779789
vt 0.677488 0.782762
vt 0.683947 0.787079
vt 0.689440 0.792574
vt 0.693756 0.799034
vt 0.696731 0.806212
vt 0.698244 0.813834
vt 0.698245 0.821603
vt 0.696729 0.829223
vt 0.693756 0.836401
vt 0.689441 0.842861
vt 0.683948 0.848355
vt 0.779348 0.271811
vt 0.779629 0.279254
vt 0.769575 0.279258
vt 0.769294 0.271815
vt 0.202074 0.560678
vt 0.207080 0.560108
vt 0.210629 0.611851
vt 0.206293 0.612713
vt 0.827760 0.816062
vt 0.827591 0.809368
vt 0.837714 0.809387
vt 0.837882 0.816082
vt 0.779724 0.286988
vt 0.769670 0.286993
vt 0.827365 0.803571
vt 0.837487 0.803590
vt 0.779629 0.294718
vt 0.769575 0.294723
vt 0.827088 0.798895
vt 0.837211 0.798914
vt 0.779348 0.302146
vt 0.769294 0.302150
vt 0.264296 0.878123
vt 0.264442 0.874353
vt 0.274572 0.874278
vt 0.274425 0.878048
vt 0.778892 0.308985
vt 0.768838 0.308989
vt 0.264557 0.869329
vt 0.274825 0.869414
vt 0.518741 0.875848
vt 0.518834 0.882814
vt 0.508705 0.882793
vt 0.508613 0.875827
vt 0.518968 0.838794
vt 0.518834 0.845528
vt 0.508705 0.845507
vt 0.508840 0.838773
vt 0.264636 0.863246
vt 0.275550 0.863418
vt 0.518968 0.888971
vt 0.508840 0.888950
vt 0.518741 0.852891
vt 0.508613 0.852870
vt 0.264676 0.856334
vt 0.275988 0.856703
vt 0.827088 0.864748
vt 0.827365 0.859574
vt 0.837487 0.859593
vt 0.837211 0.864767
vt 0.518694 0.860595
vt 0.508565 0.860574
vt 0.264676 0.848865
vt 0.275590 0.849319
vt 0.827591 0.853369
vt 0.837714 0.853388
vt 0.518694 0.868347
vt 0.508565 0.868326
vt 0.264636 0.841122
vt 0.274904 0.841234
vt 0.827760 0.846371
vt 0.837882 0.846390
vt 0.264557 0.833404
vt 0.274686 0.833329
vt 0.827864 0.838849
vt 0.837986 0.838868
vt 0.264442 0.826004
vt 0.274572 0.825930
vt 0.827899 0.831092
vt 0.838021 0.831112
vt 0.264296 0.819212
vt 0.274425 0.819137
vt 0.827864 0.823397
vt 0.837986 0.823416
vt 0.778892 0.264946
vt 0.768838 0.264950
vt 0.201869 0.612714
vt 0.207963 0.629699
vt 0.200192 0.629699
vt 0.197531 0.611851
vt 0.192573 0.628184
vt 0.193445 0.610159
vt 0.185397 0.625211
vt 0.189770 0.607701
vt 0.178940 0.620895
vt 0.186640 0.604574
vt 0.173448 0.615402
vt 0.184185 0.600896
vt 0.169133 0.608943
vt 0.182492 0.596810
vt 0.166162 0.601766
vt 0.181631 0.592472
vt 0.164646 0.594146
vt 0.181630 0.588049
vt 0.164649 0.586377
vt 0.182495 0.583711
vt 0.166166 0.578757
vt 0.184187 0.579624
vt 0.169140 0.571579
vt 0.186648 0.575945
vt 0.173457 0.565119
vt 0.189774 0.572818
vt 0.178949 0.559626
vt 0.193452 0.570360
vt 0.185381 0.554837
vt 0.197527 0.568546
vt 0.192646 0.551268
vt 0.201855 0.567567
vt 0.200108 0.549613
vt 0.206287 0.567683
vt 0.207734 0.549781
vt 0.210636 0.568666
vt 0.215537 0.551865
vt 0.214722 0.570359
vt 0.222770 0.555307
vt 0.218400 0.572816
vt 0.229230 0.559622
vt 0.221527 0.575943
vt 0.234722 0.565115
vt 0.223982 0.579622
vt 0.239037 0.571575
vt 0.225676 0.583708
vt 0.242008 0.578752
vt 0.226539 0.588045
vt 0.243521 0.586372
vt 0.226537 0.592469
vt 0.243521 0.594141
vt 0.225672 0.596807
vt 0.242005 0.601761
vt 0.223980 0.600894
vt 0.239030 0.608938
vt 0.221522 0.604572
vt 0.234714 0.615398
vt 0.218393 0.607700
vt 0.229218 0.620892
vt 0.214715 0.610157
vt 0.222758 0.625209
vt 0.215581 0.628182
vt 0.197038 0.561098
vt 0.194866 0.376166
vt 0.201158 0.375919
vt 0.168675 0.819763
vt 0.173361 0.819137
vt 0.172815 0.874046
vt 0.168675 0.875575
vt 0.177988 0.819257
vt 0.176939 0.872551
vt 0.182383 0.820114
vt 0.180890 0.871148
vt 0.186373 0.821678
vt 0.184513 0.869892
vt 0.932478 0.316918
vt 0.936072 0.316998
vt 0.969016 0.365808
vt 0.967993 0.369574
vt 0.939836 0.317053
vt 0.970008 0.361694
vt 0.943624 0.317081
vt 0.970930 0.357390
vt 0.947292 0.317082
vt 0.971746 0.353063
vt 0.950698 0.317055
vt 0.972426 0.348878
vt 0.953712 0.317000
vt 0.972943 0.344994
vt 0.179784 0.337228
vt 0.175999 0.335180
vt 0.176038 0.311961
vt 0.179784 0.311000
vt 0.171734 0.333767
vt 0.171950 0.312984
vt 0.167153 0.333042
vt 0.167681 0.314028
vt 0.162429 0.333035
vt 0.163357 0.315092
vt 0.157748 0.333745
vt 0.159182 0.316097
vt 0.875758 0.747518
vt 0.880793 0.747797
vt 0.879743 0.763318
vt 0.875367 0.762586
vt 0.885616 0.748205
vt 0.883914 0.764898
vt 0.890047 0.748727
vt 0.887725 0.767144
vt 0.893912 0.749343
vt 0.891023 0.770089
vt 0.897060 0.750028
vt 0.893688 0.773622
vt 0.804829 0.743147
vt 0.808154 0.742555
vt 0.785835 0.774317
vt 0.785069 0.771104
vt 0.811764 0.742182
vt 0.786667 0.778037
vt 0.815519 0.742042
vt 0.787534 0.782123
vt 0.819276 0.742140
vt 0.788402 0.786417
vt 0.822890 0.742473
vt 0.789237 0.790754
vt 0.826222 0.743029
vt 0.790009 0.794967
vt 0.829144 0.743783
vt 0.790686 0.798895
vt 0.183666 0.561322
vt 0.187654 0.561426
vt 0.192171 0.561350
vt 0.929191 0.316817
vt 0.938032 0.129564
vt 0.942121 0.129690
vt 0.872838 0.560342
vt 0.878840 0.560851
vt 0.188771 0.376168
vt 0.220070 0.557734
vt 0.216256 0.558607
vt 0.218730 0.372682
vt 0.223474 0.371596
vt 0.866576 0.559995
vt 0.183147 0.376190
vt 0.211871 0.559408
vt 0.213282 0.373752
vt 0.870710 0.747379
vt 0.860290 0.559822
vt 0.178186 0.376060
vt 0.207357 0.374935
vt 0.865837 0.747385
vt 0.854230 0.559830
vt 0.180362 0.561042
vt 0.174070 0.375712
vt 0.861331 0.747536
vt 0.848623 0.560018
vt 0.815410 0.562649
vt 0.819555 0.563339
vt 0.857362 0.747827
vt 0.843686 0.560379
vt 0.810914 0.562234
vt 0.854084 0.748246
vt 0.839607 0.560901
vt 0.806240 0.562112
vt 0.964790 0.129859
vt 0.968539 0.129792
vt 0.801568 0.562286
vt 0.960553 0.129893
vt 0.797077 0.562751
vt 0.955989 0.129892
vt 0.792939 0.563487
vt 0.951276 0.129857
vt 0.889157 0.562265
vt 0.893078 0.563119
vt 0.946593 0.129789
vt 0.884349 0.561500
vt 0.227020 0.650005
vt 0.227423 0.657222
vt 0.219099 0.657648
vt 0.218696 0.650432
vt 0.570558 0.679448
vt 0.563866 0.676676
vt 0.572457 0.648352
vt 0.584510 0.653346
vt 0.531282 0.811487
vt 0.531178 0.804268
vt 0.539513 0.804150
vt 0.539618 0.811369
vt 0.829905 0.531504
vt 0.828843 0.525063
vt 0.837019 0.523466
vt 0.838080 0.529906
vt 0.227846 0.664204
vt 0.219522 0.664630
vt 0.531025 0.797070
vt 0.539360 0.796952
vt 0.827635 0.518153
vt 0.835810 0.516556
vt 0.530832 0.790175
vt 0.539167 0.790057
vt 0.826325 0.511040
vt 0.834500 0.509442
vt 0.530604 0.783842
vt 0.538939 0.783724
vt 0.824965 0.503996
vt 0.833140 0.502399
vt 0.941209 0.051067
vt 0.940416 0.057435
vt 0.932305 0.055806
vt 0.933097 0.049437
vt 0.823607 0.497295
vt 0.831783 0.495697
vt 0.939362 0.064302
vt 0.931250 0.062672
vt 0.822303 0.491190
vt 0.830479 0.489592
vt 0.938086 0.071401
vt 0.929975 0.069771
vt 0.821104 0.485919
vt 0.829279 0.484321
vt 0.936638 0.078460
vt 0.928526 0.076830
vt 0.820055 0.481683
vt 0.828230 0.480085
vt 0.935073 0.085208
vt 0.926961 0.083579
vt 0.531025 0.838773
vt 0.531177 0.835257
vt 0.539512 0.835139
vt 0.539360 0.838656
vt 0.933451 0.091386
vt 0.925339 0.089756
vt 0.531282 0.830570
vt 0.539617 0.830452
vt 0.228272 0.670686
vt 0.219948 0.671113
vt 0.226076 0.629699
vt 0.226333 0.635974
vt 0.218009 0.636400
vt 0.217752 0.630125
vt 0.531336 0.824897
vt 0.539671 0.824779
vt 0.228684 0.676413
vt 0.220360 0.676840
vt 0.226652 0.642829
vt 0.218328 0.643255
vt 0.531336 0.818451
vt 0.539671 0.818333
vt 0.831431 0.542016
vt 0.830779 0.537228
vt 0.838954 0.535630
vt 0.839607 0.540419
vt 0.501235 0.862807
vt 0.501395 0.875796
vt 0.495557 0.876011
vt 0.495398 0.863022
vt 0.556763 0.748818
vt 0.563867 0.747406
vt 0.572459 0.775729
vt 0.559664 0.778276
vt 0.556762 0.675263
vt 0.559662 0.645809
vt 0.570559 0.744632
vt 0.584511 0.770736
vt 0.549517 0.675263
vt 0.546617 0.645809
vt 0.576582 0.740606
vt 0.595358 0.763486
vt 0.542413 0.676675
vt 0.533822 0.648355
vt 0.581704 0.735484
vt 0.604582 0.754261
vt 0.535721 0.679450
vt 0.521770 0.653348
vt 0.585728 0.729459
vt 0.611830 0.743412
vt 0.529698 0.683475
vt 0.510923 0.660598
vt 0.588500 0.722768
vt 0.616821 0.731358
vt 0.524576 0.688598
vt 0.501699 0.669823
vt 0.589914 0.715661
vt 0.619366 0.718562
vt 0.517780 0.722769
vt 0.520552 0.729464
vt 0.494453 0.743419
vt 0.489460 0.731365
vt 0.520552 0.694622
vt 0.494451 0.680673
vt 0.589914 0.708417
vt 0.619366 0.705515
vt 0.524576 0.735487
vt 0.501700 0.754266
vt 0.517779 0.701314
vt 0.489460 0.692726
vt 0.588499 0.701310
vt 0.616821 0.692719
vt 0.529699 0.740610
vt 0.510925 0.763491
vt 0.516366 0.708421
vt 0.486915 0.705522
vt 0.585728 0.694617
vt 0.611828 0.680666
vt 0.535722 0.744633
vt 0.521771 0.770739
vt 0.516366 0.715664
vt 0.486915 0.718569
vt 0.581704 0.688595
vt 0.604581 0.669818
vt 0.542414 0.747406
vt 0.533824 0.775732
vt 0.576580 0.683471
vt 0.595356 0.660593
vt 0.549518 0.748818
vt 0.546619 0.778276
vt 0.834295 0.240929
vt 0.825074 0.250155
vt 0.814232 0.257405
vt 0.802184 0.262399
vt 0.789393 0.264946
vt 0.776352 0.264946
vt 0.763561 0.262402
vt 0.751513 0.257410
vt 0.740669 0.250162
vt 0.731448 0.240937
vt 0.724202 0.230090
vt 0.719211 0.218035
vt 0.716666 0.205238
vt 0.716666 0.192191
vt 0.719208 0.179394
vt 0.724199 0.167340
vt 0.731443 0.156490
vt 0.740665 0.147264
vt 0.751507 0.140015
vt 0.763555 0.135021
vt 0.776346 0.132473
vt 0.789386 0.132473
vt 0.802177 0.135017
vt 0.814226 0.140009
vt 0.825069 0.147257
vt 0.834291 0.156483
vt 0.841537 0.167330
vt 0.846528 0.179385
vt 0.849072 0.192181
vt 0.849073 0.205228
vt 0.846530 0.218025
vt 0.841540 0.230080
vt 0.900806 0.284915
vt 0.900443 0.275185
vt 0.906322 0.275401
vt 0.906686 0.285131
vt 0.501236 0.888773
vt 0.495398 0.888987
vt 0.900000 0.267338
vt 0.905879 0.267554
vt 0.500764 0.901240
vt 0.494926 0.901455
vt 0.900000 0.477190
vt 0.900322 0.470856
vt 0.906195 0.470722
vt 0.905872 0.477056
vt 0.499997 0.912718
vt 0.494160 0.912933
vt 0.900576 0.462419
vt 0.906449 0.462285
vt 0.916933 0.876720
vt 0.917048 0.888415
vt 0.911162 0.888481
vt 0.911047 0.876786
vt 0.917215 0.814495
vt 0.917048 0.825805
vt 0.911162 0.825871
vt 0.911328 0.814561
vt 0.900751 0.452203
vt 0.906624 0.452068
vt 0.917215 0.898756
vt 0.911328 0.898821
vt 0.916933 0.838166
vt 0.911047 0.838231
vt 0.900840 0.440599
vt 0.906713 0.440465
vt 0.900000 0.377909
vt 0.900443 0.369218
vt 0.906323 0.369434
vt 0.905879 0.378125
vt 0.916875 0.851103
vt 0.910988 0.851169
vt 0.900840 0.428055
vt 0.906713 0.427920
vt 0.900807 0.358796
vt 0.906686 0.359012
vt 0.916875 0.864122
vt 0.910988 0.864187
vt 0.900751 0.415052
vt 0.906624 0.414917
vt 0.901077 0.347043
vt 0.906957 0.347259
vt 0.900576 0.402090
vt 0.906449 0.401956
vt 0.901243 0.334411
vt 0.907123 0.334628
vt 0.900323 0.389667
vt 0.906195 0.389533
vt 0.901299 0.321386
vt 0.907179 0.321602
vt 0.900000 0.378260
vt 0.905872 0.378125
vt 0.901243 0.308467
vt 0.907123 0.308684
vt 0.499997 0.838773
vt 0.500764 0.850306
vt 0.494926 0.850521
vt 0.494160 0.838988
vt 0.901077 0.296152
vt 0.906957 0.296369
vt 0.234492 0.649568
vt 0.234295 0.656571
vt 0.234511 0.663355
vt 0.235103 0.642655
vt 0.236100 0.636077
vt 0.237441 0.630073
vt 0.947583 0.088498
vt 0.944335 0.093647
vt 0.950918 0.082868
vt 0.954213 0.076973
vt 0.957341 0.071039
vt 0.960182 0.065296
vt 0.962627 0.059962
vt 0.506042 0.789428
vt 0.507431 0.783433
vt 0.504908 0.795991
vt 0.504074 0.802876
vt 0.503571 0.809810
vt 0.503419 0.816534
vt 0.503623 0.822786
vt 0.504176 0.828327
vt 0.505056 0.832944
vt 0.506229 0.836457
vt 0.799389 0.494862
vt 0.796891 0.491472
vt 0.802242 0.499154
vt 0.805340 0.504184
vt 0.808563 0.509757
vt 0.811788 0.515660
vt 0.814892 0.521665
vt 0.817754 0.527543
vt 0.820264 0.533067
vt 0.822327 0.538024
vt 0.229068 0.681171
vt 0.236102 0.675122
vt 0.237441 0.679757
vt 0.235115 0.669596
vt 0.234544 0.848806
vt 0.235286 0.841835
vt 0.241192 0.842015
vt 0.240656 0.848749
vt 0.198309 0.346432
vt 0.204957 0.345230
vt 0.205159 0.349682
vt 0.198720 0.350641
vt 0.237287 0.835134
vt 0.242430 0.835550
vt 0.211264 0.343342
vt 0.211308 0.348501
vt 0.240360 0.828963
vt 0.244134 0.829600
vt 0.217010 0.341028
vt 0.216953 0.347350
vt 0.244456 0.823563
vt 0.246359 0.824401
vt 0.221955 0.338259
vt 0.221866 0.346141
vt 0.249449 0.819137
vt 0.249071 0.820148
vt 0.941160 0.096145
vt 0.945434 0.094247
vt 0.944730 0.104042
vt 0.940481 0.104014
vt 0.180938 0.316325
vt 0.179784 0.311000
vt 0.182629 0.316502
vt 0.950102 0.092034
vt 0.949378 0.104029
vt 0.954985 0.089591
vt 0.954245 0.103973
vt 0.959896 0.087011
vt 0.959144 0.103879
vt 0.964645 0.084395
vt 0.963888 0.103749
vt 0.969051 0.081842
vt 0.968294 0.103587
vt 0.972943 0.079451
vt 0.972192 0.103401
vt 0.489542 0.783320
vt 0.492751 0.778275
vt 0.839624 0.510618
vt 0.844080 0.508088
vt 0.843928 0.533640
vt 0.839694 0.534281
vt 0.486915 0.789049
vt 0.849443 0.506084
vt 0.849051 0.533182
vt 0.849415 0.484808
vt 0.855734 0.482023
vt 0.855513 0.504681
vt 0.854868 0.532924
vt 0.862521 0.480428
vt 0.862052 0.503933
vt 0.861156 0.532878
vt 0.869520 0.480085
vt 0.868811 0.503869
vt 0.867674 0.533045
vt 0.876462 0.481006
vt 0.875526 0.504492
vt 0.874168 0.533418
vt 0.883080 0.483157
vt 0.881948 0.505777
vt 0.880392 0.533983
vt 0.889119 0.486455
vt 0.887821 0.507676
vt 0.886103 0.534719
vt 0.894344 0.490772
vt 0.892923 0.510114
vt 0.891085 0.535596
vt 0.788839 0.514072
vt 0.785069 0.513151
vt 0.897060 0.512999
vt 0.895147 0.536581
vt 0.793142 0.515534
vt 0.793730 0.536947
vt 0.789430 0.537597
vt 0.797814 0.517481
vt 0.798398 0.536588
vt 0.802674 0.519835
vt 0.803255 0.536535
vt 0.807536 0.522509
vt 0.808113 0.536789
vt 0.812213 0.525398
vt 0.812786 0.537342
vt 0.816525 0.528393
vt 0.817095 0.538170
vt 0.249449 0.878607
vt 0.244456 0.874137
vt 0.246359 0.873287
vt 0.249071 0.877634
vt 0.168703 0.340726
vt 0.173307 0.343054
vt 0.174897 0.350770
vt 0.170619 0.350308
vt 0.240360 0.868701
vt 0.244134 0.868011
vt 0.178786 0.344796
vt 0.180050 0.350987
vt 0.237286 0.862503
vt 0.242430 0.862004
vt 0.184938 0.345936
vt 0.185886 0.351007
vt 0.235286 0.855785
vt 0.241192 0.855501
vt 0.191536 0.346553
vt 0.192199 0.350959
vt 0.082687 0.617222
vt 0.090593 0.618795
vt 0.098043 0.621882
vt 0.104748 0.626362
vt 0.110447 0.632064
vt 0.114927 0.638769
vt 0.118013 0.646220
vt 0.119585 0.654129
vt 0.119584 0.662193
vt 0.118009 0.670101
vt 0.114923 0.677551
vt 0.110444 0.684257
vt 0.104742 0.689958
vt 0.098039 0.694438
vt 0.090588 0.697523
vt 0.082678 0.699095
vt 0.074615 0.699095
vt 0.066709 0.697523
vt 0.059259 0.694437
vt 0.052555 0.689955
vt 0.046855 0.684254
vt 0.042375 0.677549
vt 0.039289 0.670098
vt 0.037717 0.662190
vt 0.037717 0.654126
vt 0.039293 0.646217
vt 0.042376 0.638766
vt 0.046858 0.632062
vt 0.052560 0.626360
vt 0.059263 0.621880
vt 0.066714 0.618795
vt 0.074624 0.617222
vt 0.752838 0.749894
vt 0.753180 0.735095
vt 0.773413 0.735267
vt 0.773071 0.750066
vt 0.086610 0.578842
vt 0.101837 0.581871
vt 0.148704 0.620340
vt 0.154647 0.634690
vt 0.041489 0.727553
vt 0.028576 0.718923
vt 0.071080 0.578842
vt 0.140074 0.607426
vt 0.055837 0.733497
vt 0.055847 0.581871
vt 0.129098 0.596445
vt 0.071064 0.736526
vt 0.041497 0.587812
vt 0.116184 0.587816
vt 0.086594 0.736526
vt 0.028587 0.596441
vt 0.101826 0.733498
vt 0.017604 0.607422
vt 0.116177 0.727556
vt 0.008973 0.620335
vt 0.129088 0.718927
vt 0.003034 0.634685
vt 0.140069 0.707947
vt 0.000001 0.649916
vt 0.148695 0.695032
vt -0.000000 0.665447
vt 0.154639 0.680684
vt 0.003027 0.680678
vt 0.157673 0.665453
vt 0.008971 0.695028
vt 0.157674 0.649922
vt 0.017600 0.707943
vt 0.088884 0.110452
vt 0.083881 0.112011
vt 0.067987 0.058628
vt 0.072239 0.056892
vt 0.806832 0.842307
vt 0.806642 0.857820
vt 0.786545 0.857692
vt 0.786735 0.842178
vt 0.753391 0.719662
vt 0.773623 0.719834
vt 0.806079 0.872889
vt 0.785982 0.872760
vt 0.753462 0.704187
vt 0.773695 0.704359
vt 0.805166 0.886939
vt 0.785069 0.886811
vt 0.753391 0.689265
vt 0.773624 0.689437
vt 0.885031 0.773692
vt 0.884723 0.786711
vt 0.864478 0.786641
vt 0.864786 0.773622
vt 0.753180 0.675470
vt 0.773413 0.675642
vt 0.884494 0.801126
vt 0.863968 0.801189
vt 0.115243 0.886084
vt 0.115362 0.872686
vt 0.135609 0.872562
vt 0.135491 0.885960
vt 0.752838 0.663331
vt 0.773071 0.663503
vt 0.884353 0.816395
vt 0.862529 0.816856
vt 0.115402 0.858010
vt 0.135650 0.857886
vt 0.752377 0.653316
vt 0.772610 0.653488
vt 0.884305 0.831926
vt 0.861686 0.832116
vt 0.115362 0.842623
vt 0.135610 0.842499
vt 0.751816 0.645809
vt 0.772049 0.645981
vt 0.884353 0.847117
vt 0.862529 0.846980
vt 0.115243 0.827118
vt 0.135491 0.826994
vt 0.114791 0.907078
vt 0.115050 0.897698
vt 0.135298 0.897574
vt 0.135039 0.906954
vt 0.884494 0.861392
vt 0.863968 0.861400
vt 0.115050 0.812094
vt 0.135298 0.811970
vt 0.884723 0.874203
vt 0.864478 0.874133
vt 0.114791 0.798123
vt 0.135039 0.797998
vt 0.885031 0.885055
vt 0.864786 0.884985
vt 0.805166 0.799023
vt 0.806079 0.812332
vt 0.785983 0.812203
vt 0.785069 0.798895
vt 0.751816 0.775357
vt 0.752377 0.763488
vt 0.772610 0.763660
vt 0.772049 0.775530
vt 0.806641 0.826949
vt 0.786545 0.826820
vt 0.076745 0.056020
vt 0.056291 0.002949
vt 0.071533 -0.000000
vt 0.081336 0.056043
vt 0.087062 0.000081
vt 0.085834 0.056962
vt 0.102278 0.003189
vt 0.090065 0.058741
vt 0.116595 0.009203
vt 0.093868 0.061311
vt 0.129457 0.017898
vt 0.097095 0.064574
vt 0.140378 0.028936
vt 0.099625 0.068405
vt 0.148938 0.041892
vt 0.101360 0.072654
vt 0.154798 0.056271
vt 0.102230 0.077162
vt 0.157748 0.071516
vt 0.102205 0.081752
vt 0.157664 0.087046
vt 0.101287 0.086249
vt 0.154553 0.102258
vt 0.099505 0.090482
vt 0.148531 0.116576
vt 0.096934 0.094287
vt 0.139832 0.129445
vt 0.093673 0.097515
vt 0.129043 0.141288
vt 0.089878 0.100168
vt 0.116181 0.151084
vt 0.085661 0.102019
vt 0.102198 0.157181
vt 0.081120 0.102775
vt 0.087135 0.159731
vt 0.076492 0.102629
vt 0.070986 0.158572
vt 0.071994 0.101711
vt 0.055471 0.154559
vt 0.067763 0.099932
vt 0.041153 0.148543
vt 0.063960 0.097362
vt 0.028291 0.139848
vt 0.060732 0.094099
vt 0.017370 0.128812
vt 0.058203 0.090269
vt 0.008816 0.115854
vt 0.056468 0.086019
vt 0.002950 0.101477
vt 0.055598 0.081511
vt 0.000000 0.086232
vt 0.055623 0.076921
vt 0.000085 0.070702
vt 0.056544 0.072423
vt 0.003194 0.055488
vt 0.058323 0.068191
vt 0.009216 0.041171
vt 0.060894 0.064387
vt 0.017916 0.028303
vt 0.064158 0.061158
vt 0.028952 0.017380
vt 0.041912 0.008819
vt 0.093920 0.109022
vt 0.141617 0.301718
vt 0.135413 0.300776
vt 0.079096 0.113641
vt 0.074717 0.115278
vt 0.070914 0.116860
vt 0.287351 0.400111
vt 0.284475 0.399896
vt 0.252195 0.341732
vt 0.253105 0.338259
vt 0.281140 0.399616
vt 0.251110 0.345664
vt 0.277475 0.399283
vt 0.249893 0.349903
vt 0.273620 0.398908
vt 0.248588 0.354288
vt 0.269724 0.398506
vt 0.247248 0.358649
vt 0.265936 0.398092
vt 0.245923 0.362820
vt 0.262402 0.397684
vt 0.244665 0.366639
vt 0.259258 0.397296
vt 0.243521 0.369960
vt 0.715273 0.021692
vt 0.711214 0.021512
vt 0.712696 0.002307
vt 0.716666 0.000000
vt 0.682472 0.477227
vt 0.684595 0.472801
vt 0.703940 0.471033
vt 0.703736 0.474815
vt 0.686057 0.467914
vt 0.704169 0.466831
vt 0.686803 0.462756
vt 0.704446 0.462362
vt 0.686803 0.457529
vt 0.704819 0.457771
vt 0.686057 0.452428
vt 0.705216 0.453260
vt 0.684595 0.447652
vt 0.705588 0.449016
vt 0.682472 0.443386
vt 0.705955 0.445184
vt 0.931608 0.530553
vt 0.928765 0.529924
vt 0.946072 0.500975
vt 0.946974 0.505038
vt 0.925456 0.529566
vt 0.944987 0.496651
vt 0.921808 0.529488
vt 0.943759 0.492232
vt 0.917962 0.529696
vt 0.942436 0.487888
vt 0.914065 0.530181
vt 0.941068 0.483788
vt 0.910267 0.530926
vt 0.939709 0.480085
vt 0.599617 0.781043
vt 0.603409 0.779403
vt 0.604494 0.834661
vt 0.600934 0.832567
vt 0.607530 0.778468
vt 0.608310 0.836934
vt 0.611823 0.778276
vt 0.612235 0.839300
vt 0.616119 0.778830
vt 0.616119 0.841669
vt 0.098791 0.107778
vt 0.067827 0.118327
vt 0.112443 0.300505
vt 0.108333 0.300767
vt 0.686321 0.017828
vt 0.691274 0.018851
vt 0.672055 0.216848
vt 0.666089 0.217929
vt 0.147544 0.302835
vt 0.117401 0.300440
vt 0.696435 0.019763
vt 0.678202 0.215544
vt 0.103307 0.106767
vt 0.152998 0.303823
vt 0.123026 0.300505
vt 0.701613 0.020528
vt 0.684300 0.214067
vt 0.107303 0.106027
vt 0.157748 0.304811
vt 0.129117 0.300530
vt 0.706604 0.021120
vt 0.690111 0.212474
vt 0.903542 0.533067
vt 0.906714 0.531900
vt 0.913293 0.739371
vt 0.909091 0.739282
vt 0.695409 0.210828
vt 0.917838 0.739317
vt 0.699996 0.209189
vt 0.922552 0.739124
vt 0.258693 0.590910
vt 0.254527 0.591846
vt 0.927254 0.738798
vt 0.263215 0.590374
vt 0.931763 0.738352
vt 0.267918 0.590261
vt 0.935906 0.737803
vt 0.272621 0.590573
vt 0.939523 0.737172
vt 0.277144 0.591300
vt 0.674550 0.014501
vt 0.677797 0.015611
vt 0.655614 0.219268
vt 0.651507 0.219473
vt 0.281314 0.592412
vt 0.681770 0.016734
vt 0.660540 0.218746
vt 0.284968 0.593868
vt 0.196254 0.860209
vt 0.196291 0.853988
vt 0.204627 0.853935
vt 0.204590 0.860156
vt 0.682533 0.387881
vt 0.685304 0.394575
vt 0.659206 0.408526
vt 0.654215 0.396472
vt 0.212646 0.674897
vt 0.217752 0.674897
vt 0.217461 0.683227
vt 0.212355 0.683227
vt 0.905019 0.772799
vt 0.907115 0.778621
vt 0.899156 0.780883
vt 0.897060 0.775061
vt 0.196304 0.847162
vt 0.204640 0.847109
vt 0.276618 0.684253
vt 0.278385 0.679042
vt 0.286360 0.681448
vt 0.284593 0.686658
vt 0.909220 0.785085
vt 0.901262 0.787347
vt 0.280327 0.673034
vt 0.288302 0.675440
vt 0.911255 0.791943
vt 0.903297 0.794205
vt 0.282368 0.666459
vt 0.290343 0.668864
vt 0.913141 0.798933
vt 0.905183 0.801194
vt 0.284429 0.659569
vt 0.292404 0.661975
vt 0.914805 0.805784
vt 0.906847 0.808045
vt 0.286434 0.652629
vt 0.294409 0.655035
vt 0.916185 0.812233
vt 0.908226 0.814495
vt 0.288303 0.645906
vt 0.296278 0.648312
vt 0.165789 0.673076
vt 0.171817 0.673466
vt 0.171526 0.681796
vt 0.165498 0.681405
vt 0.289965 0.639659
vt 0.297940 0.642065
vt 0.178512 0.673834
vt 0.178222 0.682163
vt 0.291356 0.634126
vt 0.299331 0.636532
vt 0.185615 0.674165
vt 0.185324 0.682494
vt 0.292424 0.629522
vt 0.300399 0.631927
vt 0.192855 0.674446
vt 0.192565 0.682776
vt 0.196291 0.839995
vt 0.204627 0.839942
vt 0.293125 0.626023
vt 0.301100 0.628429
vt 0.199953 0.674667
vt 0.199662 0.682997
vt 0.196254 0.832758
vt 0.204590 0.832705
vt 0.196113 0.869911
vt 0.196194 0.865584
vt 0.204530 0.865530
vt 0.204449 0.869858
vt 0.206633 0.674820
vt 0.206342 0.683149
vt 0.196194 0.825734
vt 0.204530 0.825681
vt 0.196113 0.819190
vt 0.204449 0.819137
vt 0.310920 0.841294
vt 0.310856 0.828727
vt 0.316730 0.828582
vt 0.316794 0.841148
vt 0.741331 0.348583
vt 0.735307 0.344560
vt 0.749259 0.318452
vt 0.760105 0.325700
vt 0.689330 0.400596
vt 0.666454 0.419375
vt 0.728616 0.341787
vt 0.737207 0.313460
vt 0.694451 0.405720
vt 0.675678 0.428599
vt 0.721513 0.340373
vt 0.724413 0.310917
vt 0.700473 0.409745
vt 0.686523 0.435850
vt 0.714269 0.340373
vt 0.711369 0.310917
vt 0.707164 0.412518
vt 0.698574 0.440842
vt 0.707165 0.341787
vt 0.698574 0.313462
vt 0.714270 0.413930
vt 0.711369 0.443386
vt 0.700473 0.344559
vt 0.686523 0.318455
vt 0.721511 0.413932
vt 0.724413 0.443386
vt 0.694450 0.348585
vt 0.675679 0.325702
vt 0.750477 0.394572
vt 0.753248 0.387880
vt 0.781567 0.396470
vt 0.776575 0.408525
vt 0.728615 0.412517
vt 0.737207 0.440840
vt 0.689328 0.353708
vt 0.666454 0.334929
vt 0.754661 0.380773
vt 0.784112 0.383674
vt 0.735308 0.409743
vt 0.749259 0.435847
vt 0.685306 0.359731
vt 0.659207 0.345777
vt 0.754660 0.373529
vt 0.784113 0.370625
vt 0.741330 0.405720
vt 0.760105 0.428598
vt 0.682532 0.366425
vt 0.654215 0.357832
vt 0.753248 0.366424
vt 0.781567 0.357830
vt 0.746452 0.400596
vt 0.769327 0.419374
vt 0.681120 0.373529
vt 0.651670 0.370629
vt 0.750476 0.359730
vt 0.776575 0.345776
vt 0.681120 0.380776
vt 0.651671 0.383675
vt 0.746452 0.353706
vt 0.769328 0.334927
vt 0.676628 0.494869
vt 0.687476 0.487621
vt 0.699527 0.482630
vt 0.712322 0.480085
vt 0.725368 0.480085
vt 0.738163 0.482631
vt 0.750214 0.487625
vt 0.761060 0.494874
vt 0.770286 0.504098
vt 0.777532 0.514948
vt 0.782524 0.527001
vt 0.785069 0.539796
vt 0.785069 0.552842
vt 0.782523 0.565639
vt 0.777532 0.577690
vt 0.770283 0.588537
vt 0.761059 0.597762
vt 0.750211 0.605010
vt 0.738158 0.610003
vt 0.725364 0.612546
vt 0.712319 0.612546
vt 0.699524 0.610000
vt 0.687471 0.605008
vt 0.676625 0.597759
vt 0.667401 0.588534
vt 0.660153 0.577686
vt 0.655163 0.565630
vt 0.652618 0.552835
vt 0.652618 0.539789
vt 0.655162 0.526995
vt 0.660155 0.514942
vt 0.667403 0.504094
vt 0.903690 0.814619
vt 0.903368 0.825493
vt 0.897497 0.825369
vt 0.897819 0.814495
vt 0.310667 0.817087
vt 0.316541 0.816941
vt 0.903129 0.837565
vt 0.897257 0.837441
vt 0.310360 0.806818
vt 0.316235 0.806671
vt 0.902982 0.850370
vt 0.897110 0.850246
vt 0.309948 0.798316
vt 0.315822 0.798170
vt 0.902932 0.863415
vt 0.897060 0.863294
vt 0.316376 0.361378
vt 0.316353 0.348468
vt 0.322240 0.348493
vt 0.322262 0.361404
vt 0.309445 0.791908
vt 0.315319 0.791762
vt 0.902982 0.876203
vt 0.897110 0.876080
vt 0.316286 0.335437
vt 0.322173 0.335462
vt 0.316031 0.402343
vt 0.316178 0.394553
vt 0.322064 0.394578
vt 0.321918 0.402368
vt 0.903129 0.888240
vt 0.897258 0.888116
vt 0.316178 0.322784
vt 0.322064 0.322812
vt 0.316286 0.384871
vt 0.322173 0.384899
vt 0.903368 0.899064
vt 0.897497 0.898940
vt 0.316031 0.311000
vt 0.321918 0.311025
vt 0.316353 0.373670
vt 0.322240 0.373696
vt 0.903690 0.908258
vt 0.897819 0.908133
vt 0.492746 0.839028
vt 0.493521 0.850143
vt 0.487690 0.849889
vt 0.486914 0.838773
vt 0.309445 0.900907
vt 0.309948 0.891012
vt 0.315822 0.890866
vt 0.315319 0.900761
vt 0.493998 0.862378
vt 0.488167 0.862124
vt 0.310361 0.879649
vt 0.316235 0.879503
vt 0.494160 0.875261
vt 0.488328 0.875006
vt 0.310667 0.867254
vt 0.316541 0.867107
vt 0.493999 0.888297
vt 0.488167 0.888042
vt 0.310856 0.854303
vt 0.316730 0.854157
vt 0.493521 0.900985
vt 0.487690 0.900731
vt 0.492746 0.912838
vt 0.486914 0.912585
vt 0.188778 0.859482
vt 0.189401 0.853453
vt 0.189608 0.846858
vt 0.187754 0.864749
vt 0.186374 0.869026
vt 0.281464 0.626519
vt 0.283565 0.623973
vt 0.278810 0.630015
vt 0.275705 0.634327
vt 0.272267 0.639290
vt 0.268629 0.644714
vt 0.264930 0.650389
vt 0.261314 0.656096
vt 0.257918 0.661619
vt 0.254873 0.666743
vt 0.252296 0.671272
vt 0.210465 0.647108
vt 0.215462 0.647714
vt 0.204630 0.646828
vt 0.198182 0.646885
vt 0.191367 0.647277
vt 0.184449 0.647990
vt 0.177695 0.648995
vt 0.171362 0.650253
vt 0.165692 0.651718
vt 0.932215 0.797510
vt 0.935304 0.802713
vt 0.928780 0.791960
vt 0.925131 0.786276
vt 0.921407 0.780678
vt 0.917752 0.775379
vt 0.914307 0.770585
vt 0.187754 0.826183
vt 0.186374 0.819942
vt 0.188778 0.832920
vt 0.189401 0.839910
vt 0.234544 0.848810
vt 0.233801 0.855791
vt 0.227916 0.855506
vt 0.228454 0.848757
vt 0.132645 0.330352
vt 0.125874 0.330241
vt 0.126525 0.325827
vt 0.133049 0.326141
vt 0.231798 0.862505
vt 0.226671 0.862008
vt 0.119280 0.330842
vt 0.120214 0.325757
vt 0.228719 0.868704
vt 0.224954 0.868014
vt 0.113132 0.331948
vt 0.114377 0.325733
vt 0.224615 0.874139
vt 0.222714 0.873291
vt 0.107659 0.333633
vt 0.109227 0.325883
vt 0.219614 0.878607
vt 0.219985 0.877633
vt 0.103068 0.335883
vt 0.104955 0.326257
vt 0.276217 0.626754
vt 0.280143 0.626130
vt 0.277341 0.615920
vt 0.281148 0.617322
vt 0.271738 0.627933
vt 0.272999 0.614883
vt 0.266879 0.629622
vt 0.268289 0.614252
vt 0.261827 0.631755
vt 0.263393 0.614050
vt 0.256775 0.634251
vt 0.258498 0.614284
vt 0.251918 0.637014
vt 0.253792 0.614947
vt 0.247443 0.639937
vt 0.716666 0.256162
vt 0.713122 0.259766
vt 0.706713 0.235062
vt 0.710525 0.233337
vt 0.703695 0.207622
vt 0.243521 0.642907
vt 0.708547 0.263102
vt 0.701976 0.236842
vt 0.713645 0.283643
vt 0.708304 0.287984
vt 0.703114 0.266043
vt 0.696492 0.238611
vt 0.702186 0.291299
vt 0.697035 0.268475
vt 0.690474 0.240300
vt 0.695525 0.293462
vt 0.690541 0.270305
vt 0.684152 0.241844
vt 0.688578 0.294389
vt 0.683881 0.271462
vt 0.677773 0.243184
vt 0.681611 0.294046
vt 0.677315 0.271902
vt 0.671580 0.244268
vt 0.674894 0.292444
vt 0.671092 0.271608
vt 0.665811 0.245055
vt 0.169833 0.632227
vt 0.175595 0.629699
vt 0.665450 0.270592
vt 0.660686 0.245515
vt 0.164646 0.635341
vt 0.660608 0.268893
vt 0.656404 0.245629
vt 0.937928 0.807369
vt 0.943084 0.785434
vt 0.946974 0.787070
vt 0.940994 0.763756
vt 0.944762 0.763217
vt 0.938629 0.783513
vt 0.936679 0.764202
vt 0.933781 0.781382
vt 0.931984 0.764535
vt 0.928726 0.779121
vt 0.927089 0.764743
vt 0.923658 0.776819
vt 0.922182 0.764820
vt 0.918771 0.774562
vt 0.917452 0.764760
vt 0.219614 0.819137
vt 0.224615 0.823564
vt 0.222714 0.824402
vt 0.219985 0.820148
vt 0.914255 0.772440
vt 0.913080 0.764568
vt 0.228719 0.828966
vt 0.224954 0.829602
vt 0.156325 0.338259
vt 0.151369 0.335583
vt 0.151294 0.329242
vt 0.156214 0.330349
vt 0.231798 0.835136
vt 0.226670 0.835552
vt 0.145615 0.333346
vt 0.145641 0.328175
vt 0.233801 0.841837
vt 0.227916 0.842020
vt 0.139299 0.331517
vt 0.139488 0.327060
vt 0.530768 0.574932
vt 0.529191 0.566997
vt 0.529191 0.558906
vt 0.530769 0.550971
vt 0.533866 0.543497
vt 0.538360 0.536770
vt 0.544082 0.531050
vt 0.550809 0.526555
vt 0.558282 0.523460
vt 0.566218 0.521882
vt 0.574306 0.521882
vt 0.582243 0.523461
vt 0.589716 0.526558
vt 0.596441 0.531053
vt 0.602160 0.536775
vt 0.606654 0.543501
vt 0.609749 0.550976
vt 0.611326 0.558912
vt 0.611326 0.567002
vt 0.609748 0.574937
vt 0.606651 0.582412
vt 0.602157 0.589138
vt 0.596438 0.594859
vt 0.589711 0.599353
vt 0.582235 0.602449
vt 0.574302 0.604027
vt 0.566211 0.604026
vt 0.558278 0.602447
vt 0.550804 0.599351
vt 0.544076 0.594856
vt 0.538357 0.589134
vt 0.533863 0.582407
vt 0.840155 0.879063
vt 0.840322 0.866279
vt 0.861601 0.866123
vt 0.861435 0.878908
vt 0.490096 0.587112
vt 0.486915 0.571103
vt 0.505413 0.510122
vt 0.516957 0.498581
vt 0.652618 0.571114
vt 0.649433 0.587121
vt 0.496340 0.602191
vt 0.496347 0.523693
vt 0.652618 0.554791
vt 0.505407 0.615763
vt 0.490099 0.538771
vt 0.649436 0.538782
vt 0.516945 0.627306
vt 0.486915 0.554780
vt 0.643192 0.523701
vt 0.530518 0.636375
vt 0.634126 0.510131
vt 0.545596 0.642622
vt 0.622588 0.498588
vt 0.561600 0.645807
vt 0.609021 0.489519
vt 0.577924 0.645809
vt 0.593943 0.483271
vt 0.593928 0.642625
vt 0.577933 0.480087
vt 0.609011 0.636380
vt 0.561615 0.480085
vt 0.622582 0.627312
vt 0.545604 0.483269
vt 0.634120 0.615772
vt 0.530528 0.489514
vt 0.643186 0.602201
vt 0.558655 0.841261
vt 0.553404 0.840830
vt 0.555010 0.778276
vt 0.559596 0.778276
vt 0.599334 0.870790
vt 0.599617 0.883729
vt 0.578340 0.883685
vt 0.578057 0.870746
vt 0.840406 0.851767
vt 0.861686 0.851611
vt 0.619215 0.307555
vt 0.619796 0.296686
vt 0.641060 0.296727
vt 0.640480 0.307596
vt 0.840406 0.836071
vt 0.861686 0.835915
vt 0.620272 0.283652
vt 0.641537 0.283693
vt 0.840322 0.819807
vt 0.861601 0.819651
vt 0.620626 0.268951
vt 0.641890 0.268992
vt 0.840155 0.803591
vt 0.861435 0.803435
vt 0.620844 0.253149
vt 0.642417 0.252924
vt 0.158519 0.844303
vt 0.158320 0.860542
vt 0.137199 0.860551
vt 0.137398 0.844312
vt 0.839914 0.788046
vt 0.861194 0.787890
vt 0.620917 0.236854
vt 0.643868 0.236060
vt 0.157730 0.876144
vt 0.136608 0.876153
vt 0.839607 0.773778
vt 0.860887 0.773622
vt 0.620844 0.220690
vt 0.644638 0.220128
vt 0.156771 0.890513
vt 0.135650 0.890522
vt 0.156771 0.797998
vt 0.157730 0.812418
vt 0.136608 0.812427
vt 0.135650 0.798007
vt 0.620626 0.205280
vt 0.643582 0.205102
vt 0.599617 0.778320
vt 0.599334 0.792465
vt 0.578057 0.792421
vt 0.578340 0.778276
vt 0.158320 0.828054
vt 0.137199 0.828063
vt 0.620272 0.191215
vt 0.641846 0.191051
vt 0.599140 0.807932
vt 0.577863 0.807888
vt 0.619796 0.179039
vt 0.641060 0.179080
vt 0.599040 0.824118
vt 0.577764 0.824073
vt 0.619215 0.169215
vt 0.640480 0.169256
vt 0.599040 0.840401
vt 0.577763 0.840357
vt 0.839607 0.897537
vt 0.839914 0.889617
vt 0.861194 0.889462
vt 0.860887 0.897381
vt 0.599140 0.856165
vt 0.577863 0.856120
vt 0.424283 0.623888
vt 0.421728 0.620056
vt 0.468425 0.581737
vt 0.477490 0.595309
vt 0.426045 0.628143
vt 0.483733 0.610388
vt 0.426944 0.632661
vt 0.486915 0.626398
vt 0.426943 0.637267
vt 0.486915 0.642719
vt 0.426046 0.641784
vt 0.483726 0.658729
vt 0.424283 0.646039
vt 0.477480 0.673809
vt 0.421722 0.649870
vt 0.468414 0.687378
vt 0.418466 0.653127
vt 0.456872 0.698921
vt 0.414636 0.655686
vt 0.443305 0.707986
vt 0.410383 0.657448
vt 0.428225 0.714234
vt 0.405866 0.658346
vt 0.412220 0.717416
vt 0.401259 0.658347
vt 0.395904 0.717413
vt 0.396743 0.657448
vt 0.379901 0.714226
vt 0.392489 0.655684
vt 0.364038 0.708590
vt 0.388564 0.653204
vt 0.349356 0.700094
vt 0.385214 0.650024
vt 0.337782 0.689007
vt 0.382750 0.646117
vt 0.329156 0.675468
vt 0.381084 0.641781
vt 0.323665 0.659374
vt 0.380186 0.637264
vt 0.321233 0.642707
vt 0.380186 0.632658
vt 0.321233 0.626385
vt 0.381087 0.628139
vt 0.324416 0.610379
vt 0.382849 0.623883
vt 0.330662 0.595299
vt 0.385408 0.620055
vt 0.339733 0.581726
vt 0.388664 0.616798
vt 0.351270 0.570187
vt 0.392493 0.614239
vt 0.364843 0.561118
vt 0.396750 0.612475
vt 0.379917 0.554875
vt 0.401266 0.611577
vt 0.395922 0.551692
vt 0.405871 0.611578
vt 0.412243 0.551691
vt 0.410387 0.612477
vt 0.428246 0.554878
vt 0.414641 0.614240
vt 0.443321 0.561124
vt 0.418470 0.616800
vt 0.456888 0.570194
vt 0.877269 0.267338
vt 0.882518 0.267418
vt 0.877621 0.399707
vt 0.871354 0.399335
vt 0.548363 0.839684
vt 0.550595 0.778388
vt 0.543726 0.837867
vt 0.546523 0.778608
vt 0.539671 0.835448
vt 0.542948 0.778928
vt 0.361309 0.779744
vt 0.357949 0.780302
vt 0.330548 0.721496
vt 0.332157 0.717416
vt 0.354271 0.780471
vt 0.328848 0.725745
vt 0.350414 0.780246
vt 0.327119 0.730000
vt 0.346528 0.779635
vt 0.325432 0.734094
vt 0.342763 0.778659
vt 0.323848 0.737872
vt 0.339261 0.777361
vt 0.322431 0.741188
vt 0.336158 0.775788
vt 0.321233 0.743915
vt 0.052453 0.760909
vt 0.049072 0.761379
vt 0.047558 0.739953
vt 0.050638 0.736526
vt 0.044967 0.761709
vt 0.043870 0.742712
vt 0.040294 0.761880
vt 0.039715 0.744698
vt 0.675581 0.443386
vt 0.673979 0.448093
vt 0.655343 0.450440
vt 0.655654 0.446510
vt 0.673082 0.453113
vt 0.654950 0.454743
vt 0.672925 0.458254
vt 0.654424 0.459303
vt 0.673514 0.463316
vt 0.653851 0.463895
vt 0.674827 0.468107
vt 0.653289 0.468320
vt 0.676812 0.472442
vt 0.652724 0.472431
vt 0.679394 0.476154
vt 0.652177 0.476072
vt 0.682472 0.479101
vt 0.651670 0.479101
vt 0.411169 0.777498
vt 0.407647 0.778770
vt 0.426553 0.737911
vt 0.427994 0.741265
vt 0.403873 0.779729
vt 0.424956 0.734104
vt 0.399989 0.780335
vt 0.423264 0.729991
vt 0.396146 0.780567
vt 0.421541 0.725728
vt 0.392492 0.780417
vt 0.419856 0.721482
vt 0.389166 0.779888
vt 0.418273 0.717416
vt 0.577763 0.835918
vt 0.573655 0.838236
vt 0.572629 0.778930
vt 0.576175 0.779338
vt 0.568978 0.839938
vt 0.568578 0.778610
vt 0.563914 0.840960
vt 0.564177 0.778389
vt 0.363952 0.919182
vt 0.359938 0.919848
vt 0.019698 0.760953
vt 0.024733 0.761414
vt 0.024573 0.895930
vt 0.018557 0.895379
vt 0.887553 0.267655
vt 0.883634 0.400307
vt 0.858136 0.268560
vt 0.862255 0.268040
vt 0.853406 0.400840
vt 0.848486 0.401458
vt 0.029979 0.761730
vt 0.030841 0.896305
vt 0.892183 0.268040
vt 0.889164 0.400840
vt 0.866939 0.267655
vt 0.859004 0.400307
vt 0.035233 0.761887
vt 0.037119 0.896495
vt 0.896228 0.268560
vt 0.893997 0.401458
vt 0.872009 0.267418
vt 0.865066 0.399707
vt 0.043166 0.896487
vt 0.389190 0.915822
vt 0.385216 0.915191
vt 0.048749 0.896281
vt 0.393556 0.916001
vt 0.053654 0.895887
vt 0.398148 0.915725
vt 0.057692 0.895321
vt 0.402788 0.915000
vt 0.337608 0.916337
vt 0.333902 0.914454
vt 0.407299 0.913855
vt 0.341792 0.917887
vt 0.411507 0.912337
vt 0.346292 0.919051
vt 0.414303 0.775963
vt 0.415250 0.910500
vt 0.350935 0.919782
vt 0.007702 0.758895
vt 0.011015 0.759666
vt 0.008183 0.893840
vt 0.004225 0.892915
vt 0.355543 0.920050
vt 0.015066 0.760364
vt 0.013023 0.894673
vt 0.761070 0.271347
vt 0.761350 0.278287
vt 0.753076 0.278291
vt 0.752796 0.271351
vt 0.258325 0.724327
vt 0.252301 0.720302
vt 0.266248 0.694198
vt 0.277094 0.701447
vt 0.159039 0.752595
vt 0.158802 0.746354
vt 0.167131 0.746287
vt 0.167369 0.752528
vt 0.384549 0.947946
vt 0.386996 0.954362
vt 0.379261 0.957468
vt 0.376815 0.951052
vt 0.761445 0.285500
vt 0.753171 0.285504
vt 0.158507 0.740951
vt 0.166837 0.740884
vt 0.389594 0.961059
vt 0.381860 0.964165
vt 0.158166 0.736593
vt 0.166496 0.736526
vt 0.392246 0.967783
vt 0.384512 0.970889
vt 0.346412 0.996879
vt 0.347833 0.993661
vt 0.355563 0.996781
vt 0.354142 1.000000
vt 0.394848 0.974273
vt 0.387113 0.977379
vt 0.349666 0.989351
vt 0.357396 0.992472
vt 0.397302 0.980283
vt 0.389567 0.983389
vt 0.351840 0.984113
vt 0.359570 0.987233
vt 0.399513 0.985582
vt 0.391778 0.988688
vt 0.354272 0.978147
vt 0.362002 0.981268
vt 0.158673 0.797998
vt 0.158938 0.793171
vt 0.167268 0.793105
vt 0.167003 0.797931
vt 0.356867 0.971688
vt 0.364597 0.974808
vt 0.159141 0.787383
vt 0.167470 0.787316
vt 0.359528 0.964976
vt 0.367258 0.968097
vt 0.159272 0.780856
vt 0.167602 0.780789
vt 0.362151 0.958274
vt 0.369881 0.961395
vt 0.159329 0.773841
vt 0.167659 0.773774
vt 0.761350 0.292708
vt 0.753076 0.292711
vt 0.364637 0.951836
vt 0.372367 0.954956
vt 0.159308 0.766607
vt 0.167638 0.766540
vt 0.761070 0.299634
vt 0.752796 0.299637
vt 0.366887 0.945915
vt 0.374617 0.949035
vt 0.159210 0.759434
vt 0.167540 0.759367
vt 0.760615 0.306012
vt 0.752341 0.306015
vt 0.760615 0.264946
vt 0.752341 0.264950
vt 0.382351 0.942064
vt 0.374617 0.945170
vt 0.907679 0.341508
vt 0.907738 0.329906
vt 0.913621 0.329673
vt 0.913561 0.341272
vt 0.231268 0.789677
vt 0.238508 0.789677
vt 0.241408 0.819137
vt 0.228366 0.819137
vt 0.245610 0.717529
vt 0.254200 0.689204
vt 0.245611 0.788264
vt 0.254203 0.816592
vt 0.238507 0.716116
vt 0.241409 0.686658
vt 0.252302 0.785492
vt 0.266251 0.811598
vt 0.231264 0.716116
vt 0.228364 0.686658
vt 0.258323 0.781466
vt 0.277094 0.804350
vt 0.224164 0.717529
vt 0.215572 0.689203
vt 0.263447 0.776344
vt 0.286318 0.795123
vt 0.217473 0.720301
vt 0.203524 0.694196
vt 0.267468 0.770319
vt 0.293564 0.784275
vt 0.211452 0.724326
vt 0.192678 0.701445
vt 0.270240 0.763626
vt 0.298555 0.772221
vt 0.198123 0.756518
vt 0.199535 0.763624
vt 0.171220 0.772217
vt 0.168675 0.759420
vt 0.206328 0.729449
vt 0.183457 0.710671
vt 0.271653 0.756520
vt 0.301100 0.759423
vt 0.202307 0.770318
vt 0.176212 0.784272
vt 0.202307 0.735474
vt 0.176211 0.721520
vt 0.271652 0.749275
vt 0.301097 0.746375
vt 0.206331 0.776342
vt 0.183459 0.795121
vt 0.199535 0.742167
vt 0.171220 0.733575
vt 0.270240 0.742169
vt 0.298556 0.733578
vt 0.211450 0.781466
vt 0.192681 0.804347
vt 0.198122 0.749273
vt 0.168675 0.746372
vt 0.267468 0.735475
vt 0.293563 0.721523
vt 0.217474 0.785491
vt 0.203524 0.811597
vt 0.263444 0.729451
vt 0.286317 0.710674
vt 0.224165 0.788263
vt 0.215575 0.816590
vt 0.849073 0.059713
vt 0.849073 0.072760
vt 0.846524 0.085557
vt 0.841532 0.097611
vt 0.834288 0.108460
vt 0.825064 0.117686
vt 0.814221 0.124935
vt 0.802173 0.129928
vt 0.789383 0.132473
vt 0.776339 0.132473
vt 0.763551 0.129928
vt 0.751502 0.124935
vt 0.740660 0.117686
vt 0.731440 0.108461
vt 0.724198 0.097611
vt 0.719208 0.085557
vt 0.716666 0.072761
vt 0.716666 0.059713
vt 0.719211 0.046917
vt 0.724203 0.034862
vt 0.731451 0.024013
vt 0.740672 0.014788
vt 0.751518 0.007538
vt 0.763566 0.002545
vt 0.776356 0.000000
vt 0.789396 0.000000
vt 0.802187 0.002545
vt 0.814234 0.007539
vt 0.825076 0.014788
vt 0.834299 0.024013
vt 0.841541 0.034862
vt 0.846530 0.046916
vt 0.885031 0.884210
vt 0.885580 0.875523
vt 0.891443 0.875585
vt 0.890894 0.884273
vt 0.907738 0.317364
vt 0.913621 0.317131
vt 0.886030 0.865101
vt 0.891894 0.865164
vt 0.907679 0.304364
vt 0.913561 0.304131
vt 0.886365 0.853349
vt 0.892228 0.853412
vt 0.907563 0.291400
vt 0.913445 0.291168
vt 0.886571 0.840717
vt 0.892435 0.840780
vt 0.910988 0.851511
vt 0.910818 0.864492
vt 0.905015 0.864495
vt 0.905185 0.851515
vt 0.907394 0.278978
vt 0.913276 0.278746
vt 0.886641 0.827690
vt 0.892504 0.827753
vt 0.910313 0.876966
vt 0.904510 0.876969
vt 0.907179 0.267571
vt 0.913062 0.267338
vt 0.886571 0.814769
vt 0.892434 0.814832
vt 0.909494 0.888452
vt 0.903690 0.888455
vt 0.909494 0.814495
vt 0.910313 0.826023
vt 0.904510 0.826026
vt 0.903690 0.814499
vt 0.886365 0.802451
vt 0.892228 0.802515
vt 0.302918 0.819345
vt 0.302714 0.830654
vt 0.296832 0.830447
vt 0.297035 0.819137
vt 0.910818 0.838522
vt 0.905015 0.838526
vt 0.886030 0.791209
vt 0.891894 0.791271
vt 0.302574 0.843014
vt 0.296691 0.842806
vt 0.885580 0.781475
vt 0.891443 0.781538
vt 0.302503 0.855953
vt 0.296620 0.855745
vt 0.885031 0.773622
vt 0.890894 0.773685
vt 0.302503 0.868969
vt 0.296620 0.868761
vt 0.907179 0.366482
vt 0.907394 0.360151
vt 0.913276 0.359919
vt 0.913062 0.366249
vt 0.302574 0.881564
vt 0.296691 0.881357
vt 0.907563 0.351720
vt 0.913445 0.351487
vt 0.302714 0.893257
vt 0.296831 0.893047
vt 0.302918 0.903592
vt 0.297035 0.903385
vt 0.768285 0.271796
vt 0.767968 0.278512
vt 0.767875 0.285492
vt 0.768838 0.265602
vt 0.355526 0.948356
vt 0.358796 0.943413
vt 0.351792 0.953621
vt 0.347737 0.959010
vt 0.343515 0.964315
vt 0.339290 0.969329
vt 0.335224 0.973865
vt 0.331474 0.977742
vt 0.328183 0.980816
vt 0.325478 0.982968
vt 0.132340 0.743127
vt 0.133335 0.738818
vt 0.131641 0.748424
vt 0.131264 0.754506
vt 0.131225 0.761138
vt 0.131524 0.768066
vt 0.132151 0.775024
vt 0.133081 0.781743
vt 0.134278 0.787967
vt 0.135696 0.793455
vt 0.137281 0.797998
vt 0.413934 0.970067
vt 0.417720 0.974002
vt 0.409847 0.965486
vt 0.405616 0.960442
vt 0.401403 0.955124
vt 0.397371 0.949739
vt 0.393675 0.944495
vt 0.390455 0.939589
vt 0.768285 0.299169
vt 0.768838 0.305342
vt 0.767968 0.292467
vt 0.204640 0.848867
vt 0.205383 0.841890
vt 0.211228 0.842117
vt 0.210687 0.848860
vt 0.871405 0.428956
vt 0.864654 0.429499
vt 0.864883 0.425050
vt 0.871404 0.424727
vt 0.207392 0.835182
vt 0.212491 0.835633
vt 0.858149 0.430764
vt 0.858598 0.425624
vt 0.210481 0.829000
vt 0.214227 0.829659
vt 0.852142 0.432504
vt 0.852793 0.426219
vt 0.214600 0.823582
vt 0.216494 0.824426
vt 0.846863 0.434778
vt 0.847690 0.426945
vt 0.219614 0.819137
vt 0.219259 0.820132
vt 0.842515 0.437551
vt 0.843483 0.427827
vt 0.844430 0.402213
vt 0.345837 0.954824
vt 0.350808 0.952455
vt 0.348535 0.943537
vt 0.353123 0.943222
vt 0.340616 0.956869
vt 0.343726 0.943370
vt 0.335347 0.958513
vt 0.338877 0.942733
vt 0.330231 0.959692
vt 0.334178 0.941644
vt 0.325464 0.960363
vt 0.329808 0.940147
vt 0.321233 0.960494
vt 0.325934 0.938302
vt 0.057692 0.962404
vt 0.053021 0.967217
vt 0.053007 0.948071
vt 0.057433 0.945502
vt 0.053300 0.922596
vt 0.057494 0.921910
vt 0.047419 0.971087
vt 0.047667 0.950100
vt 0.048209 0.923087
vt 0.041102 0.973863
vt 0.041617 0.951514
vt 0.042417 0.923361
vt 0.034314 0.975446
vt 0.035089 0.952260
vt 0.036144 0.923408
vt 0.027315 0.975766
vt 0.028335 0.952307
vt 0.029633 0.923225
vt 0.020373 0.974819
vt 0.021613 0.951654
vt 0.023133 0.922822
vt 0.013757 0.972633
vt 0.015183 0.950324
vt 0.016896 0.922212
vt 0.007719 0.969301
vt 0.009292 0.948373
vt 0.011158 0.921419
vt 0.117503 0.791843
vt 0.114791 0.786248
vt 0.004165 0.945873
vt 0.006144 0.920474
vt 0.120769 0.796636
vt 0.000000 0.942917
vt 0.002043 0.919415
vt 0.421060 0.977148
vt 0.423719 0.956580
vt 0.427994 0.956770
vt 0.419347 0.936271
vt 0.423258 0.934473
vt 0.418923 0.955863
vt 0.414952 0.937734
vt 0.413790 0.954651
vt 0.410241 0.938802
vt 0.408519 0.952989
vt 0.405395 0.939432
vt 0.403311 0.950940
vt 0.400602 0.939607
vt 0.398366 0.948585
vt 0.396044 0.939314
vt 0.219614 0.878613
vt 0.214600 0.874162
vt 0.216494 0.873318
vt 0.219259 0.877623
vt 0.900000 0.437551
vt 0.895750 0.434778
vt 0.894889 0.426945
vt 0.898984 0.427827
vt 0.897946 0.402213
vt 0.210481 0.868740
vt 0.214227 0.868074
vt 0.890552 0.432504
vt 0.889877 0.426219
vt 0.207392 0.862555
vt 0.212491 0.862093
vt 0.884606 0.430764
vt 0.884142 0.425624
vt 0.205383 0.855845
vt 0.211228 0.855604
vt 0.878140 0.429499
vt 0.877904 0.425050
vt 0.712004 0.845703
vt 0.706719 0.840415
vt 0.702564 0.834200
vt 0.699704 0.827291
vt 0.698245 0.819960
vt 0.698245 0.812484
vt 0.699704 0.805151
vt 0.702564 0.798245
vt 0.706718 0.792027
vt 0.712004 0.786742
vt 0.718220 0.782589
vt 0.725126 0.779730
vt 0.732458 0.778271
vt 0.739935 0.778271
vt 0.747267 0.779731
vt 0.754176 0.782591
vt 0.760391 0.786746
vt 0.765676 0.792034
vt 0.769831 0.798249
vt 0.772693 0.805155
vt 0.774150 0.812490
vt 0.774151 0.819966
vt 0.772692 0.827299
vt 0.769832 0.834205
vt 0.765678 0.840422
vt 0.760392 0.845707
vt 0.754176 0.849861
vt 0.747270 0.852720
vt 0.739938 0.854178
vt 0.732461 0.854178
vt 0.725129 0.852718
vt 0.718222 0.849856
vt 0.870731 0.013799
vt 0.870685 0.021240
vt 0.860939 0.021209
vt 0.860985 0.013768
vt 0.888119 0.196783
vt 0.892969 0.196718
vt 0.891446 0.248108
vt 0.887211 0.248523
vt 0.286872 0.855160
vt 0.286872 0.847904
vt 0.296620 0.847842
vt 0.296620 0.855098
vt 0.870685 0.028678
vt 0.860939 0.028648
vt 0.286834 0.840437
vt 0.296582 0.840375
vt 0.870731 0.035825
vt 0.860985 0.035794
vt 0.286759 0.833042
vt 0.296506 0.832980
vt 0.870820 0.042408
vt 0.861074 0.042378
vt 0.286649 0.826007
vt 0.296396 0.825944
vt 0.870950 0.048171
vt 0.861204 0.048140
vt 0.286510 0.819598
vt 0.296381 0.819137
vt 0.276769 0.849470
vt 0.276735 0.842107
vt 0.286476 0.842141
vt 0.286510 0.849505
vt 0.275988 0.882376
vt 0.276254 0.877208
vt 0.285995 0.877242
vt 0.285728 0.882410
vt 0.852550 0.437645
vt 0.852932 0.444370
vt 0.842665 0.444312
vt 0.842812 0.437551
vt 0.276635 0.835138
vt 0.286376 0.835172
vt 0.276473 0.871086
vt 0.286213 0.871120
vt 0.853141 0.451603
vt 0.842515 0.451377
vt 0.276473 0.828830
vt 0.286213 0.828864
vt 0.276635 0.864244
vt 0.286376 0.864278
vt 0.853169 0.459066
vt 0.842897 0.458722
vt 0.276254 0.823427
vt 0.285995 0.823461
vt 0.276735 0.856945
vt 0.286476 0.856979
vt 0.853015 0.466473
vt 0.843277 0.466351
vt 0.275988 0.819137
vt 0.285728 0.819171
vt 0.852684 0.473538
vt 0.843009 0.473501
vt 0.286510 0.876814
vt 0.286649 0.872961
vt 0.296397 0.872899
vt 0.296257 0.876752
vt 0.852190 0.479991
vt 0.842515 0.479954
vt 0.286759 0.867934
vt 0.296506 0.867872
vt 0.870950 0.000031
vt 0.870820 0.006638
vt 0.861074 0.006607
vt 0.861204 -0.000000
vt 0.286834 0.861922
vt 0.296582 0.861860
vt 0.882975 0.248106
vt 0.887215 0.264946
vt 0.879775 0.264215
vt 0.878902 0.246871
vt 0.872621 0.262043
vt 0.875148 0.244865
vt 0.866027 0.258519
vt 0.871858 0.242164
vt 0.860248 0.253777
vt 0.869157 0.238874
vt 0.855504 0.247997
vt 0.867150 0.235120
vt 0.851979 0.241404
vt 0.865914 0.231048
vt 0.849807 0.234252
vt 0.865496 0.226812
vt 0.849073 0.226812
vt 0.865912 0.222576
vt 0.849804 0.219373
vt 0.867146 0.218502
vt 0.851972 0.212217
vt 0.869151 0.214750
vt 0.855495 0.205625
vt 0.871851 0.211460
vt 0.860236 0.199846
vt 0.875140 0.208759
vt 0.866013 0.195104
vt 0.878893 0.206754
vt 0.872622 0.191121
vt 0.882966 0.205398
vt 0.879916 0.188372
vt 0.887202 0.204868
vt 0.887217 0.187482
vt 0.891437 0.205400
vt 0.894505 0.188370
vt 0.895510 0.206754
vt 0.901780 0.191121
vt 0.899264 0.208760
vt 0.908384 0.195105
vt 0.902554 0.211460
vt 0.914164 0.199847
vt 0.905255 0.214750
vt 0.918908 0.205627
vt 0.907262 0.218504
vt 0.922433 0.212220
vt 0.908499 0.222576
vt 0.924604 0.219372
vt 0.908917 0.226812
vt 0.925339 0.226812
vt 0.908500 0.231049
vt 0.924608 0.234251
vt 0.907266 0.235122
vt 0.922439 0.241407
vt 0.905260 0.238875
vt 0.918917 0.247999
vt 0.902561 0.242164
vt 0.914176 0.253778
vt 0.899272 0.244865
vt 0.908399 0.258521
vt 0.895519 0.246870
vt 0.901807 0.262043
vt 0.894654 0.264215
vt 0.883257 0.196720
vt 0.882877 0.087091
vt 0.889167 0.087440
vt 0.897619 0.196532
vt 0.860939 0.048807
vt 0.856473 0.047579
vt 0.857056 0.000320
vt 0.860939 -0.000000
vt 0.852467 0.045713
vt 0.853576 0.000565
vt 0.849073 0.043281
vt 0.850635 0.000725
vt 0.445702 0.913809
vt 0.448695 0.914499
vt 0.478062 0.962720
vt 0.477253 0.965900
vt 0.452032 0.915053
vt 0.479018 0.959096
vt 0.455585 0.915448
vt 0.480085 0.955168
vt 0.459217 0.915670
vt 0.481222 0.951089
vt 0.462790 0.915704
vt 0.482384 0.947014
vt 0.466165 0.915557
vt 0.483527 0.943099
vt 0.469213 0.915230
vt 0.484607 0.939497
vt 0.790312 0.459688
vt 0.794099 0.459427
vt 0.795161 0.477516
vt 0.791766 0.480085
vt 0.798412 0.459294
vt 0.798991 0.475660
vt 0.803086 0.459290
vt 0.803115 0.474468
vt 0.807941 0.459418
vt 0.807368 0.474105
vt 0.812791 0.459674
vt 0.811581 0.474801
vt 0.817449 0.460045
vt 0.815597 0.476317
vt 0.821737 0.460519
vt 0.819270 0.478468
vt 0.071263 0.922979
vt 0.074222 0.924417
vt 0.059019 0.946535
vt 0.057692 0.942755
vt 0.077548 0.925447
vt 0.060392 0.950515
vt 0.081114 0.926038
vt 0.061758 0.954540
vt 0.084782 0.926161
vt 0.063065 0.958458
vt 0.088411 0.925812
vt 0.064264 0.962119
vt 0.091861 0.925004
vt 0.065306 0.965379
vt 0.095002 0.923772
vt 0.066153 0.968114
vt 0.864926 0.194745
vt 0.867281 0.195315
vt 0.870426 0.195815
vt 0.874237 0.196226
vt 0.878570 0.196530
vt 0.908671 0.195317
vt 0.905624 0.195815
vt 0.911790 0.085545
vt 0.915729 0.084899
vt 0.818160 0.347883
vt 0.824182 0.348364
vt 0.876812 0.086539
vt 0.901893 0.196226
vt 0.906965 0.086076
vt 0.811888 0.347553
vt 0.871208 0.086074
vt 0.901441 0.086541
vt 0.805611 0.347387
vt 0.866280 0.085544
vt 0.895432 0.087090
vt 0.799568 0.347393
vt 0.862215 0.084897
vt 0.793991 0.347567
vt 0.097711 0.922159
vt 0.096352 0.826806
vt 0.099855 0.824722
vt 0.789096 0.347902
vt 0.092293 0.828402
vt 0.787198 0.460063
vt 0.785069 0.348388
vt 0.087831 0.829444
vt 0.465166 0.804861
vt 0.469530 0.804669
vt 0.083139 0.829896
vt 0.460547 0.804813
vt 0.078396 0.829736
vt 0.455850 0.804530
vt 0.073786 0.828975
vt 0.451257 0.804018
vt 0.828561 0.461696
vt 0.825490 0.461078
vt 0.834577 0.349698
vt 0.838549 0.350499
vt 0.446942 0.803303
vt 0.829726 0.348976
vt 0.443073 0.802408
vt 0.818653 0.842605
vt 0.818732 0.835532
vt 0.827062 0.835562
vt 0.826983 0.842634
vt 0.524422 0.258900
vt 0.529544 0.264024
vt 0.510766 0.286904
vt 0.501542 0.277677
vt 0.725663 0.285700
vt 0.725581 0.292878
vt 0.717307 0.292903
vt 0.717389 0.285725
vt 0.818354 0.803052
vt 0.818144 0.798895
vt 0.826474 0.798924
vt 0.826684 0.803081
vt 0.818759 0.828289
vt 0.827089 0.828318
vt 0.725336 0.299726
vt 0.717062 0.299752
vt 0.106901 0.791954
vt 0.105899 0.788351
vt 0.113790 0.785663
vt 0.114791 0.789265
vt 0.724939 0.305982
vt 0.716666 0.306007
vt 0.104516 0.783679
vt 0.112406 0.780990
vt 0.448141 0.719678
vt 0.446349 0.725823
vt 0.438327 0.723562
vt 0.440119 0.717416
vt 0.102801 0.778111
vt 0.110692 0.775422
vt 0.444458 0.732498
vt 0.436436 0.730236
vt 0.100821 0.771861
vt 0.108712 0.769172
vt 0.442538 0.739450
vt 0.434516 0.737188
vt 0.098654 0.765176
vt 0.106545 0.762487
vt 0.440665 0.746409
vt 0.432643 0.744147
vt 0.096382 0.758306
vt 0.104272 0.755617
vt 0.438910 0.753108
vt 0.430888 0.750847
vt 0.094090 0.751515
vt 0.101981 0.748827
vt 0.437340 0.759291
vt 0.429318 0.757030
vt 0.091870 0.745069
vt 0.099760 0.742380
vt 0.436016 0.764720
vt 0.427994 0.762458
vt 0.089805 0.739215
vt 0.097696 0.736526
vt 0.818732 0.821153
vt 0.827062 0.821182
vt 0.818144 0.860177
vt 0.818354 0.855169
vt 0.826684 0.855198
vt 0.826474 0.860206
vt 0.724939 0.264946
vt 0.725336 0.271460
vt 0.717062 0.271485
vt 0.716666 0.264971
vt 0.818654 0.814399
vt 0.826984 0.814429
vt 0.818526 0.849235
vt 0.826856 0.849265
vt 0.725581 0.278467
vt 0.717307 0.278492
vt 0.818526 0.808288
vt 0.826856 0.808317
vt 0.321775 0.439376
vt 0.321775 0.452353
vt 0.315895 0.452542
vt 0.315895 0.439562
vt 0.563717 0.200089
vt 0.556613 0.198675
vt 0.559514 0.169216
vt 0.572310 0.171762
vt 0.535565 0.268050
vt 0.521612 0.294154
vt 0.549366 0.198675
vt 0.546470 0.169215
vt 0.542259 0.270822
vt 0.533666 0.299148
vt 0.542264 0.200088
vt 0.533675 0.171760
vt 0.549363 0.272236
vt 0.546459 0.301694
vt 0.535572 0.202861
vt 0.521620 0.176753
vt 0.556606 0.272237
vt 0.559506 0.301694
vt 0.529546 0.206885
vt 0.510773 0.184001
vt 0.563712 0.270823
vt 0.572301 0.299149
vt 0.524423 0.212008
vt 0.501547 0.193227
vt 0.570404 0.268051
vt 0.584353 0.294156
vt 0.520400 0.218032
vt 0.494299 0.204076
vt 0.589760 0.239080
vt 0.589761 0.231835
vt 0.619215 0.228933
vt 0.619215 0.241981
vt 0.576427 0.264026
vt 0.595203 0.286908
vt 0.517627 0.224726
vt 0.489307 0.216131
vt 0.588351 0.224729
vt 0.616672 0.216136
vt 0.581550 0.258903
vt 0.604426 0.277681
vt 0.516213 0.231831
vt 0.486761 0.228928
vt 0.585578 0.218035
vt 0.611680 0.204081
vt 0.585576 0.252879
vt 0.611677 0.266833
vt 0.516212 0.239077
vt 0.486761 0.241976
vt 0.581554 0.212010
vt 0.604434 0.193232
vt 0.588346 0.246186
vt 0.616669 0.254778
vt 0.517626 0.246183
vt 0.489304 0.254773
vt 0.576432 0.206887
vt 0.595210 0.184005
vt 0.520398 0.252876
vt 0.494296 0.266828
vt 0.570408 0.202862
vt 0.584361 0.176756
vt 0.621912 0.731361
vt 0.619366 0.718566
vt 0.619366 0.705519
vt 0.621910 0.692724
vt 0.626902 0.680670
vt 0.634148 0.669823
vt 0.643375 0.660597
vt 0.654219 0.653349
vt 0.666273 0.648354
vt 0.679067 0.645809
vt 0.692112 0.645809
vt 0.704908 0.648353
vt 0.716958 0.653345
vt 0.727807 0.660591
vt 0.737031 0.669817
vt 0.744279 0.680664
vt 0.749271 0.692717
vt 0.751816 0.705512
vt 0.751816 0.718559
vt 0.749273 0.731355
vt 0.744280 0.743408
vt 0.737031 0.754257
vt 0.727808 0.763482
vt 0.716961 0.770731
vt 0.704910 0.775724
vt 0.692116 0.778270
vt 0.679068 0.778271
vt 0.666275 0.775726
vt 0.654221 0.770735
vt 0.643375 0.763487
vt 0.634152 0.754262
vt 0.626903 0.743414
vt 0.907456 0.427514
vt 0.907377 0.414481
vt 0.913256 0.414620
vt 0.913335 0.427651
vt 0.321859 0.464827
vt 0.315979 0.465013
vt 0.907222 0.401580
vt 0.913101 0.401717
vt 0.322023 0.476313
vt 0.316144 0.476500
vt 0.906998 0.389303
vt 0.912877 0.389443
vt 0.322262 0.486372
vt 0.316383 0.486561
vt 0.906712 0.378125
vt 0.912591 0.378262
vt 0.159626 0.850935
vt 0.159578 0.838084
vt 0.165465 0.838085
vt 0.165513 0.850935
vt 0.158519 0.908364
vt 0.158897 0.899344
vt 0.164784 0.899344
vt 0.164407 0.908364
vt 0.507263 0.838773
vt 0.507977 0.850505
vt 0.502109 0.850564
vt 0.501395 0.838832
vt 0.159436 0.825922
vt 0.165324 0.825922
vt 0.159206 0.888658
vt 0.165094 0.888659
vt 0.508417 0.863125
vt 0.502549 0.863184
vt 0.159206 0.814915
vt 0.165094 0.814915
vt 0.159436 0.876717
vt 0.165324 0.876718
vt 0.508565 0.876149
vt 0.502698 0.876208
vt 0.158897 0.805486
vt 0.164784 0.805487
vt 0.159578 0.863980
vt 0.165465 0.863980
vt 0.508417 0.889076
vt 0.502549 0.889135
vt 0.158519 0.797998
vt 0.164407 0.797999
vt 0.507977 0.901410
vt 0.502109 0.901469
vt 0.906712 0.477971
vt 0.906998 0.471244
vt 0.912877 0.471383
vt 0.912591 0.478108
vt 0.507263 0.912677
vt 0.501395 0.912736
vt 0.907222 0.462468
vt 0.913101 0.462604
vt 0.322262 0.402368
vt 0.322023 0.413892
vt 0.316144 0.414079
vt 0.316383 0.402554
vt 0.907377 0.451976
vt 0.913256 0.452115
vt 0.321859 0.426387
vt 0.315979 0.426576
vt 0.907456 0.440175
vt 0.913335 0.440311
vt 0.811155 0.842227
vt 0.811818 0.835387
vt 0.812039 0.828374
vt 0.810071 0.848622
vt 0.808611 0.854334
vt 0.806832 0.859142
vt 0.449886 0.763379
vt 0.446976 0.767683
vt 0.453172 0.758429
vt 0.456708 0.753017
vt 0.460358 0.747356
vt 0.463981 0.741664
vt 0.467440 0.736154
vt 0.470601 0.731041
vt 0.750399 0.299878
vt 0.748757 0.305881
vt 0.751571 0.293289
vt 0.752227 0.286365
vt 0.752341 0.279375
vt 0.751911 0.272586
vt 0.750950 0.266259
vt 0.068657 0.757705
vt 0.065805 0.752564
vt 0.071955 0.763236
vt 0.075571 0.768942
vt 0.079368 0.774610
vt 0.083199 0.780015
vt 0.086917 0.784953
vt 0.090378 0.789233
vt 0.093451 0.792691
vt 0.096016 0.795192
vt 0.808611 0.803900
vt 0.806832 0.799839
vt 0.810072 0.808997
vt 0.811155 0.814932
vt 0.811818 0.821473
vt 0.264296 0.848878
vt 0.263556 0.855855
vt 0.257604 0.855623
vt 0.258135 0.848879
vt 0.889211 0.057734
vt 0.895945 0.057203
vt 0.895711 0.061658
vt 0.889212 0.061964
vt 0.261562 0.862564
vt 0.256383 0.862108
vt 0.902406 0.055982
vt 0.901943 0.061132
vt 0.258501 0.868746
vt 0.254704 0.868084
vt 0.908346 0.054302
vt 0.907673 0.060607
vt 0.254419 0.874166
vt 0.252513 0.873321
vt 0.913536 0.052110
vt 0.912677 0.059973
vt 0.249449 0.878612
vt 0.249841 0.877620
vt 0.917776 0.049437
vt 0.916761 0.059202
vt 0.452409 0.766894
vt 0.448241 0.768215
vt 0.451145 0.778435
vt 0.447115 0.777619
vt 0.457056 0.765184
vt 0.455639 0.779053
vt 0.462005 0.763153
vt 0.460422 0.779457
vt 0.467063 0.760879
vt 0.465312 0.779623
vt 0.472038 0.758451
vt 0.470122 0.779548
vt 0.476737 0.755961
vt 0.474664 0.779238
vt 0.480981 0.753503
vt 0.785069 0.298042
vt 0.789471 0.295542
vt 0.789307 0.321145
vt 0.785127 0.321751
vt 0.473342 0.726522
vt 0.484607 0.751172
vt 0.794794 0.293558
vt 0.794388 0.320713
vt 0.794971 0.272080
vt 0.801269 0.269292
vt 0.800832 0.292167
vt 0.800173 0.320469
vt 0.808048 0.267691
vt 0.807352 0.291422
vt 0.806443 0.320429
vt 0.815044 0.267338
vt 0.814106 0.291351
vt 0.812953 0.320587
vt 0.821992 0.268240
vt 0.820831 0.291954
vt 0.819456 0.320943
vt 0.828622 0.270374
vt 0.827271 0.293212
vt 0.825700 0.321477
vt 0.834680 0.273647
vt 0.833179 0.295076
vt 0.831447 0.322177
vt 0.061824 0.783783
vt 0.057692 0.780330
vt 0.838326 0.297472
vt 0.836474 0.323006
vt 0.066471 0.786993
vt 0.842515 0.300308
vt 0.840590 0.323940
vt 0.071454 0.789839
vt 0.073409 0.808046
vt 0.068610 0.807158
vt 0.076582 0.792209
vt 0.078346 0.808317
vt 0.081657 0.794012
vt 0.083233 0.807961
vt 0.086484 0.795178
vt 0.087880 0.806992
vt 0.090880 0.795667
vt 0.092110 0.805445
vt 0.186264 0.313022
vt 0.185203 0.316374
vt 0.183649 0.315906
vt 0.183649 0.311000
vt 0.094673 0.795454
vt 0.095760 0.803383
vt 0.249449 0.819137
vt 0.254421 0.823586
vt 0.252516 0.824429
vt 0.249845 0.820129
vt 0.860294 0.049437
vt 0.864651 0.052110
vt 0.865479 0.059973
vt 0.861264 0.059200
vt 0.258505 0.829006
vt 0.254706 0.829670
vt 0.869937 0.054301
vt 0.870590 0.060607
vt 0.261565 0.835190
vt 0.256382 0.835648
vt 0.875951 0.055979
vt 0.876401 0.061132
vt 0.263555 0.841900
vt 0.257604 0.842135
vt 0.882459 0.057202
vt 0.882690 0.061658
vt 0.785069 0.845115
vt 0.778626 0.844734
vt 0.778626 0.612546
vt 0.785069 0.612926
vt 0.322262 0.009035
vt 0.486760 0.000000
vt 0.486760 0.301882
vt 0.322262 0.310917
vt 0.157748 -0.000000
vt 0.322262 0.008907
vt 0.322262 0.311000
vt 0.157748 0.302093
vt 0.309445 0.338714
vt 0.315888 0.338259
vt 0.315888 0.630401
vt 0.309445 0.630856
vt 0.486915 0.545873
vt 0.322262 0.551691
vt 0.322262 0.316734
vt 0.486915 0.310917
vt 0.301101 0.338259
vt 0.307548 0.338532
vt 0.309445 0.437133
vt 0.302997 0.436860
vt 0.302994 0.630602
vt 0.309445 0.630299
vt 0.309445 0.850970
vt 0.302994 0.851274
vt 0.307548 0.630299
vt 0.301101 0.630025
vt 0.164646 0.578842
vt 0.000000 0.573103
vt 0.000000 0.338259
vt 0.164646 0.343998
s 1
usemtl legs.001
f 1/1/1 3/2/1 4/3/1 2/4/1
f 5/5/2 7/6/2 8/7/2 6/8/2
f 7/9/3 4/10/3 3/11/3 8/12/3
f 6/13/4 1/14/4 2/15/4 5/16/4
f 6/17/5 8/18/5 3/19/5 1/20/5
f 2/21/6 4/21/6 1674/21/6 1673/21/6
f 10/22/7 9/23/7 40/24/7 39/25/7 38/26/8 37/27/9 36/28/9 35/29/9 34/30/9 33/31/9 32/32/9 31/33/9 30/34/9 29/35/9 28/36/7 27/37/7 26/38/7 25/39/7 24/40/7 23/41/7 22/42/8 21/43/9 20/44/9 19/45/9 18/46/9 17/47/9 16/48/9 15/49/9 14/50/9 13/51/9 12/52/7 11/53/7
f 63/54/10 64/55/11 128/56/12 127/57/13
s 0
f 9/21/3 10/21/6 41/21/14 42/21/15
f 36/21/3 37/21/6 69/21/16 68/21/6
f 23/21/3 24/21/6 56/21/17 55/21/6
f 10/21/18 11/21/15 43/21/19 41/21/15
f 37/21/3 38/21/15 70/21/20 69/21/15
f 24/21/3 25/21/6 57/21/21 56/21/6
f 11/21/3 12/21/15 44/21/22 43/21/15
f 38/21/18 39/21/6 71/21/23 70/21/15
f 25/21/3 26/21/6 58/21/24 57/21/6
f 12/21/3 13/21/15 45/21/25 44/21/15
f 39/21/3 40/21/15 72/21/26 71/21/15
f 26/21/3 27/21/6 59/21/27 58/21/6
f 13/21/18 14/21/6 46/21/28 45/21/15
f 40/21/3 9/21/15 42/21/29 72/21/15
f 27/21/18 28/21/15 60/21/30 59/21/6
f 14/21/3 15/21/15 47/21/31 46/21/15
f 28/21/3 29/21/15 61/21/32 60/21/6
f 15/21/3 16/21/15 48/21/33 47/21/15
f 29/21/3 30/21/15 62/21/34 61/21/6
f 16/21/18 17/21/6 49/21/35 48/21/15
f 30/21/3 31/21/6 63/21/36 62/21/6
f 17/21/37 18/21/15 50/21/38 49/21/15
f 31/21/3 32/21/15 64/21/11 63/21/6
f 18/21/37 19/21/6 51/21/39 50/21/15
f 32/21/3 33/21/15 65/21/40 64/21/6
f 19/21/3 20/21/15 52/21/41 51/21/15
f 33/21/3 34/21/6 66/21/42 65/21/6
f 20/21/37 21/21/15 53/21/43 52/21/15
f 34/21/3 35/21/6 67/21/44 66/21/6
f 21/21/3 22/21/15 54/21/45 53/21/6
f 35/21/3 36/21/6 68/21/46 67/21/6
f 22/21/47 23/21/15 55/21/48 54/21/6
s 1
f 138/58/49 168/59/50 104/60/51 74/61/52
f 50/62/53 51/63/39 115/64/54 114/65/55
f 64/55/11 65/66/56 129/67/57 128/56/12
f 51/63/39 52/68/58 116/69/59 115/64/54
f 65/66/56 66/70/42 130/71/60 129/67/57
f 52/68/58 53/72/43 117/73/61 116/69/59
f 66/70/42 67/74/62 131/75/63 130/71/60
f 53/76/43 54/77/64 118/78/65 117/79/61
f 67/74/62 68/80/66 132/81/67 131/75/63
f 54/77/64 55/82/68 119/83/69 118/78/65
f 42/84/70 41/85/71 105/86/72 106/87/73
f 68/88/66 69/89/74 133/90/75 132/91/67
f 55/82/68 56/92/76 120/93/77 119/83/69
f 41/85/71 43/94/78 107/95/79 105/86/72
f 69/89/74 70/96/80 134/97/81 133/90/75
f 56/92/76 57/98/21 121/99/82 120/93/77
f 43/100/78 44/101/83 108/102/84 107/103/79
f 70/96/80 71/104/85 135/105/86 134/97/81
f 57/98/21 58/106/87 122/107/88 121/99/82
f 44/101/83 45/108/89 109/109/90 108/102/84
f 71/104/85 72/110/91 136/111/92 135/105/86
f 58/106/87 59/112/27 123/113/93 122/107/88
f 45/108/89 46/114/94 110/115/95 109/109/90
f 72/110/91 42/84/70 106/87/73 136/111/92
f 59/112/27 60/116/30 124/117/96 123/113/93
f 46/114/94 47/118/97 111/119/98 110/115/95
f 60/116/30 61/120/99 125/121/100 124/117/96
f 47/118/97 48/122/101 112/123/102 111/119/98
f 61/120/99 62/124/103 126/125/104 125/121/100
f 48/122/101 49/126/105 113/127/106 112/123/102
f 62/128/103 63/54/10 127/57/13 126/129/104
f 49/126/105 50/62/53 114/65/55 113/127/106
f 73/130/107 74/61/52 106/131/73 105/132/72
f 75/133/108 73/130/107 105/132/72 107/134/79
f 76/135/109 75/133/108 107/134/79 108/136/84
f 77/137/110 76/135/109 108/136/84 109/138/90
f 78/139/111 77/137/110 109/138/90 110/140/95
f 79/141/112 78/139/111 110/140/95 111/142/98
f 80/143/113 79/141/112 111/142/98 112/144/102
f 81/145/114 80/143/113 112/144/102 113/146/106
f 82/147/115 81/145/114 113/146/106 114/148/55
f 83/149/116 82/147/115 114/148/55 115/150/54
f 84/151/117 83/149/116 115/150/54 116/152/59
f 85/153/118 84/151/117 116/152/59 117/154/61
f 86/155/119 85/153/118 117/154/61 118/156/65
f 87/157/120 86/155/119 118/156/65 119/158/69
f 88/159/121 87/157/120 119/158/69 120/160/77
f 89/161/122 88/159/121 120/160/77 121/162/82
f 90/163/123 89/161/122 121/162/82 122/164/88
f 91/165/124 90/163/123 122/164/88 123/166/93
f 92/167/125 91/165/124 123/166/93 124/168/96
f 93/169/126 92/167/125 124/168/96 125/170/100
f 94/171/127 93/169/126 125/170/100 126/172/104
f 95/173/128 94/171/127 126/172/104 127/174/13
f 96/175/129 95/173/128 127/174/13 128/176/12
f 97/177/130 96/175/129 128/176/12 129/178/57
f 98/179/131 97/177/130 129/178/57 130/180/60
f 99/181/132 98/179/131 130/180/60 131/182/63
f 100/183/133 99/181/132 131/182/63 132/184/67
f 101/185/134 100/183/133 132/184/67 133/186/75
f 102/187/135 101/185/134 133/186/75 134/188/81
f 103/189/136 102/187/135 134/188/81 135/190/86
f 104/60/51 103/189/136 135/190/86 136/191/92
f 74/61/52 104/60/51 136/191/92 106/131/73
f 138/58/49 137/192/137 169/193/138 170/194/139
f 168/195/50 167/196/140 103/197/136 104/198/51
f 167/196/140 166/199/141 102/200/135 103/197/136
f 166/199/141 165/201/142 101/202/134 102/200/135
f 165/201/142 164/203/143 100/204/133 101/202/134
f 164/205/143 163/206/144 99/207/132 100/208/133
f 163/206/144 162/209/145 98/210/131 99/207/132
f 162/209/145 161/211/146 97/212/130 98/210/131
f 161/211/146 160/213/147 96/214/129 97/212/130
f 160/213/147 159/215/148 95/216/128 96/214/129
f 159/215/148 158/217/149 94/218/127 95/216/128
f 158/219/149 157/220/150 93/221/126 94/222/127
f 157/220/150 156/223/151 92/224/125 93/221/126
f 156/223/151 155/225/152 91/226/124 92/224/125
f 155/225/152 154/227/153 90/228/123 91/226/124
f 154/227/153 153/229/154 89/230/122 90/228/123
f 153/231/154 152/232/155 88/233/121 89/234/122
f 152/232/155 151/235/156 87/236/120 88/233/121
f 151/235/156 150/237/157 86/238/119 87/236/120
f 150/237/157 149/239/158 85/240/118 86/238/119
f 149/239/158 148/241/159 84/242/117 85/240/118
f 148/243/159 147/244/160 83/245/116 84/246/117
f 147/244/160 146/247/161 82/248/115 83/245/116
f 146/247/161 145/249/162 81/250/114 82/248/115
f 145/249/162 144/251/163 80/252/113 81/250/114
f 144/251/163 143/253/164 79/254/112 80/252/113
f 143/253/164 142/255/165 78/256/111 79/254/112
f 142/255/165 141/257/166 77/258/110 78/256/111
f 141/259/166 140/260/167 76/135/109 77/137/110
f 140/260/167 139/261/168 75/133/108 76/135/109
f 139/261/168 137/192/137 73/130/107 75/133/108
f 137/192/137 138/58/49 74/61/52 73/130/107
f 164/205/143 165/262/142 197/263/169 196/264/170
f 151/235/156 152/232/155 184/265/171 183/266/172
f 137/192/137 139/261/168 171/267/173 169/193/138
f 165/268/142 166/269/141 198/270/174 197/271/169
f 152/232/155 153/231/154 185/272/175 184/265/171
f 139/261/168 140/260/167 172/273/176 171/267/173
f 166/269/141 167/274/140 199/275/177 198/270/174
f 153/231/154 154/276/153 186/277/178 185/272/175
f 140/260/167 141/259/166 173/278/179 172/273/176
f 167/274/140 168/59/50 200/279/180 199/275/177
f 154/276/153 155/280/152 187/281/181 186/277/178
f 141/259/166 142/282/165 174/283/182 173/278/179
f 168/59/50 138/58/49 170/194/139 200/279/180
f 155/280/152 156/284/151 188/285/183 187/281/181
f 142/255/165 143/253/164 175/286/184 174/287/182
f 156/284/151 157/288/150 189/289/185 188/285/183
f 143/253/164 144/251/163 176/290/186 175/286/184
f 157/288/150 158/291/149 190/292/187 189/289/185
f 144/251/163 145/249/162 177/293/188 176/290/186
f 158/217/149 159/215/148 191/294/189 190/295/187
f 145/249/162 146/247/161 178/296/190 177/293/188
f 159/215/148 160/213/147 192/297/191 191/294/189
f 146/247/161 147/244/160 179/298/192 178/296/190
f 160/213/147 161/211/146 193/299/193 192/297/191
f 147/244/160 148/243/159 180/300/194 179/298/192
f 161/211/146 162/209/145 194/301/195 193/299/193
f 148/241/159 149/239/158 181/302/196 180/303/194
f 162/209/145 163/206/144 195/304/197 194/301/195
f 149/239/158 150/237/157 182/305/198 181/302/196
f 163/206/144 164/205/143 196/264/170 195/304/197
f 150/237/157 151/235/156 183/266/172 182/305/198
f 231/306/199 232/307/200 264/308/201 263/309/202
f 253/310/203 254/311/204 286/312/205 285/313/206
f 218/314/207 219/315/208 251/316/209 250/317/210
f 205/318/211 206/319/212 238/320/213 237/321/214
f 232/307/200 202/322/215 234/323/216 264/308/201
f 219/315/208 220/324/217 252/325/218 251/316/209
f 206/319/212 207/326/219 239/327/220 238/320/213
f 220/324/217 221/328/221 253/329/203 252/325/218
f 207/326/219 208/330/222 240/331/223 239/327/220
f 221/328/221 222/332/224 254/333/204 253/329/203
f 208/330/222 209/334/225 241/335/226 240/331/223
f 222/336/224 223/337/227 255/338/228 254/339/204
f 209/334/225 210/340/229 242/341/230 241/335/226
f 223/337/227 224/342/231 256/343/232 255/338/228
f 210/340/229 211/344/233 243/345/234 242/341/230
f 224/342/231 225/346/235 257/347/236 256/343/232
f 211/344/233 212/348/237 244/349/238 243/345/234
f 225/346/235 226/350/239 258/351/240 257/347/236
f 212/348/237 213/352/241 245/353/242 244/349/238
f 226/350/239 227/354/243 259/355/244 258/351/240
f 213/356/241 214/357/245 246/358/246 245/359/242
f 227/354/243 228/360/247 260/361/248 259/355/244
f 214/357/245 215/362/249 247/363/250 246/358/246
f 202/322/215 201/364/251 233/365/252 234/323/216
f 228/366/247 229/367/253 261/368/254 260/369/248
f 215/362/249 216/370/255 248/371/256 247/363/250
f 201/364/251 203/372/257 235/373/258 233/365/252
f 229/367/253 230/374/259 262/375/260 261/368/254
f 216/370/255 217/376/261 249/377/262 248/371/256
f 203/378/257 204/379/263 236/380/264 235/381/258
f 230/374/259 231/306/199 263/309/202 262/375/260
f 217/376/261 218/314/207 250/317/210 249/377/262
f 204/379/263 205/318/211 237/321/214 236/380/264
f 288/382/265 289/383/266 321/384/267 320/385/268
f 240/386/223 241/387/226 273/388/269 272/389/270
f 254/311/204 255/390/228 287/391/271 286/312/205
f 241/387/226 242/392/230 274/393/272 273/388/269
f 255/390/228 256/394/232 288/395/265 287/391/271
f 242/392/230 243/396/234 275/397/273 274/393/272
f 256/394/232 257/398/236 289/399/266 288/395/265
f 243/396/234 244/400/238 276/401/274 275/397/273
f 257/398/236 258/402/240 290/403/275 289/399/266
f 244/400/238 245/404/242 277/405/276 276/401/274
f 258/402/240 259/406/244 291/407/277 290/403/275
f 245/404/242 246/408/246 278/409/278 277/405/276
f 259/406/244 260/410/248 292/411/279 291/407/277
f 246/408/246 247/412/250 279/413/280 278/409/278
f 234/414/216 233/415/252 265/416/281 266/417/282
f 260/410/248 261/418/254 293/419/283 292/411/279
f 247/412/250 248/420/256 280/421/284 279/413/280
f 233/415/252 235/422/258 267/423/285 265/416/281
f 261/418/254 262/424/260 294/425/286 293/419/283
f 248/420/256 249/426/262 281/427/287 280/421/284
f 235/422/258 236/428/264 268/429/288 267/423/285
f 262/424/260 263/430/202 295/431/289 294/425/286
f 249/426/262 250/432/210 282/433/290 281/427/287
f 236/428/264 237/434/214 269/435/291 268/429/288
f 263/430/202 264/436/201 296/437/292 295/431/289
f 250/432/210 251/438/209 283/439/293 282/433/290
f 237/434/214 238/440/213 270/441/294 269/435/291
f 264/436/201 234/414/216 266/417/282 296/437/292
f 251/438/209 252/442/218 284/443/295 283/439/293
f 238/440/213 239/444/220 271/445/296 270/441/294
f 252/442/218 253/310/203 285/313/206 284/443/295
f 239/444/220 240/386/223 272/389/270 271/445/296
f 297/446/297 299/447/298 300/448/299 301/449/300 302/450/301 303/451/302 304/452/303 305/453/304 306/454/305 307/455/306 308/456/307 309/457/308 310/458/309 311/459/310 312/460/311 313/461/312 314/462/313 315/463/314 316/464/315 317/465/316 318/466/317 319/467/318 320/468/268 321/469/267 322/470/319 323/471/320 324/472/321 325/473/322 326/474/323 327/475/324 328/476/325 298/477/326
f 275/478/273 276/479/274 308/480/307 307/481/306
f 289/383/266 290/482/275 322/483/319 321/384/267
f 276/479/274 277/484/276 309/485/308 308/480/307
f 290/482/275 291/486/277 323/487/320 322/483/319
f 277/488/276 278/489/278 310/490/309 309/491/308
f 291/486/277 292/492/279 324/493/321 323/487/320
f 278/489/278 279/494/280 311/495/310 310/490/309
f 266/496/282 265/497/281 297/498/297 298/499/326
f 292/500/279 293/501/283 325/502/322 324/503/321
f 279/494/280 280/504/284 312/505/311 311/495/310
f 265/497/281 267/506/285 299/507/298 297/498/297
f 293/501/283 294/508/286 326/509/323 325/502/322
f 280/504/284 281/510/287 313/511/312 312/505/311
f 267/512/285 268/513/288 300/514/299 299/515/298
f 294/508/286 295/516/289 327/517/324 326/509/323
f 281/510/287 282/518/290 314/519/313 313/511/312
f 268/513/288 269/520/291 301/521/300 300/514/299
f 295/516/289 296/522/292 328/523/325 327/517/324
f 282/518/290 283/524/293 315/525/314 314/519/313
f 269/520/291 270/526/294 302/527/301 301/521/300
f 296/522/292 266/496/282 298/499/326 328/523/325
f 283/524/293 284/528/295 316/529/315 315/525/314
f 270/526/294 271/530/296 303/531/302 302/527/301
f 284/528/295 285/532/206 317/533/316 316/529/315
f 271/530/296 272/534/270 304/535/303 303/531/302
f 285/532/206 286/536/205 318/537/317 317/533/316
f 272/534/270 273/538/269 305/539/304 304/535/303
f 286/540/205 287/541/271 319/542/318 318/543/317
f 273/538/269 274/544/272 306/545/305 305/539/304
f 287/541/271 288/382/265 320/385/268 319/542/318
f 274/544/272 275/478/273 307/481/306 306/545/305
f 232/307/200 231/306/199 337/546/327 334/547/328
f 202/322/215 232/307/200 334/547/328 329/548/329
f 231/306/199 230/374/259 340/549/330 337/546/327
f 230/374/259 229/367/253 343/550/331 340/549/330
f 229/367/253 228/366/247 346/551/332 343/550/331
f 228/360/247 227/354/243 349/552/333 346/553/332
f 227/354/243 226/350/239 352/554/334 349/552/333
f 226/350/239 225/346/235 355/555/335 352/554/334
f 225/346/235 224/342/231 358/556/336 355/555/335
f 224/342/231 223/337/227 361/557/337 358/556/336
f 223/337/227 222/336/224 364/558/338 361/557/337
f 222/332/224 221/328/221 367/559/339 364/560/338
f 221/328/221 220/324/217 370/561/340 367/559/339
f 220/324/217 219/315/208 373/562/341 370/561/340
f 219/315/208 218/314/207 376/563/342 373/562/341
f 218/314/207 217/376/261 379/564/343 376/563/342
f 217/376/261 216/370/255 382/565/344 379/564/343
f 216/370/255 215/362/249 385/566/345 382/565/344
f 215/362/249 214/357/245 388/567/346 385/566/345
f 214/357/245 213/356/241 391/568/347 388/567/346
f 213/352/241 212/348/237 394/569/348 391/570/347
f 212/348/237 211/344/233 397/571/349 394/569/348
f 211/344/233 210/340/229 400/572/350 397/571/349
f 210/340/229 209/334/225 403/573/351 400/572/350
f 209/334/225 208/330/222 406/574/352 403/573/351
f 208/330/222 207/326/219 409/575/353 406/574/352
f 207/326/219 206/319/212 412/576/354 409/575/353
f 206/319/212 205/318/211 415/577/355 412/576/354
f 205/318/211 204/379/263 418/578/356 415/577/355
f 204/579/263 203/372/257 421/580/357 418/581/356
f 203/372/257 201/364/251 424/582/358 421/580/357
f 201/364/251 202/322/215 329/548/329 424/582/358
f 329/583/329 334/584/328 333/585/359 330/586/360
f 330/587/360 333/588/359 332/589/361 331/590/362
f 331/590/362 332/589/361 200/279/180 170/194/139
f 334/584/328 337/591/327 336/592/363 333/585/359
f 333/588/359 336/593/363 335/594/364 332/589/361
f 332/589/361 335/594/364 199/275/177 200/279/180
f 337/591/327 340/595/330 339/596/365 336/592/363
f 336/593/363 339/597/365 338/598/366 335/594/364
f 335/594/364 338/598/366 198/270/174 199/275/177
f 340/595/330 343/599/331 342/600/367 339/596/365
f 339/597/365 342/601/367 341/602/368 338/598/366
f 338/598/366 341/602/368 197/271/169 198/270/174
f 343/599/331 346/603/332 345/604/369 342/600/367
f 342/605/367 345/606/369 344/607/370 341/608/368
f 341/608/368 344/607/370 196/264/170 197/263/169
f 346/609/332 349/610/333 348/21/371 345/611/369
f 345/606/369 348/612/371 347/613/372 344/607/370
f 344/607/370 347/613/372 195/304/197 196/264/170
f 349/552/333 352/554/334 351/614/373 348/612/371
f 348/612/371 351/614/373 350/615/374 347/613/372
f 347/613/372 350/615/374 194/301/195 195/304/197
f 352/554/334 355/555/335 354/616/375 351/614/373
f 351/614/373 354/616/375 353/617/376 350/615/374
f 350/615/374 353/617/376 193/299/193 194/301/195
f 355/555/335 358/556/336 357/618/377 354/616/375
f 354/616/375 357/618/377 356/619/378 353/617/376
f 353/617/376 356/619/378 192/297/191 193/299/193
f 358/556/336 361/557/337 360/620/379 357/618/377
f 357/618/377 360/620/379 359/621/380 356/619/378
f 356/619/378 359/621/380 191/294/189 192/297/191
f 361/557/337 364/558/338 363/622/381 360/620/379
f 360/620/379 363/622/381 362/623/382 359/621/380
f 359/621/380 362/623/382 190/295/187 191/294/189
f 364/560/338 367/559/339 366/624/383 363/625/381
f 363/626/381 366/627/383 365/628/384 362/629/382
f 362/629/382 365/628/384 189/289/185 190/292/187
f 367/559/339 370/561/340 369/630/385 366/624/383
f 366/627/383 369/631/385 368/632/386 365/628/384
f 365/628/384 368/632/386 188/285/183 189/289/185
f 370/633/340 373/634/341 372/635/387 369/631/385
f 369/631/385 372/635/387 371/636/388 368/632/386
f 368/632/386 371/636/388 187/281/181 188/285/183
f 373/634/341 376/637/342 375/638/389 372/635/387
f 372/635/387 375/638/389 374/639/390 371/636/388
f 371/636/388 374/639/390 186/277/178 187/281/181
f 376/637/342 379/640/343 378/641/391 375/638/389
f 375/638/389 378/641/391 377/642/392 374/639/390
f 374/639/390 377/642/392 185/272/175 186/277/178
f 379/640/343 382/643/344 381/644/393 378/641/391
f 378/641/391 381/644/393 380/645/394 377/642/392
f 377/642/392 380/645/394 184/265/171 185/272/175
f 382/643/344 385/646/345 384/647/395 381/644/393
f 381/644/393 384/647/395 383/648/396 380/645/394
f 380/645/394 383/648/396 183/266/172 184/265/171
f 385/646/345 388/649/346 387/650/397 384/647/395
f 384/647/395 387/650/397 386/651/398 383/648/396
f 383/648/396 386/651/398 182/305/198 183/266/172
f 388/649/346 391/652/347 390/653/399 387/650/397
f 387/650/397 390/653/399 389/654/400 386/651/398
f 386/651/398 389/654/400 181/302/196 182/305/198
f 391/570/347 394/569/348 393/655/401 390/656/399
f 390/653/399 393/657/401 392/658/402 389/654/400
f 389/654/400 392/658/402 180/303/194 181/302/196
f 394/569/348 397/571/349 396/659/403 393/655/401
f 393/655/401 396/659/403 395/660/404 392/661/402
f 392/661/402 395/660/404 179/298/192 180/300/194
f 397/571/349 400/572/350 399/662/405 396/659/403
f 396/659/403 399/662/405 398/663/406 395/660/404
f 395/660/404 398/663/406 178/296/190 179/298/192
f 400/572/350 403/573/351 402/664/407 399/662/405
f 399/662/405 402/664/407 401/665/408 398/663/406
f 398/663/406 401/665/408 177/293/188 178/296/190
f 403/573/351 406/574/352 405/666/409 402/664/407
f 402/664/407 405/666/409 404/667/410 401/665/408
f 401/665/408 404/667/410 176/290/186 177/293/188
f 406/574/352 409/575/353 408/668/411 405/666/409
f 405/666/409 408/668/411 407/669/412 404/667/410
f 404/667/410 407/669/412 175/286/184 176/290/186
f 409/575/353 412/576/354 411/670/413 408/668/411
f 408/668/411 411/670/413 410/671/414 407/669/412
f 407/669/412 410/671/414 174/287/182 175/286/184
f 412/672/354 415/673/355 414/674/415 411/675/413
f 411/676/413 414/677/415 413/678/416 410/679/414
f 410/679/414 413/678/416 173/278/179 174/283/182
f 415/673/355 418/680/356 417/681/417 414/674/415
f 414/677/415 417/682/417 416/683/418 413/678/416
f 413/678/416 416/683/418 172/273/176 173/278/179
f 418/680/356 421/684/357 420/685/419 417/681/417
f 417/682/417 420/686/419 419/687/420 416/683/418
f 416/683/418 419/687/420 171/267/173 172/273/176
f 421/684/357 424/688/358 423/689/421 420/685/419
f 420/686/419 423/690/421 422/691/422 419/687/420
f 419/687/420 422/691/422 169/193/138 171/267/173
f 424/688/358 329/583/329 330/586/360 423/689/421
f 423/690/421 330/587/360 331/590/362 422/691/422
f 422/691/422 331/590/362 170/194/139 169/193/138
f 426/692/423 425/693/424 456/694/424 455/695/425 454/696/425 453/697/426 452/698/427 451/699/428 450/700/428 449/701/9 448/702/9 447/703/8 446/704/8 445/705/8 444/706/423 443/707/423 442/708/423 441/709/424 440/710/424 439/711/425 438/712/425 437/713/426 436/714/427 435/715/428 434/716/428 433/717/9 432/718/9 431/719/8 430/720/8 429/721/8 428/722/423 427/723/423
f 479/724/429 480/725/430 544/726/431 543/727/432
s 0
f 425/693/433 426/692/434 457/728/435 458/729/436
f 452/698/437 453/697/438 485/730/439 484/731/440
f 439/711/441 440/710/442 472/732/443 471/733/444
f 426/692/445 427/723/446 459/734/447 457/728/448
f 453/697/449 454/696/450 486/735/451 485/730/452
f 440/710/453 441/709/454 473/736/455 472/732/456
f 427/723/457 428/722/458 460/737/459 459/734/460
f 454/696/461 455/695/462 487/738/463 486/735/464
f 441/709/465 442/708/466 474/739/467 473/736/468
f 428/722/469 429/721/470 461/740/471 460/737/472
f 455/695/473 456/694/474 488/741/475 487/738/476
f 442/708/477 443/707/478 475/742/479 474/739/480
f 429/721/481 430/720/482 462/743/483 461/740/484
f 456/694/485 425/693/486 458/729/487 488/741/488
f 443/707/489 444/706/490 476/744/491 475/742/492
f 430/720/493 431/719/494 463/745/495 462/743/496
f 444/706/497 445/705/498 477/746/499 476/744/500
f 431/719/501 432/718/502 464/747/503 463/745/504
f 445/705/505 446/704/506 478/748/507 477/746/508
f 432/718/509 433/717/510 465/749/511 464/747/512
f 446/704/513 447/703/514 479/750/515 478/748/516
f 433/717/517 434/716/518 466/751/519 465/749/520
f 447/703/521 448/702/522 480/752/523 479/750/524
f 434/716/525 435/715/526 467/753/527 466/751/528
f 448/702/529 449/701/530 481/754/531 480/752/532
f 435/715/533 436/714/534 468/755/535 467/753/536
f 449/701/537 450/700/538 482/756/539 481/754/540
f 436/714/541 437/713/542 469/757/543 468/755/544
f 450/700/545 451/699/546 483/758/547 482/756/548
f 437/713/549 438/712/550 470/759/551 469/757/552
f 451/699/553 452/698/554 484/731/555 483/758/556
f 438/712/557 439/711/558 471/733/559 470/759/560
s 1
f 554/760/561 584/761/562 520/762/563 490/763/564
f 466/764/565 467/765/566 531/766/567 530/767/568
f 480/725/430 481/768/569 545/769/570 544/726/431
f 467/765/566 468/770/571 532/771/572 531/766/567
f 481/768/569 482/772/573 546/773/574 545/769/570
f 468/770/571 469/774/575 533/775/576 532/771/572
f 482/772/573 483/776/577 547/777/578 546/773/574
f 469/778/575 470/779/579 534/780/580 533/781/576
f 483/776/577 484/782/581 548/783/582 547/777/578
f 470/779/579 471/784/583 535/785/584 534/780/580
f 458/786/585 457/787/586 521/788/587 522/789/588
f 484/782/581 485/790/589 549/791/590 548/783/582
f 471/784/583 472/792/591 536/793/592 535/785/584
f 457/787/586 459/794/593 523/795/594 521/788/587
f 485/790/589 486/796/595 550/797/596 549/791/590
f 472/792/591 473/798/597 537/799/598 536/793/592
f 459/794/593 460/800/599 524/801/600 523/795/594
f 486/796/595 487/802/601 551/803/602 550/797/596
f 473/798/597 474/804/603 538/805/604 537/799/598
f 460/800/599 461/806/605 525/807/606 524/801/600
f 487/808/601 488/809/607 552/810/608 551/811/602
f 474/804/603 475/812/609 539/813/610 538/805/604
f 461/806/605 462/814/611 526/815/612 525/807/606
f 488/809/607 458/786/585 522/789/588 552/810/608
f 475/812/609 476/816/613 540/817/614 539/813/610
f 462/814/611 463/818/615 527/819/616 526/815/612
f 476/816/613 477/820/617 541/821/618 540/817/614
f 463/822/615 464/823/619 528/824/620 527/825/616
f 477/826/617 478/827/621 542/828/622 541/829/618
f 464/823/619 465/830/623 529/831/624 528/824/620
f 478/827/621 479/724/429 543/727/432 542/828/622
f 465/830/623 466/764/565 530/767/568 529/831/624
f 489/832/625 490/763/564 522/833/588 521/834/587
f 491/835/626 489/832/625 521/834/587 523/836/594
f 492/837/627 491/835/626 523/836/594 524/838/600
f 493/839/628 492/837/627 524/838/600 525/840/606
f 494/841/629 493/839/628 525/840/606 526/842/612
f 495/843/630 494/841/629 526/842/612 527/844/616
f 496/845/631 495/843/630 527/844/616 528/846/620
f 497/847/632 496/845/631 528/846/620 529/848/624
f 498/849/633 497/847/632 529/848/624 530/850/568
f 499/851/634 498/849/633 530/850/568 531/852/567
f 500/853/635 499/851/634 531/852/567 532/854/572
f 501/855/636 500/853/635 532/854/572 533/856/576
f 502/857/637 501/855/636 533/856/576 534/858/580
f 503/859/638 502/857/637 534/858/580 535/860/584
f 504/861/639 503/859/638 535/860/584 536/862/592
f 505/863/640 504/861/639 536/862/592 537/864/598
f 506/865/641 505/863/640 537/864/598 538/866/604
f 507/867/642 506/865/641 538/866/604 539/868/610
f 508/869/643 507/867/642 539/868/610 540/870/614
f 509/871/644 508/869/643 540/870/614 541/872/618
f 510/873/645 509/871/644 541/872/618 542/874/622
f 511/875/646 510/873/645 542/874/622 543/876/432
f 512/877/647 511/875/646 543/876/432 544/878/431
f 513/879/648 512/877/647 544/878/431 545/880/570
f 514/881/649 513/879/648 545/880/570 546/882/574
f 515/883/650 514/881/649 546/882/574 547/884/578
f 516/885/651 515/883/650 547/884/578 548/886/582
f 517/887/652 516/885/651 548/886/582 549/888/590
f 518/889/653 517/887/652 549/888/590 550/890/596
f 519/891/654 518/889/653 550/890/596 551/892/602
f 520/762/563 519/891/654 551/892/602 552/893/608
f 490/763/564 520/762/563 552/893/608 522/833/588
f 554/760/561 553/894/655 585/895/656 586/896/657
f 584/761/562 583/897/658 519/891/654 520/762/563
f 583/897/658 582/898/659 518/889/653 519/891/654
f 582/898/659 581/899/660 517/887/652 518/889/653
f 581/900/660 580/901/661 516/902/651 517/903/652
f 580/901/661 579/904/662 515/905/650 516/902/651
f 579/904/662 578/906/663 514/907/649 515/905/650
f 578/906/663 577/908/664 513/909/648 514/907/649
f 577/908/664 576/910/665 512/911/647 513/909/648
f 576/910/665 575/912/666 511/913/646 512/911/647
f 575/912/666 574/914/667 510/915/645 511/913/646
f 574/914/667 573/916/668 509/917/644 510/915/645
f 573/918/668 572/919/669 508/920/643 509/921/644
f 572/922/669 571/923/670 507/924/642 508/925/643
f 571/923/670 570/926/671 506/927/641 507/924/642
f 570/926/671 569/928/672 505/929/640 506/927/641
f 569/928/672 568/930/673 504/931/639 505/929/640
f 568/930/673 567/932/674 503/933/638 504/931/639
f 567/932/674 566/934/675 502/935/637 503/933/638
f 566/934/675 565/936/676 501/937/636 502/935/637
f 565/938/676 564/939/677 500/940/635 501/941/636
f 564/939/677 563/942/678 499/943/634 500/940/635
f 563/942/678 562/944/679 498/945/633 499/943/634
f 562/944/679 561/946/680 497/947/632 498/945/633
f 561/946/680 560/948/681 496/949/631 497/947/632
f 560/948/681 559/950/682 495/951/630 496/949/631
f 559/952/682 558/953/683 494/954/629 495/955/630
f 558/953/683 557/956/684 493/957/628 494/954/629
f 557/956/684 556/958/685 492/959/627 493/957/628
f 556/958/685 555/960/686 491/961/626 492/959/627
f 555/962/686 553/894/655 489/832/625 491/835/626
f 553/894/655 554/760/561 490/763/564 489/832/625
f 580/963/661 581/899/660 613/964/687 612/965/688
f 567/966/674 568/967/673 600/968/689 599/969/690
f 553/894/655 555/962/686 587/970/691 585/895/656
f 581/899/660 582/898/659 614/971/692 613/964/687
f 568/967/673 569/972/672 601/973/693 600/968/689
f 555/962/686 556/974/685 588/975/694 587/970/691
f 582/898/659 583/897/658 615/976/695 614/971/692
f 569/972/672 570/977/671 602/978/696 601/973/693
f 556/974/685 557/979/684 589/980/697 588/975/694
f 583/897/658 584/761/562 616/981/698 615/976/695
f 570/977/671 571/982/670 603/983/699 602/978/696
f 557/984/684 558/985/683 590/986/700 589/987/697
f 584/761/562 554/760/561 586/896/657 616/981/698
f 571/982/670 572/919/669 604/988/701 603/983/699
f 558/985/683 559/950/682 591/989/702 590/986/700
f 572/919/669 573/918/668 605/990/703 604/988/701
f 559/950/682 560/948/681 592/991/704 591/989/702
f 573/916/668 574/914/667 606/992/705 605/993/703
f 560/948/681 561/946/680 593/994/706 592/991/704
f 574/914/667 575/912/666 607/995/707 606/992/705
f 561/946/680 562/944/679 594/996/708 593/994/706
f 575/912/666 576/910/665 608/997/709 607/995/707
f 562/944/679 563/942/678 595/998/710 594/996/708
f 576/910/665 577/908/664 609/999/711 608/997/709
f 563/942/678 564/939/677 596/1000/712 595/998/710
f 577/908/664 578/906/663 610/1001/713 609/999/711
f 564/1002/677 565/1003/676 597/1004/714 596/1005/712
f 578/906/663 579/904/662 611/1006/715 610/1001/713
f 565/1003/676 566/1007/675 598/1008/716 597/1004/714
f 579/904/662 580/901/661 612/1009/688 611/1006/715
f 566/1007/675 567/966/674 599/969/690 598/1008/716
f 647/1010/717 648/1011/718 680/1012/719 679/1013/720
f 669/1014/721 670/1015/722 702/1016/723 701/1017/724
f 634/1018/725 635/1019/726 667/1020/727 666/1021/728
f 621/1022/729 622/1023/730 654/1024/731 653/1025/732
f 648/1011/718 618/1026/733 650/1027/734 680/1012/719
f 635/1028/726 636/1029/735 668/1030/736 667/1031/727
f 622/1023/730 623/1032/737 655/1033/738 654/1024/731
f 636/1029/735 637/1034/739 669/1035/721 668/1030/736
f 623/1032/737 624/1036/740 656/1037/741 655/1033/738
f 637/1034/739 638/1038/742 670/1039/722 669/1035/721
f 624/1036/740 625/1040/743 657/1041/744 656/1037/741
f 638/1038/742 639/1042/745 671/1043/746 670/1039/722
f 625/1040/743 626/1044/747 658/1045/748 657/1041/744
f 639/1042/745 640/1046/749 672/1047/750 671/1043/746
f 626/1044/747 627/1048/751 659/1049/752 658/1045/748
f 640/1046/749 641/1050/753 673/1051/754 672/1047/750
f 627/1052/751 628/1053/755 660/1054/756 659/1055/752
f 641/1050/753 642/1056/757 674/1057/758 673/1051/754
f 628/1053/755 629/1058/759 661/1059/760 660/1054/756
f 642/1056/757 643/1060/761 675/1061/762 674/1057/758
f 629/1058/759 630/1062/763 662/1063/764 661/1059/760
f 643/1060/761 644/1064/765 676/1065/766 675/1061/762
f 630/1062/763 631/1066/767 663/1067/768 662/1063/764
f 618/1026/733 617/1068/769 649/1069/770 650/1027/734
f 644/1064/765 645/1070/771 677/1071/772 676/1065/766
f 631/1066/767 632/1072/773 664/1073/774 663/1067/768
f 617/1068/769 619/1074/775 651/1075/776 649/1069/770
f 645/1076/771 646/1077/777 678/1078/778 677/1079/772
f 632/1072/773 633/1080/779 665/1081/780 664/1073/774
f 619/1074/775 620/1082/781 652/1083/782 651/1075/776
f 646/1077/777 647/1010/717 679/1013/720 678/1078/778
f 633/1080/779 634/1018/725 666/1021/728 665/1081/780
f 620/1082/781 621/1084/729 653/1085/732 652/1083/782
f 704/1086/783 705/1087/784 737/1088/785 736/1089/786
f 656/1090/741 657/1091/744 689/1092/787 688/1093/788
f 670/1015/722 671/1094/746 703/1095/789 702/1016/723
f 657/1091/744 658/1096/748 690/1097/790 689/1092/787
f 671/1094/746 672/1098/750 704/1099/783 703/1095/789
f 658/1096/748 659/1100/752 691/1101/791 690/1097/790
f 672/1098/750 673/1102/754 705/1103/784 704/1099/783
f 659/1100/752 660/1104/756 692/1105/792 691/1101/791
f 673/1102/754 674/1106/758 706/1107/793 705/1103/784
f 660/1104/756 661/1108/760 693/1109/794 692/1105/792
f 674/1106/758 675/1110/762 707/1111/795 706/1107/793
f 661/1108/760 662/1112/764 694/1113/796 693/1109/794
f 675/1110/762 676/1114/766 708/1115/797 707/1111/795
f 662/1112/764 663/1116/768 695/1117/798 694/1113/796
f 650/1118/734 649/1119/770 681/1120/799 682/1121/800
f 676/1114/766 677/1122/772 709/1123/801 708/1115/797
f 663/1116/768 664/1124/774 696/1125/802 695/1117/798
f 649/1119/770 651/1126/776 683/1127/803 681/1120/799
f 677/1122/772 678/1128/778 710/1129/804 709/1123/801
f 664/1124/774 665/1130/780 697/1131/805 696/1125/802
f 651/1126/776 652/1132/782 684/1133/806 683/1127/803
f 678/1128/778 679/1134/720 711/1135/807 710/1129/804
f 665/1130/780 666/1136/728 698/1137/808 697/1131/805
f 652/1132/782 653/1138/732 685/1139/809 684/1133/806
f 679/1134/720 680/1140/719 712/1141/810 711/1135/807
f 666/1136/728 667/1142/727 699/1143/811 698/1137/808
f 653/1138/732 654/1144/731 686/1145/812 685/1139/809
f 680/1140/719 650/1118/734 682/1121/800 712/1141/810
f 667/1142/727 668/1146/736 700/1147/813 699/1143/811
f 654/1144/731 655/1148/738 687/1149/814 686/1145/812
f 668/1146/736 669/1014/721 701/1017/724 700/1147/813
f 655/1148/738 656/1090/741 688/1093/788 687/1149/814
f 713/1150/815 715/1151/816 716/1152/817 717/1153/818 718/1154/819 719/1155/820 720/1156/821 721/1157/822 722/1158/823 723/1159/824 724/1160/825 725/1161/826 726/1162/827 727/1163/828 728/1164/829 729/1165/830 730/1166/831 731/1167/832 732/1168/833 733/1169/834 734/1170/835 735/1171/836 736/1172/786 737/1173/785 738/1174/837 739/1175/838 740/1176/839 741/1177/840 742/1178/841 743/1179/842 744/1180/843 714/1181/844
f 691/1182/791 692/1183/792 724/1184/825 723/1185/824
f 705/1087/784 706/1186/793 738/1187/837 737/1088/785
f 692/1183/792 693/1188/794 725/1189/826 724/1184/825
f 706/1186/793 707/1190/795 739/1191/838 738/1187/837
f 693/1188/794 694/1192/796 726/1193/827 725/1189/826
f 707/1190/795 708/1194/797 740/1195/839 739/1191/838
f 694/1192/796 695/1196/798 727/1197/828 726/1193/827
f 682/1198/800 681/1199/799 713/1200/815 714/1201/844
f 708/1194/797 709/1202/801 741/1203/840 740/1195/839
f 695/1196/798 696/1204/802 728/1205/829 727/1197/828
f 681/1199/799 683/1206/803 715/1207/816 713/1200/815
f 709/1208/801 710/1209/804 742/1210/841 741/1211/840
f 696/1204/802 697/1212/805 729/1213/830 728/1205/829
f 683/1206/803 684/1214/806 716/1215/817 715/1207/816
f 710/1209/804 711/1216/807 743/1217/842 742/1210/841
f 697/1212/805 698/1218/808 730/1219/831 729/1213/830
f 684/1214/806 685/1220/809 717/1221/818 716/1215/817
f 711/1216/807 712/1222/810 744/1223/843 743/1217/842
f 698/1218/808 699/1224/811 731/1225/832 730/1219/831
f 685/1226/809 686/1227/812 718/1228/819 717/1229/818
f 712/1222/810 682/1198/800 714/1201/844 744/1223/843
f 699/1230/811 700/1231/813 732/1232/833 731/1233/832
f 686/1227/812 687/1234/814 719/1235/820 718/1228/819
f 700/1231/813 701/1236/724 733/1237/834 732/1232/833
f 687/1234/814 688/1238/788 720/1239/821 719/1235/820
f 701/1236/724 702/1240/723 734/1241/835 733/1237/834
f 688/1238/788 689/1242/787 721/1243/822 720/1239/821
f 702/1240/723 703/1244/789 735/1245/836 734/1241/835
f 689/1242/787 690/1246/790 722/1247/823 721/1243/822
f 703/1244/789 704/1086/783 736/1089/786 735/1245/836
f 690/1246/790 691/1248/791 723/1249/824 722/1247/823
f 648/1011/718 647/1010/717 753/1250/845 750/1251/846
f 618/1026/733 648/1011/718 750/1251/846 745/1252/847
f 647/1010/717 646/1077/777 756/1253/848 753/1250/845
f 646/1077/777 645/1076/771 759/1254/849 756/1253/848
f 645/1070/771 644/1064/765 762/1255/850 759/1256/849
f 644/1064/765 643/1060/761 765/1257/851 762/1255/850
f 643/1060/761 642/1056/757 768/1258/852 765/1257/851
f 642/1056/757 641/1050/753 771/1259/853 768/1258/852
f 641/1050/753 640/1046/749 774/1260/854 771/1259/853
f 640/1046/749 639/1042/745 777/1261/855 774/1260/854
f 639/1042/745 638/1038/742 780/1262/856 777/1261/855
f 638/1038/742 637/1034/739 783/1263/857 780/1262/856
f 637/1034/739 636/1029/735 786/1264/858 783/1263/857
f 636/1029/735 635/1028/726 789/1265/859 786/1264/858
f 635/1019/726 634/1018/725 792/1266/860 789/1267/859
f 634/1018/725 633/1080/779 795/1268/861 792/1266/860
f 633/1080/779 632/1072/773 798/1269/862 795/1268/861
f 632/1072/773 631/1066/767 801/1270/863 798/1269/862
f 631/1066/767 630/1062/763 804/1271/864 801/1270/863
f 630/1062/763 629/1058/759 807/1272/865 804/1271/864
f 629/1058/759 628/1053/755 810/1273/866 807/1272/865
f 628/1053/755 627/1052/751 813/1274/867 810/1273/866
f 627/1048/751 626/1044/747 816/1275/868 813/1276/867
f 626/1044/747 625/1040/743 819/1277/869 816/1275/868
f 625/1040/743 624/1036/740 822/1278/870 819/1277/869
f 624/1036/740 623/1032/737 825/1279/871 822/1278/870
f 623/1032/737 622/1023/730 828/1280/872 825/1279/871
f 622/1023/730 621/1022/729 831/1281/873 828/1280/872
f 621/1084/729 620/1082/781 834/1282/874 831/1283/873
f 620/1082/781 619/1074/775 837/1284/875 834/1282/874
f 619/1074/775 617/1068/769 840/1285/876 837/1284/875
f 617/1068/769 618/1026/733 745/1252/847 840/1285/876
f 745/1286/847 750/1287/846 749/1288/877 746/1289/878
f 746/1290/878 749/1291/877 748/1292/879 747/1293/880
f 747/1293/880 748/1292/879 616/981/698 586/896/657
f 750/1287/846 753/1294/845 752/1295/881 749/1288/877
f 749/1291/877 752/1296/881 751/1297/882 748/1292/879
f 748/1292/879 751/1297/882 615/976/695 616/981/698
f 753/1294/845 756/1298/848 755/1299/883 752/1295/881
f 752/1296/881 755/1300/883 754/1301/884 751/1297/882
f 751/1297/882 754/1301/884 614/971/692 615/976/695
f 756/1298/848 759/1302/849 758/1303/885 755/1299/883
f 755/1300/883 758/1304/885 757/1305/886 754/1301/884
f 754/1301/884 757/1305/886 613/964/687 614/971/692
f 759/1302/849 762/1306/850 761/1307/887 758/1303/885
f 758/1304/885 761/1308/887 760/1309/888 757/1305/886
f 757/1305/886 760/1309/888 612/965/688 613/964/687
f 762/1255/850 765/1257/851 764/1310/889 761/1311/887
f 761/1311/887 764/1310/889 763/1312/890 760/1313/888
f 760/1313/888 763/1312/890 611/1006/715 612/1009/688
f 765/1257/851 768/1258/852 767/1314/891 764/1310/889
f 764/1310/889 767/1314/891 766/1315/892 763/1312/890
f 763/1312/890 766/1315/892 610/1001/713 611/1006/715
f 768/1258/852 771/1259/853 770/1316/893 767/1314/891
f 767/1314/891 770/1316/893 769/1317/894 766/1315/892
f 766/1315/892 769/1317/894 609/999/711 610/1001/713
f 771/1259/853 774/1260/854 773/1318/895 770/1316/893
f 770/1316/893 773/1318/895 772/1319/896 769/1317/894
f 769/1317/894 772/1319/896 608/997/709 609/999/711
f 774/1260/854 777/1261/855 776/1320/897 773/1318/895
f 773/1318/895 776/1320/897 775/1321/898 772/1319/896
f 772/1319/896 775/1321/898 607/995/707 608/997/709
f 777/1261/855 780/1262/856 779/1322/899 776/1320/897
f 776/1320/897 779/1322/899 778/1323/900 775/1321/898
f 775/1321/898 778/1323/900 606/992/705 607/995/707
f 780/1262/856 783/1263/857 782/1324/901 779/1322/899
f 779/1325/899 782/1326/901 781/1327/902 778/1328/900
f 778/1328/900 781/1327/902 605/990/703 606/1329/705
f 783/1263/857 786/1264/858 785/1330/903 782/1324/901
f 782/1326/901 785/1331/903 784/1332/904 781/1327/902
f 781/1327/902 784/1332/904 604/988/701 605/990/703
f 786/1333/858 789/1334/859 788/1335/905 785/1331/903
f 785/1331/903 788/1335/905 787/1336/906 784/1332/904
f 784/1332/904 787/1336/906 603/983/699 604/988/701
f 789/1334/859 792/1337/860 791/1338/907 788/1335/905
f 788/1335/905 791/1338/907 790/1339/908 787/1336/906
f 787/1336/906 790/1339/908 602/978/696 603/983/699
f 792/1337/860 795/1340/861 794/1341/909 791/1338/907
f 791/1338/907 794/1341/909 793/1342/910 790/1339/908
f 790/1339/908 793/1342/910 601/973/693 602/978/696
f 795/1340/861 798/1343/862 797/1344/911 794/1341/909
f 794/1341/909 797/1344/911 796/1345/912 793/1342/910
f 793/1342/910 796/1345/912 600/968/689 601/973/693
f 798/1343/862 801/1346/863 800/1347/913 797/1344/911
f 797/1344/911 800/1347/913 799/1348/914 796/1345/912
f 796/1345/912 799/1348/914 599/969/690 600/968/689
f 801/1346/863 804/1349/864 803/1350/915 800/1347/913
f 800/1347/913 803/1350/915 802/1351/916 799/1348/914
f 799/1348/914 802/1351/916 598/1008/716 599/969/690
f 804/1271/864 807/1272/865 806/1352/917 803/1353/915
f 803/1350/915 806/1354/917 805/1355/918 802/1351/916
f 802/1351/916 805/1355/918 597/1004/714 598/1008/716
f 807/1272/865 810/1273/866 809/1356/919 806/1352/917
f 806/1354/917 809/1357/919 808/1358/920 805/1355/918
f 805/1355/918 808/1358/920 596/1005/712 597/1004/714
f 810/1359/866 813/1276/867 812/1360/921 809/1361/919
f 809/1361/919 812/1360/921 811/1362/922 808/1363/920
f 808/1363/920 811/1362/922 595/998/710 596/1000/712
f 813/1276/867 816/1275/868 815/1364/923 812/1360/921
f 812/1360/921 815/1364/923 814/1365/924 811/1362/922
f 811/1362/922 814/1365/924 594/996/708 595/998/710
f 816/1275/868 819/1277/869 818/1366/925 815/1364/923
f 815/1364/923 818/1366/925 817/1367/926 814/1365/924
f 814/1365/924 817/1367/926 593/994/706 594/996/708
f 819/1277/869 822/1278/870 821/1368/927 818/1366/925
f 818/1366/925 821/1368/927 820/1369/928 817/1367/926
f 817/1367/926 820/1369/928 592/991/704 593/994/706
f 822/1278/870 825/1279/871 824/1370/929 821/1368/927
f 821/1368/927 824/1370/929 823/1371/930 820/1369/928
f 820/1369/928 823/1371/930 591/989/702 592/991/704
f 825/1279/871 828/1280/872 827/1372/931 824/1370/929
f 824/1370/929 827/1372/931 826/1373/932 823/1371/930
f 823/1371/930 826/1373/932 590/986/700 591/989/702
f 828/1374/872 831/1375/873 830/1376/933 827/1377/931
f 827/1372/931 830/1378/933 829/1379/934 826/1373/932
f 826/1373/932 829/1379/934 589/987/697 590/986/700
f 831/1375/873 834/1380/874 833/1381/935 830/1376/933
f 830/1382/933 833/1383/935 832/1384/936 829/1385/934
f 829/1385/934 832/1384/936 588/975/694 589/980/697
f 834/1380/874 837/1386/875 836/1387/937 833/1381/935
f 833/1383/935 836/1388/937 835/1389/938 832/1384/936
f 832/1384/936 835/1389/938 587/970/691 588/975/694
f 837/1386/875 840/1390/876 839/1391/939 836/1387/937
f 836/1388/937 839/1392/939 838/1393/940 835/1389/938
f 835/1389/938 838/1393/940 585/895/656 587/970/691
f 840/1390/876 745/1286/847 746/1289/878 839/1391/939
f 839/1392/939 746/1290/878 747/1293/880 838/1393/940
f 838/1393/940 747/1293/880 586/896/657 585/895/656
f 842/1394/3 841/1395/3 872/1396/3 871/1397/3 870/1398/3 869/1399/3 868/1400/3 867/1401/3 866/1402/3 865/1403/3 864/1404/3 863/1405/3 862/1406/3 861/1407/3 860/1408/3 859/1409/3 858/1410/3 857/1411/3 856/1412/3 855/1413/3 854/1414/3 853/1415/3 852/1416/3 851/1417/3 850/1418/3 849/1419/3 848/1420/3 847/1421/3 846/1422/3 845/1423/3 844/1424/3 843/1425/3
f 895/1426/941 896/1427/942 960/1428/943 959/1429/944
s 0
f 841/1395/945 842/1394/946 873/1430/947 874/1431/948
f 868/1400/949 869/1399/950 901/1432/951 900/1433/952
f 855/1413/953 856/1412/954 888/1434/955 887/1435/956
f 842/1394/957 843/1425/958 875/1436/959 873/1430/960
f 869/1399/961 870/1398/962 902/1437/963 901/1432/964
f 856/1412/965 857/1411/966 889/1438/967 888/1434/968
f 843/1425/969 844/1424/970 876/1439/971 875/1436/972
f 870/1398/973 871/1397/974 903/1440/975 902/1437/976
f 857/1411/977 858/1410/978 890/1441/979 889/1438/980
f 844/1424/981 845/1423/982 877/1442/983 876/1439/984
f 871/1397/985 872/1396/986 904/1443/987 903/1440/988
f 858/1410/989 859/1409/990 891/1444/991 890/1441/992
f 845/1423/993 846/1422/994 878/1445/995 877/1442/996
f 872/1396/997 841/1395/998 874/1431/999 904/1443/1000
f 859/1409/1001 860/1408/1002 892/1446/1003 891/1444/1004
f 846/1422/1005 847/1421/1006 879/1447/1007 878/1445/1008
f 860/1408/1009 861/1407/1010 893/1448/1011 892/1446/1012
f 847/1421/1013 848/1420/1014 880/1449/1015 879/1447/1016
f 861/1407/1017 862/1406/1018 894/1450/1019 893/1448/1020
f 848/1420/1021 849/1419/1022 881/1451/1023 880/1449/1024
f 862/1406/1025 863/1405/1026 895/1452/1027 894/1450/1028
f 849/1419/1029 850/1418/1030 882/1453/1031 881/1451/1032
f 863/1405/1033 864/1404/1034 896/1454/1035 895/1452/1036
f 850/1418/1037 851/1417/1038 883/1455/1039 882/1453/1040
f 864/1404/1041 865/1403/1042 897/1456/1043 896/1454/1044
f 851/1417/1045 852/1416/1046 884/1457/1047 883/1455/1048
f 865/1403/1049 866/1402/1050 898/1458/1051 897/1456/1052
f 852/1416/1053 853/1415/1054 885/1459/1055 884/1457/1056
f 866/1402/1057 867/1401/1058 899/1460/1059 898/1458/1060
f 853/1415/1061 854/1414/1062 886/1461/1063 885/1459/1064
f 867/1401/1065 868/1400/1066 900/1433/1067 899/1460/1068
f 854/1414/1069 855/1413/1070 887/1435/1071 886/1461/1072
s 1
f 970/1462/1073 1000/1463/1074 936/1464/1075 906/1465/1076
f 882/1466/1077 883/1467/1078 947/1468/1079 946/1469/1080
f 896/1427/942 897/1470/1081 961/1471/1082 960/1428/943
f 883/1472/1078 884/1473/1083 948/1474/1084 947/1475/1079
f 897/1470/1081 898/1476/1085 962/1477/1086 961/1471/1082
f 884/1473/1083 885/1478/25 949/1479/1087 948/1474/1084
f 898/1476/1085 899/1480/1088 963/1481/1089 962/1477/1086
f 885/1478/25 886/1482/1090 950/1483/1091 949/1479/1087
f 899/1480/1088 900/1484/1092 964/1485/1093 963/1481/1089
f 886/1482/1090 887/1486/1094 951/1487/1095 950/1483/1091
f 874/1488/1096 873/1489/1097 937/1490/1098 938/1491/1099
f 900/1484/1092 901/1492/32 965/1493/1100 964/1485/1093
f 887/1486/1094 888/1494/1101 952/1495/1102 951/1487/1095
f 873/1489/1097 875/1496/1103 939/1497/1104 937/1490/1098
f 901/1492/32 902/1498/1105 966/1499/1106 965/1493/1100
f 888/1494/1101 889/1500/1107 953/1501/1108 952/1495/1102
f 875/1496/1103 876/1502/46 940/1503/1109 939/1497/1104
f 902/1504/1105 903/1505/1110 967/1506/1111 966/1507/1106
f 889/1500/1107 890/1508/1112 954/1509/1113 953/1501/1108
f 876/1510/46 877/1511/74 941/1512/1114 940/1513/1109
f 903/1505/1110 904/1514/1115 968/1515/1116 967/1506/1111
f 890/1508/1112 891/1516/1117 955/1517/1118 954/1509/1113
f 877/1511/74 878/1518/1119 942/1519/1120 941/1512/1114
f 904/1514/1115 874/1488/1096 938/1491/1099 968/1515/1116
f 891/1516/1117 892/1520/1121 956/1521/1122 955/1517/1118
f 878/1518/1119 879/1522/1123 943/1523/1124 942/1519/1120
f 892/1520/1121 893/1524/1125 957/1525/1126 956/1521/1122
f 879/1522/1123 880/1526/91 944/1527/1127 943/1523/1124
f 893/1528/1125 894/1529/1128 958/1530/1129 957/1531/1126
f 880/1526/91 881/1532/29 945/1533/1130 944/1527/1127
f 894/1529/1128 895/1426/941 959/1429/944 958/1530/1129
f 881/1532/29 882/1466/1077 946/1469/1080 945/1533/1130
f 905/1534/1131 906/1535/1076 938/1536/1099 937/1537/1098
f 907/1538/1132 905/1534/1131 937/1537/1098 939/1539/1104
f 908/1540/1133 907/1538/1132 939/1539/1104 940/1541/1109
f 909/1542/1134 908/1540/1133 940/1541/1109 941/1543/1114
f 910/1544/1135 909/1542/1134 941/1543/1114 942/1545/1120
f 911/1546/1136 910/1544/1135 942/1545/1120 943/1547/1124
f 912/1548/1137 911/1546/1136 943/1547/1124 944/1549/1127
f 913/1550/1138 912/1548/1137 944/1549/1127 945/1551/1130
f 914/1552/1139 913/1550/1138 945/1551/1130 946/1553/1080
f 915/1554/1140 914/1552/1139 946/1553/1080 947/1555/1079
f 916/1556/1141 915/1554/1140 947/1555/1079 948/1557/1084
f 917/1558/1142 916/1556/1141 948/1557/1084 949/1559/1087
f 918/1560/1143 917/1558/1142 949/1559/1087 950/1561/1091
f 919/1562/1144 918/1560/1143 950/1561/1091 951/1563/1095
f 920/1564/1145 919/1562/1144 951/1563/1095 952/1565/1102
f 921/1566/1146 920/1564/1145 952/1565/1102 953/1567/1108
f 922/1568/1147 921/1566/1146 953/1567/1108 954/1569/1113
f 923/1570/1148 922/1568/1147 954/1569/1113 955/1571/1118
f 924/1572/1149 923/1570/1148 955/1571/1118 956/1573/1122
f 925/1574/1150 924/1572/1149 956/1573/1122 957/1575/1126
f 926/1576/1151 925/1574/1150 957/1575/1126 958/1577/1129
f 927/1578/1152 926/1576/1151 958/1577/1129 959/1579/944
f 928/1580/1153 927/1578/1152 959/1579/944 960/1581/943
f 929/1582/1154 928/1580/1153 960/1581/943 961/1583/1082
f 930/1584/1155 929/1582/1154 961/1583/1082 962/1585/1086
f 931/1586/1156 930/1584/1155 962/1585/1086 963/1587/1089
f 932/1588/1157 931/1586/1156 963/1587/1089 964/1589/1093
f 933/1590/1158 932/1588/1157 964/1589/1093 965/1591/1100
f 934/1592/1159 933/1590/1158 965/1591/1100 966/1593/1106
f 935/1594/1160 934/1592/1159 966/1593/1106 967/1595/1111
f 936/1596/1075 935/1594/1160 967/1595/1111 968/1597/1116
f 906/1535/1076 936/1596/1075 968/1597/1116 938/1536/1099
f 970/1598/1073 969/1599/1161 1001/1600/1162 1002/1601/1163
f 1000/1463/1074 999/1602/1164 935/1603/1160 936/1464/1075
f 999/1602/1164 998/1604/1165 934/1605/1159 935/1603/1160
f 998/1604/1165 997/1606/1166 933/1607/1158 934/1605/1159
f 997/1608/1166 996/1609/1167 932/1610/1157 933/1611/1158
f 996/1609/1167 995/1612/1168 931/1613/1156 932/1610/1157
f 995/1612/1168 994/1614/1169 930/1615/1155 931/1613/1156
f 994/1614/1169 993/1616/1170 929/1617/1154 930/1615/1155
f 993/1616/1170 992/1618/1171 928/1619/1153 929/1617/1154
f 992/1618/1171 991/1620/1172 927/1621/1152 928/1619/1153
f 991/1620/1172 990/1622/1173 926/1623/1151 927/1621/1152
f 990/1624/1173 989/1625/1174 925/1626/1150 926/1627/1151
f 989/1625/1174 988/1628/1175 924/1629/1149 925/1626/1150
f 988/1628/1175 987/1630/1176 923/1631/1148 924/1629/1149
f 987/1632/1176 986/1633/1177 922/1634/1147 923/1635/1148
f 986/1633/1177 985/1636/1178 921/1637/1146 922/1634/1147
f 985/1636/1178 984/1638/1179 920/1639/1145 921/1637/1146
f 984/1638/1179 983/1640/1180 919/1641/1144 920/1639/1145
f 983/1640/1180 982/1642/1181 918/1643/1143 919/1641/1144
f 982/1642/1181 981/1644/1182 917/1645/1142 918/1643/1143
f 981/1644/1182 980/1646/1183 916/1647/1141 917/1645/1142
f 980/1646/1183 979/1648/1184 915/1649/1140 916/1647/1141
f 979/1650/1184 978/1651/1185 914/1652/1139 915/1653/1140
f 978/1651/1185 977/1654/1186 913/1655/1138 914/1652/1139
f 977/1654/1186 976/1656/1187 912/1657/1137 913/1655/1138
f 976/1656/1187 975/1658/1188 911/1659/1136 912/1657/1137
f 975/1658/1188 974/1660/1189 910/1661/1135 911/1659/1136
f 974/1660/1189 973/1662/1190 909/1663/1134 910/1661/1135
f 973/1664/1190 972/1665/1191 908/1666/1133 909/1667/1134
f 972/1665/1191 971/1668/1192 907/1669/1132 908/1666/1133
f 971/1668/1192 969/1670/1161 905/1671/1131 907/1669/1132
f 969/1670/1161 970/1462/1073 906/1465/1076 905/1671/1131
f 996/1609/1167 997/1608/1166 1029/1672/1193 1028/1673/1194
f 983/1674/1180 984/1675/1179 1016/1676/1195 1015/1677/1196
f 969/1599/1161 971/1678/1192 1003/1679/1197 1001/1600/1162
f 997/1680/1166 998/1681/1165 1030/1682/1198 1029/1683/1193
f 984/1675/1179 985/1684/1178 1017/1685/1199 1016/1676/1195
f 971/1678/1192 972/1686/1191 1004/1687/1200 1003/1679/1197
f 998/1681/1165 999/1688/1164 1031/1689/1201 1030/1682/1198
f 985/1684/1178 986/1690/1177 1018/1691/1202 1017/1685/1199
f 972/1686/1191 973/1692/1190 1005/1693/1203 1004/1687/1200
f 999/1688/1164 1000/1694/1074 1032/1695/1204 1031/1689/1201
f 986/1690/1177 987/1630/1176 1019/1696/1205 1018/1691/1202
f 973/1662/1190 974/1660/1189 1006/1697/1206 1005/1698/1203
f 1000/1694/1074 970/1598/1073 1002/1601/1163 1032/1695/1204
f 987/1630/1176 988/1628/1175 1020/1699/1207 1019/1696/1205
f 974/1660/1189 975/1658/1188 1007/1700/1208 1006/1697/1206
f 988/1628/1175 989/1625/1174 1021/1701/1209 1020/1699/1207
f 975/1658/1188 976/1656/1187 1008/1702/1210 1007/1700/1208
f 989/1625/1174 990/1624/1173 1022/1703/1211 1021/1701/1209
f 976/1656/1187 977/1654/1186 1009/1704/1212 1008/1702/1210
f 990/1622/1173 991/1620/1172 1023/1705/1213 1022/1706/1211
f 977/1654/1186 978/1651/1185 1010/1707/1214 1009/1704/1212
f 991/1620/1172 992/1618/1171 1024/1708/1215 1023/1705/1213
f 978/1651/1185 979/1650/1184 1011/1709/1216 1010/1707/1214
f 992/1618/1171 993/1616/1170 1025/1710/1217 1024/1708/1215
f 979/1650/1184 980/1711/1183 1012/1712/1218 1011/1709/1216
f 993/1616/1170 994/1614/1169 1026/1713/1219 1025/1710/1217
f 980/1714/1183 981/1715/1182 1013/1716/1220 1012/1717/1218
f 994/1614/1169 995/1612/1168 1027/1718/1221 1026/1713/1219
f 981/1715/1182 982/1719/1181 1014/1720/1222 1013/1716/1220
f 995/1612/1168 996/1609/1167 1028/1673/1194 1027/1718/1221
f 982/1719/1181 983/1674/1180 1015/1677/1196 1014/1720/1222
f 1063/1721/1223 1064/1722/1224 1096/1723/1225 1095/1724/1226
f 1085/1725/1227 1086/1726/1228 1118/1727/1229 1117/1728/1230
f 1050/1729/1231 1051/1730/1232 1083/1731/1233 1082/1732/1234
f 1037/1733/1235 1038/1734/1236 1070/1735/1237 1069/1736/1238
f 1064/1722/1224 1034/1737/1239 1066/1738/1240 1096/1723/1225
f 1051/1730/1232 1052/1739/1241 1084/1740/1242 1083/1731/1233
f 1038/1734/1236 1039/1741/1243 1071/1742/1244 1070/1735/1237
f 1052/1739/1241 1053/1743/1245 1085/1744/1227 1084/1740/1242
f 1039/1741/1243 1040/1745/1246 1072/1746/1247 1071/1742/1244
f 1053/1747/1245 1054/1748/1248 1086/1749/1228 1085/1750/1227
f 1040/1745/1246 1041/1751/1249 1073/1752/1250 1072/1746/1247
f 1054/1748/1248 1055/1753/1251 1087/1754/1252 1086/1749/1228
f 1041/1751/1249 1042/1755/1253 1074/1756/1254 1073/1752/1250
f 1055/1753/1251 1056/1757/1255 1088/1758/1256 1087/1754/1252
f 1042/1755/1253 1043/1759/1257 1075/1760/1258 1074/1756/1254
f 1056/1757/1255 1057/1761/1259 1089/1762/1260 1088/1758/1256
f 1043/1763/1257 1044/1764/1261 1076/1765/1262 1075/1766/1258
f 1057/1761/1259 1058/1767/1263 1090/1768/1264 1089/1762/1260
f 1044/1764/1261 1045/1769/1265 1077/1770/1266 1076/1765/1262
f 1058/1767/1263 1059/1771/1267 1091/1772/1268 1090/1768/1264
f 1045/1769/1265 1046/1773/1269 1078/1774/1270 1077/1770/1266
f 1059/1771/1267 1060/1775/1271 1092/1776/1272 1091/1772/1268
f 1046/1773/1269 1047/1777/1273 1079/1778/1274 1078/1774/1270
f 1034/1737/1239 1033/1779/1275 1065/1780/1276 1066/1738/1240
f 1060/1775/1271 1061/1781/1277 1093/1782/1278 1092/1776/1272
f 1047/1777/1273 1048/1783/1279 1080/1784/1280 1079/1778/1274
f 1033/1779/1275 1035/1785/1281 1067/1786/1282 1065/1780/1276
f 1061/1781/1277 1062/1787/1283 1094/1788/1284 1093/1782/1278
f 1048/1783/1279 1049/1789/1285 1081/1790/1286 1080/1784/1280
f 1035/1785/1281 1036/1791/1287 1068/1792/1288 1067/1786/1282
f 1062/1793/1283 1063/1721/1223 1095/1724/1226 1094/1794/1284
f 1049/1789/1285 1050/1729/1231 1082/1732/1234 1081/1790/1286
f 1036/1795/1287 1037/1733/1235 1069/1736/1238 1068/1796/1288
f 1120/1797/1289 1121/1798/1290 1153/1799/1291 1152/1800/1292
f 1072/1801/1247 1073/1802/1250 1105/1803/1293 1104/1804/1294
f 1086/1726/1228 1087/1805/1252 1119/1806/1295 1118/1727/1229
f 1073/1802/1250 1074/1807/1254 1106/1808/1296 1105/1803/1293
f 1087/1805/1252 1088/1809/1256 1120/1810/1289 1119/1806/1295
f 1074/1807/1254 1075/1811/1258 1107/1812/1297 1106/1808/1296
f 1088/1809/1256 1089/1813/1260 1121/1814/1290 1120/1810/1289
f 1075/1811/1258 1076/1815/1262 1108/1816/1298 1107/1812/1297
f 1089/1813/1260 1090/1817/1264 1122/1818/1299 1121/1814/1290
f 1076/1815/1262 1077/1819/1266 1109/1820/1300 1108/1816/1298
f 1090/1817/1264 1091/1821/1268 1123/1822/1301 1122/1818/1299
f 1077/1819/1266 1078/1823/1270 1110/1824/1302 1109/1820/1300
f 1091/1821/1268 1092/1825/1272 1124/1826/1303 1123/1822/1301
f 1078/1823/1270 1079/1827/1274 1111/1828/1304 1110/1824/1302
f 1066/1829/1240 1065/1830/1276 1097/1831/1305 1098/1832/1306
f 1092/1825/1272 1093/1833/1278 1125/1834/1307 1124/1826/1303
f 1079/1827/1274 1080/1835/1280 1112/1836/1308 1111/1828/1304
f 1065/1830/1276 1067/1837/1282 1099/1838/1309 1097/1831/1305
f 1093/1833/1278 1094/1839/1284 1126/1840/1310 1125/1834/1307
f 1080/1835/1280 1081/1841/1286 1113/1842/1311 1112/1836/1308
f 1067/1837/1282 1068/1843/1288 1100/1844/1312 1099/1838/1309
f 1094/1839/1284 1095/1845/1226 1127/1846/1313 1126/1840/1310
f 1081/1841/1286 1082/1847/1234 1114/1848/1314 1113/1842/1311
f 1068/1843/1288 1069/1849/1238 1101/1850/1315 1100/1844/1312
f 1095/1845/1226 1096/1851/1225 1128/1852/1316 1127/1846/1313
f 1082/1847/1234 1083/1853/1233 1115/1854/1317 1114/1848/1314
f 1069/1849/1238 1070/1855/1237 1102/1856/1318 1101/1850/1315
f 1096/1851/1225 1066/1829/1240 1098/1832/1306 1128/1852/1316
f 1083/1853/1233 1084/1857/1242 1116/1858/1319 1115/1854/1317
f 1070/1855/1237 1071/1859/1244 1103/1860/1320 1102/1856/1318
f 1084/1857/1242 1085/1725/1227 1117/1728/1230 1116/1858/1319
f 1071/1859/1244 1072/1801/1247 1104/1804/1294 1103/1860/1320
f 1129/1861/1321 1131/1862/1322 1132/1863/1323 1133/1864/1324 1134/1865/1325 1135/1866/1326 1136/1867/1327 1137/1868/1328 1138/1869/1329 1139/1870/1330 1140/1871/1331 1141/1872/1332 1142/1873/1333 1143/1874/1334 1144/1875/1335 1145/1876/1336 1146/1877/1337 1147/1878/1338 1148/1879/1339 1149/1880/1340 1150/1881/1341 1151/1882/1342 1152/1883/1292 1153/1884/1291 1154/1885/1343 1155/1886/1344 1156/1887/1345 1157/1888/1346 1158/1889/1347 1159/1890/1348 1160/1891/1349 1130/1892/1350
f 1107/1893/1297 1108/1894/1298 1140/1895/1331 1139/1896/1330
f 1121/1798/1290 1122/1897/1299 1154/1898/1343 1153/1799/1291
f 1108/1894/1298 1109/1899/1300 1141/1900/1332 1140/1895/1331
f 1122/1897/1299 1123/1901/1301 1155/1902/1344 1154/1898/1343
f 1109/1899/1300 1110/1903/1302 1142/1904/1333 1141/1900/1332
f 1123/1901/1301 1124/1905/1303 1156/1906/1345 1155/1902/1344
f 1110/1903/1302 1111/1907/1304 1143/1908/1334 1142/1904/1333
f 1098/1909/1306 1097/1910/1305 1129/1911/1321 1130/1912/1350
f 1124/1905/1303 1125/1913/1307 1157/1914/1346 1156/1906/1345
f 1111/1907/1304 1112/1915/1308 1144/1916/1335 1143/1908/1334
f 1097/1910/1305 1099/1917/1309 1131/1918/1322 1129/1911/1321
f 1125/1913/1307 1126/1919/1310 1158/1920/1347 1157/1914/1346
f 1112/1915/1308 1113/1921/1311 1145/1922/1336 1144/1916/1335
f 1099/1917/1309 1100/1923/1312 1132/1924/1323 1131/1918/1322
f 1126/1925/1310 1127/1926/1313 1159/1927/1348 1158/1928/1347
f 1113/1921/1311 1114/1929/1314 1146/1930/1337 1145/1922/1336
f 1100/1931/1312 1101/1932/1315 1133/1933/1324 1132/1934/1323
f 1127/1926/1313 1128/1935/1316 1160/1936/1349 1159/1927/1348
f 1114/1929/1314 1115/1937/1317 1147/1938/1338 1146/1930/1337
f 1101/1932/1315 1102/1939/1318 1134/1940/1325 1133/1933/1324
f 1128/1935/1316 1098/1909/1306 1130/1912/1350 1160/1936/1349
f 1115/1937/1317 1116/1941/1319 1148/1942/1339 1147/1938/1338
f 1102/1939/1318 1103/1943/1320 1135/1944/1326 1134/1940/1325
f 1116/1941/1319 1117/1945/1230 1149/1946/1340 1148/1942/1339
f 1103/1943/1320 1104/1947/1294 1136/1948/1327 1135/1944/1326
f 1117/1949/1230 1118/1950/1229 1150/1951/1341 1149/1952/1340
f 1104/1947/1294 1105/1953/1293 1137/1954/1328 1136/1948/1327
f 1118/1950/1229 1119/1955/1295 1151/1956/1342 1150/1951/1341
f 1105/1953/1293 1106/1957/1296 1138/1958/1329 1137/1954/1328
f 1119/1955/1295 1120/1797/1289 1152/1800/1292 1151/1956/1342
f 1106/1957/1296 1107/1959/1297 1139/1960/1330 1138/1958/1329
f 1064/1722/1224 1063/1721/1223 1169/1961/1351 1166/1962/1352
f 1034/1737/1239 1064/1722/1224 1166/1962/1352 1161/1963/1353
f 1063/1721/1223 1062/1793/1283 1172/1964/1354 1169/1961/1351
f 1062/1787/1283 1061/1781/1277 1175/1965/1355 1172/1966/1354
f 1061/1781/1277 1060/1775/1271 1178/1967/1356 1175/1965/1355
f 1060/1775/1271 1059/1771/1267 1181/1968/1357 1178/1967/1356
f 1059/1771/1267 1058/1767/1263 1184/1969/1358 1181/1968/1357
f 1058/1767/1263 1057/1761/1259 1187/1970/1359 1184/1969/1358
f 1057/1761/1259 1056/1757/1255 1190/1971/1360 1187/1970/1359
f 1056/1757/1255 1055/1753/1251 1193/1972/1361 1190/1971/1360
f 1055/1753/1251 1054/1748/1248 1196/1973/1362 1193/1972/1361
f 1054/1748/1248 1053/1747/1245 1199/1974/1363 1196/1973/1362
f 1053/1743/1245 1052/1739/1241 1202/1975/1364 1199/1976/1363
f 1052/1739/1241 1051/1730/1232 1205/1977/1365 1202/1975/1364
f 1051/1730/1232 1050/1729/1231 1208/1978/1366 1205/1977/1365
f 1050/1729/1231 1049/1789/1285 1211/1979/1367 1208/1978/1366
f 1049/1789/1285 1048/1783/1279 1214/1980/1368 1211/1979/1367
f 1048/1783/1279 1047/1777/1273 1217/1981/1369 1214/1980/1368
f 1047/1777/1273 1046/1773/1269 1220/1982/1370 1217/1981/1369
f 1046/1773/1269 1045/1769/1265 1223/1983/1371 1220/1982/1370
f 1045/1769/1265 1044/1764/1261 1226/1984/1372 1223/1983/1371
f 1044/1764/1261 1043/1763/1257 1229/1985/1373 1226/1984/1372
f 1043/1759/1257 1042/1755/1253 1232/1986/1374 1229/1987/1373
f 1042/1755/1253 1041/1751/1249 1235/1988/1375 1232/1986/1374
f 1041/1751/1249 1040/1745/1246 1238/1989/1376 1235/1988/1375
f 1040/1745/1246 1039/1741/1243 1241/1990/1377 1238/1989/1376
f 1039/1741/1243 1038/1734/1236 1244/1991/1378 1241/1990/1377
f 1038/1734/1236 1037/1733/1235 1247/1992/1379 1244/1991/1378
f 1037/1733/1235 1036/1795/1287 1250/1993/1380 1247/1992/1379
f 1036/1791/1287 1035/1785/1281 1253/1994/1381 1250/1995/1380
f 1035/1785/1281 1033/1779/1275 1256/1996/1382 1253/1994/1381
f 1033/1779/1275 1034/1737/1239 1161/1963/1353 1256/1996/1382
f 1161/1997/1353 1166/1998/1352 1165/1999/1383 1162/2000/1384
f 1162/2001/1384 1165/2002/1383 1164/2003/1385 1163/2004/1386
f 1163/2004/1386 1164/2003/1385 1032/1695/1204 1002/1601/1163
f 1166/1998/1352 1169/2005/1351 1168/2006/1387 1165/1999/1383
f 1165/2002/1383 1168/2007/1387 1167/2008/1388 1164/2003/1385
f 1164/2003/1385 1167/2008/1388 1031/1689/1201 1032/1695/1204
f 1169/2005/1351 1172/2009/1354 1171/2010/1389 1168/2006/1387
f 1168/2007/1387 1171/2011/1389 1170/2012/1390 1167/2008/1388
f 1167/2008/1388 1170/2012/1390 1030/1682/1198 1031/1689/1201
f 1172/2009/1354 1175/2013/1355 1174/2014/1391 1171/2010/1389
f 1171/2011/1389 1174/2015/1391 1173/2016/1392 1170/2012/1390
f 1170/2012/1390 1173/2016/1392 1029/1683/1193 1030/1682/1198
f 1175/2013/1355 1178/2017/1356 1177/2018/1393 1174/2014/1391
f 1174/2015/1391 1177/2019/1393 1176/2020/1394 1173/2016/1392
f 1173/2016/1392 1176/2020/1394 1028/2021/1194 1029/1683/1193
f 1178/1967/1356 1181/1968/1357 1180/2022/1395 1177/2023/1393
f 1177/2023/1393 1180/2022/1395 1179/2024/1396 1176/2025/1394
f 1176/2025/1394 1179/2024/1396 1027/1718/1221 1028/1673/1194
f 1181/1968/1357 1184/1969/1358 1183/2026/1397 1180/2022/1395
f 1180/2022/1395 1183/2026/1397 1182/2027/1398 1179/2024/1396
f 1179/2024/1396 1182/2027/1398 1026/1713/1219 1027/1718/1221
f 1184/1969/1358 1187/1970/1359 1186/2028/1399 1183/2026/1397
f 1183/2026/1397 1186/2028/1399 1185/2029/1400 1182/2027/1398
f 1182/2027/1398 1185/2029/1400 1025/1710/1217 1026/1713/1219
f 1187/1970/1359 1190/1971/1360 1189/2030/1401 1186/2028/1399
f 1186/2028/1399 1189/2030/1401 1188/2031/1402 1185/2029/1400
f 1185/2029/1400 1188/2031/1402 1024/1708/1215 1025/1710/1217
f 1190/1971/1360 1193/1972/1361 1192/2032/1403 1189/2030/1401
f 1189/2030/1401 1192/2032/1403 1191/2033/1404 1188/2031/1402
f 1188/2031/1402 1191/2033/1404 1023/1705/1213 1024/1708/1215
f 1193/1972/1361 1196/1973/1362 1195/2034/1405 1192/2032/1403
f 1192/2032/1403 1195/2034/1405 1194/2035/1406 1191/2033/1404
f 1191/2033/1404 1194/2035/1406 1022/1706/1211 1023/1705/1213
f 1196/2036/1362 1199/2037/1363 1198/2038/1407 1195/2039/1405
f 1195/2039/1405 1198/2038/1407 1197/2040/1408 1194/2041/1406
f 1194/2041/1406 1197/2040/1408 1021/1701/1209 1022/1703/1211
f 1199/2037/1363 1202/2042/1364 1201/2043/1409 1198/2038/1407
f 1198/2038/1407 1201/2043/1409 1200/2044/1410 1197/2040/1408
f 1197/2040/1408 1200/2044/1410 1020/1699/1207 1021/1701/1209
f 1202/2042/1364 1205/2045/1365 1204/2046/1411 1201/2043/1409
f 1201/2043/1409 1204/2046/1411 1203/2047/1412 1200/2044/1410
f 1200/2044/1410 1203/2047/1412 1019/1696/1205 1020/1699/1207
f 1205/2045/1365 1208/2048/1366 1207/2049/1413 1204/2046/1411
f 1204/2046/1411 1207/2049/1413 1206/2050/1414 1203/2047/1412
f 1203/2047/1412 1206/2050/1414 1018/1691/1202 1019/1696/1205
f 1208/2048/1366 1211/2051/1367 1210/2052/1415 1207/2049/1413
f 1207/2049/1413 1210/2052/1415 1209/2053/1416 1206/2050/1414
f 1206/2050/1414 1209/2053/1416 1017/1685/1199 1018/1691/1202
f 1211/2051/1367 1214/2054/1368 1213/2055/1417 1210/2052/1415
f 1210/2052/1415 1213/2055/1417 1212/2056/1418 1209/2053/1416
f 1209/2053/1416 1212/2056/1418 1016/1676/1195 1017/1685/1199
f 1214/2054/1368 1217/2057/1369 1216/2058/1419 1213/2055/1417
f 1213/2055/1417 1216/2058/1419 1215/2059/1420 1212/2056/1418
f 1212/2056/1418 1215/2059/1420 1015/1677/1196 1016/1676/1195
f 1217/2057/1369 1220/2060/1370 1219/2061/1421 1216/2058/1419
f 1216/2058/1419 1219/2061/1421 1218/2062/1422 1215/2059/1420
f 1215/2059/1420 1218/2062/1422 1014/1720/1222 1015/1677/1196
f 1220/1982/1370 1223/1983/1371 1222/2063/1423 1219/2064/1421
f 1219/2061/1421 1222/2065/1423 1221/2066/1424 1218/2062/1422
f 1218/2062/1422 1221/2066/1424 1013/1716/1220 1014/1720/1222
f 1223/1983/1371 1226/1984/1372 1225/2067/1425 1222/2063/1423
f 1222/2065/1423 1225/2068/1425 1224/2069/1426 1221/2066/1424
f 1221/2066/1424 1224/2069/1426 1012/1717/1218 1013/1716/1220
f 1226/2070/1372 1229/1987/1373 1228/2071/1427 1225/2072/1425
f 1225/2072/1425 1228/2071/1427 1227/2073/1428 1224/2074/1426
f 1224/2074/1426 1227/2073/1428 1011/1709/1216 1012/1712/1218
f 1229/1987/1373 1232/1986/1374 1231/2075/1429 1228/2071/1427
f 1228/2071/1427 1231/2075/1429 1230/2076/1430 1227/2073/1428
f 1227/2073/1428 1230/2076/1430 1010/1707/1214 1011/1709/1216
f 1232/1986/1374 1235/1988/1375 1234/2077/1431 1231/2075/1429
f 1231/2075/1429 1234/2077/1431 1233/2078/1432 1230/2076/1430
f 1230/2076/1430 1233/2078/1432 1009/1704/1212 1010/1707/1214
f 1235/1988/1375 1238/1989/1376 1237/2079/1433 1234/2077/1431
f 1234/2077/1431 1237/2079/1433 1236/2080/1434 1233/2078/1432
f 1233/2078/1432 1236/2080/1434 1008/1702/1210 1009/1704/1212
f 1238/1989/1376 1241/1990/1377 1240/2081/1435 1237/2079/1433
f 1237/2079/1433 1240/2081/1435 1239/2082/1436 1236/2080/1434
f 1236/2080/1434 1239/2082/1436 1007/1700/1208 1008/1702/1210
f 1241/1990/1377 1244/1991/1378 1243/2083/1437 1240/2081/1435
f 1240/2081/1435 1243/2083/1437 1242/2084/1438 1239/2082/1436
f 1239/2082/1436 1242/2084/1438 1006/1697/1206 1007/1700/1208
f 1244/2085/1378 1247/2086/1379 1246/2087/1439 1243/2088/1437
f 1243/2089/1437 1246/2090/1439 1245/2091/1440 1242/2092/1438
f 1242/2092/1438 1245/2091/1440 1005/1693/1203 1006/2093/1206
f 1247/2086/1379 1250/2094/1380 1249/2095/1441 1246/2087/1439
f 1246/2090/1439 1249/2096/1441 1248/2097/1442 1245/2091/1440
f 1245/2091/1440 1248/2097/1442 1004/1687/1200 1005/1693/1203
f 1250/2094/1380 1253/2098/1381 1252/2099/1443 1249/2095/1441
f 1249/2096/1441 1252/2100/1443 1251/2101/1444 1248/2097/1442
f 1248/2097/1442 1251/2101/1444 1003/1679/1197 1004/1687/1200
f 1253/2098/1381 1256/2102/1382 1255/2103/1445 1252/2099/1443
f 1252/2100/1443 1255/2104/1445 1254/2105/1446 1251/2101/1444
f 1251/2101/1444 1254/2105/1446 1001/1600/1162 1003/1679/1197
f 1256/2102/1382 1161/1997/1353 1162/2000/1384 1255/2103/1445
f 1255/2104/1445 1162/2001/1384 1163/2004/1386 1254/2105/1446
f 1254/2105/1446 1163/2004/1386 1002/1601/1163 1001/1600/1162
f 1258/2106/3 1257/2107/3 1288/2108/3 1287/2109/3 1286/2110/3 1285/2111/3 1284/2112/3 1283/2113/3 1282/2114/3 1281/2115/3 1280/2116/3 1279/2117/3 1278/2118/3 1277/2119/3 1276/2120/3 1275/2121/3 1274/2122/3 1273/2123/3 1272/2124/3 1271/2125/3 1270/2126/3 1269/2127/3 1268/2128/3 1267/2129/3 1266/2130/3 1265/2131/3 1264/2132/3 1263/2133/3 1262/2134/3 1261/2135/3 1260/2136/3 1259/2137/3
f 1311/2138/1447 1312/2139/1448 1376/2140/1449 1375/2141/1450
s 0
f 1257/21/18 1258/21/15 1289/21/1451 1290/21/15
f 1284/21/3 1285/21/15 1317/21/1452 1316/21/15
f 1271/21/3 1272/21/6 1304/21/1453 1303/21/6
f 1258/21/18 1259/21/6 1291/21/1454 1289/21/15
f 1285/21/3 1286/21/15 1318/21/1455 1317/21/15
f 1272/21/3 1273/21/6 1305/21/1456 1304/21/6
f 1259/21/18 1260/21/15 1292/21/1457 1291/21/15
f 1286/21/37 1287/21/6 1319/21/1458 1318/21/15
f 1273/21/3 1274/21/15 1306/21/1459 1305/21/6
f 1260/21/3 1261/21/15 1293/21/1460 1292/21/15
f 1287/21/3 1288/21/15 1320/21/1461 1319/21/15
f 1274/21/3 1275/21/6 1307/21/1462 1306/21/6
f 1261/21/1463 1262/21/1463 1294/21/1463 1293/21/1463
f 1288/21/37 1257/21/15 1290/21/1464 1320/21/15
f 1275/21/3 1276/21/6 1308/21/1465 1307/21/6
f 1262/21/3 1263/21/15 1295/21/1466 1294/21/6
f 1276/21/3 1277/21/15 1309/21/1467 1308/21/6
f 1263/21/3 1264/21/6 1296/21/1468 1295/21/6
f 1277/21/1463 1278/21/1463 1310/21/1463 1309/21/1463
f 1264/21/3 1265/21/6 1297/21/1469 1296/21/6
f 1278/21/37 1279/21/15 1311/21/1447 1310/21/15
f 1265/21/47 1266/21/15 1298/21/1470 1297/21/6
f 1279/21/37 1280/21/15 1312/21/1471 1311/21/15
f 1266/21/3 1267/21/6 1299/21/1472 1298/21/6
f 1280/21/3 1281/21/15 1313/21/1473 1312/21/15
f 1267/21/3 1268/21/6 1300/21/1474 1299/21/6
f 1281/21/3 1282/21/6 1314/21/1475 1313/21/15
f 1268/21/3 1269/21/6 1301/21/1476 1300/21/6
f 1282/21/3 1283/21/15 1315/21/1477 1314/21/15
f 1269/21/3 1270/21/15 1302/21/1478 1301/21/6
f 1283/21/3 1284/21/15 1316/21/1479 1315/21/15
f 1270/21/3 1271/21/6 1303/21/1480 1302/21/6
s 1
f 1386/2142/1481 1416/2143/1482 1352/2144/1483 1322/2145/1484
f 1298/2146/1485 1299/2147/1486 1363/2148/1487 1362/2149/1488
f 1312/2139/1448 1313/2150/1489 1377/2151/1490 1376/2140/1449
f 1299/2147/1486 1300/2152/1491 1364/2153/1492 1363/2148/1487
f 1313/2150/1489 1314/2154/1493 1378/2155/1494 1377/2151/1490
f 1300/2152/1491 1301/2156/1495 1365/2157/1496 1364/2153/1492
f 1314/2154/1493 1315/2158/1497 1379/2159/1498 1378/2155/1494
f 1301/2156/1495 1302/2160/1478 1366/2161/1499 1365/2157/1496
f 1315/2158/1497 1316/2162/1479 1380/2163/1500 1379/2159/1498
f 1302/2160/1478 1303/2164/1501 1367/2165/1502 1366/2161/1499
f 1290/2166/1503 1289/2167/1504 1353/2168/1505 1354/2169/1506
f 1316/2170/1479 1317/2171/1507 1381/2172/1508 1380/2173/1500
f 1303/2174/1501 1304/2175/1453 1368/2176/1509 1367/2177/1502
f 1289/2167/1504 1291/2178/1510 1355/2179/1511 1353/2168/1505
f 1317/2171/1507 1318/2180/1455 1382/2181/1512 1381/2172/1508
f 1304/2175/1453 1305/2182/1513 1369/2183/1514 1368/2176/1509
f 1291/2178/1510 1292/2184/1515 1356/2185/1516 1355/2179/1511
f 1318/2180/1455 1319/2186/1517 1383/2187/1518 1382/2181/1512
f 1305/2182/1513 1306/2188/1459 1370/2189/1519 1369/2183/1514
f 1292/2184/1515 1293/2190/1520 1357/2191/1521 1356/2185/1516
f 1319/2186/1517 1320/2192/1522 1384/2193/1523 1383/2187/1518
f 1306/2188/1459 1307/2194/1524 1371/2195/1525 1370/2189/1519
f 1293/2190/1520 1294/2196/1526 1358/2197/1527 1357/2191/1521
f 1320/2192/1522 1290/2166/1503 1354/2169/1506 1384/2193/1523
f 1307/2194/1524 1308/2198/1528 1372/2199/1529 1371/2195/1525
f 1294/2200/1526 1295/2201/1530 1359/2202/1531 1358/2203/1527
f 1308/2198/1528 1309/2204/1467 1373/2205/1532 1372/2199/1529
f 1295/2201/1530 1296/2206/1533 1360/2207/1534 1359/2202/1531
f 1309/2208/1467 1310/2209/1535 1374/2210/1536 1373/2211/1532
f 1296/2206/1533 1297/2212/1537 1361/2213/1538 1360/2207/1534
f 1310/2209/1535 1311/2138/1447 1375/2141/1450 1374/2210/1536
f 1297/2212/1537 1298/2146/1485 1362/2149/1488 1361/2213/1538
f 1321/2214/1539 1322/2145/1484 1354/2215/1506 1353/2216/1505
f 1323/2217/1540 1321/2214/1539 1353/2216/1505 1355/2218/1511
f 1324/2219/1541 1323/2217/1540 1355/2218/1511 1356/2220/1516
f 1325/2221/1542 1324/2219/1541 1356/2220/1516 1357/2222/1521
f 1326/2223/1543 1325/2221/1542 1357/2222/1521 1358/2224/1527
f 1327/2225/1544 1326/2223/1543 1358/2224/1527 1359/2226/1531
f 1328/2227/1545 1327/2225/1544 1359/2226/1531 1360/2228/1534
f 1329/2229/1546 1328/2227/1545 1360/2228/1534 1361/2230/1538
f 1330/2231/1547 1329/2229/1546 1361/2230/1538 1362/2232/1488
f 1331/2233/1548 1330/2231/1547 1362/2232/1488 1363/2234/1487
f 1332/2235/1549 1331/2233/1548 1363/2234/1487 1364/2236/1492
f 1333/2237/1550 1332/2235/1549 1364/2236/1492 1365/2238/1496
f 1334/2239/1551 1333/2237/1550 1365/2238/1496 1366/2240/1499
f 1335/2241/1552 1334/2239/1551 1366/2240/1499 1367/2242/1502
f 1336/2243/1553 1335/2241/1552 1367/2242/1502 1368/2244/1509
f 1337/2245/1554 1336/2243/1553 1368/2244/1509 1369/2246/1514
f 1338/2247/1555 1337/2245/1554 1369/2246/1514 1370/2248/1519
f 1339/2249/1556 1338/2247/1555 1370/2248/1519 1371/2250/1525
f 1340/2251/1557 1339/2249/1556 1371/2250/1525 1372/2252/1529
f 1341/2253/1558 1340/2251/1557 1372/2252/1529 1373/2254/1532
f 1342/2255/1559 1341/2253/1558 1373/2254/1532 1374/2256/1536
f 1343/2257/1560 1342/2255/1559 1374/2256/1536 1375/2258/1450
f 1344/2259/1561 1343/2257/1560 1375/2258/1450 1376/2260/1449
f 1345/2261/1562 1344/2259/1561 1376/2260/1449 1377/2262/1490
f 1346/2263/1563 1345/2261/1562 1377/2262/1490 1378/2264/1494
f 1347/2265/1564 1346/2263/1563 1378/2264/1494 1379/2266/1498
f 1348/2267/1565 1347/2265/1564 1379/2266/1498 1380/2268/1500
f 1349/2269/1566 1348/2267/1565 1380/2268/1500 1381/2270/1508
f 1350/2271/1567 1349/2269/1566 1381/2270/1508 1382/2272/1512
f 1351/2273/1568 1350/2271/1567 1382/2272/1512 1383/2274/1518
f 1352/2144/1483 1351/2273/1568 1383/2274/1518 1384/2275/1523
f 1322/2145/1484 1352/2144/1483 1384/2275/1523 1354/2215/1506
f 1386/2142/1481 1385/2276/1569 1417/2277/1570 1418/2278/1571
f 1416/2143/1482 1415/2279/1572 1351/2273/1568 1352/2144/1483
f 1415/2280/1572 1414/2281/1573 1350/2282/1567 1351/2283/1568
f 1414/2281/1573 1413/2284/1574 1349/2285/1566 1350/2282/1567
f 1413/2284/1574 1412/2286/1575 1348/2287/1565 1349/2285/1566
f 1412/2288/1575 1411/2289/1576 1347/2290/1564 1348/2291/1565
f 1411/2289/1576 1410/2292/1577 1346/2293/1563 1347/2290/1564
f 1410/2292/1577 1409/2294/1578 1345/2295/1562 1346/2293/1563
f 1409/2294/1578 1408/2296/1579 1344/2297/1561 1345/2295/1562
f 1408/2296/1579 1407/2298/1580 1343/2299/1560 1344/2297/1561
f 1407/2298/1580 1406/2300/1581 1342/2301/1559 1343/2299/1560
f 1406/2300/1581 1405/2302/1582 1341/2303/1558 1342/2301/1559
f 1405/2304/1582 1404/2305/1583 1340/2306/1557 1341/2307/1558
f 1404/2305/1583 1403/2308/1584 1339/2309/1556 1340/2306/1557
f 1403/2308/1584 1402/2310/1585 1338/2311/1555 1339/2309/1556
f 1402/2310/1585 1401/2312/1586 1337/2313/1554 1338/2311/1555
f 1401/2312/1586 1400/2314/1587 1336/2315/1553 1337/2313/1554
f 1400/2314/1587 1399/2316/1588 1335/2317/1552 1336/2315/1553
f 1399/2316/1588 1398/2318/1589 1334/2319/1551 1335/2317/1552
f 1398/2320/1589 1397/2321/1590 1333/2322/1550 1334/2323/1551
f 1397/2321/1590 1396/2324/1591 1332/2325/1549 1333/2322/1550
f 1396/2324/1591 1395/2326/1592 1331/2327/1548 1332/2325/1549
f 1395/2326/1592 1394/2328/1593 1330/2329/1547 1331/2327/1548
f 1394/2328/1593 1393/2330/1594 1329/2331/1546 1330/2329/1547
f 1393/2330/1594 1392/2332/1595 1328/2333/1545 1329/2331/1546
f 1392/2332/1595 1391/2334/1596 1327/2335/1544 1328/2333/1545
f 1391/2336/1596 1390/2337/1597 1326/2223/1543 1327/2225/1544
f 1390/2337/1597 1389/2338/1598 1325/2221/1542 1326/2223/1543
f 1389/2338/1598 1388/2339/1599 1324/2219/1541 1325/2221/1542
f 1388/2339/1599 1387/2340/1600 1323/2217/1540 1324/2219/1541
f 1387/2340/1600 1385/2276/1569 1321/2214/1539 1323/2217/1540
f 1385/2276/1569 1386/2142/1481 1322/2145/1484 1321/2214/1539
f 1412/2341/1575 1413/2342/1574 1445/2343/1601 1444/2344/1602
f 1399/2316/1588 1400/2314/1587 1432/2345/1603 1431/2346/1604
f 1385/2276/1569 1387/2340/1600 1419/2347/1605 1417/2277/1570
f 1413/2342/1574 1414/2348/1573 1446/2349/1606 1445/2343/1601
f 1400/2314/1587 1401/2312/1586 1433/2350/1607 1432/2345/1603
f 1387/2340/1600 1388/2339/1599 1420/2351/1608 1419/2347/1605
f 1414/2348/1573 1415/2279/1572 1447/2352/1609 1446/2349/1606
f 1401/2312/1586 1402/2310/1585 1434/2353/1610 1433/2350/1607
f 1388/2339/1599 1389/2338/1598 1421/2354/1611 1420/2351/1608
f 1415/2279/1572 1416/2143/1482 1448/2355/1612 1447/2352/1609
f 1402/2310/1585 1403/2308/1584 1435/2356/1613 1434/2353/1610
f 1389/2338/1598 1390/2337/1597 1422/2357/1614 1421/2354/1611
f 1416/2143/1482 1386/2142/1481 1418/2278/1571 1448/2355/1612
f 1403/2308/1584 1404/2305/1583 1436/2358/1615 1435/2356/1613
f 1390/2359/1597 1391/2334/1596 1423/2360/1616 1422/2361/1614
f 1404/2305/1583 1405/2304/1582 1437/2362/1617 1436/2358/1615
f 1391/2334/1596 1392/2332/1595 1424/2363/1618 1423/2360/1616
f 1405/2304/1582 1406/2364/1581 1438/2365/1619 1437/2362/1617
f 1392/2332/1595 1393/2330/1594 1425/2366/1620 1424/2363/1618
f 1406/2300/1581 1407/2298/1580 1439/2367/1621 1438/2368/1619
f 1393/2330/1594 1394/2328/1593 1426/2369/1622 1425/2366/1620
f 1407/2298/1580 1408/2296/1579 1440/2370/1623 1439/2367/1621
f 1394/2328/1593 1395/2326/1592 1427/2371/1624 1426/2369/1622
f 1408/2296/1579 1409/2294/1578 1441/2372/1625 1440/2370/1623
f 1395/2326/1592 1396/2324/1591 1428/2373/1626 1427/2371/1624
f 1409/2294/1578 1410/2292/1577 1442/2374/1627 1441/2372/1625
f 1396/2375/1591 1397/2376/1590 1429/2377/1628 1428/2378/1626
f 1410/2292/1577 1411/2289/1576 1443/2379/1629 1442/2374/1627
f 1397/2376/1590 1398/2318/1589 1430/2380/1630 1429/2377/1628
f 1411/2289/1576 1412/2288/1575 1444/2381/1602 1443/2379/1629
f 1398/2318/1589 1399/2316/1588 1431/2346/1604 1430/2380/1630
f 1479/2382/1631 1480/2383/1632 1512/2384/1633 1511/2385/1634
f 1501/2386/1635 1502/2387/1636 1534/2388/1637 1533/2389/1638
f 1466/2390/1639 1467/2391/1640 1499/2392/1641 1498/2393/1642
f 1453/2394/1643 1454/2395/1644 1486/2396/1645 1485/2397/1646
f 1480/2383/1632 1450/2398/1647 1482/2399/1648 1512/2384/1633
f 1467/2391/1640 1468/2400/1649 1500/2401/1650 1499/2392/1641
f 1454/2402/1644 1455/2403/1651 1487/2404/1652 1486/2405/1645
f 1468/2400/1649 1469/2406/1653 1501/2407/1635 1500/2401/1650
f 1455/2403/1651 1456/2408/1654 1488/2409/1655 1487/2404/1652
f 1469/2410/1653 1470/2411/1656 1502/2412/1636 1501/2413/1635
f 1456/2408/1654 1457/2414/1657 1489/2415/1658 1488/2409/1655
f 1470/2411/1656 1471/2416/1659 1503/2417/1660 1502/2412/1636
f 1457/2414/1657 1458/2418/1661 1490/2419/1662 1489/2415/1658
f 1471/2416/1659 1472/2420/1663 1504/2421/1664 1503/2417/1660
f 1458/2418/1661 1459/2422/1665 1491/2423/1666 1490/2419/1662
f 1472/2420/1663 1473/2424/1667 1505/2425/1668 1504/2421/1664
f 1459/2422/1665 1460/2426/1669 1492/2427/1670 1491/2423/1666
f 1473/2424/1667 1474/2428/1671 1506/2429/1672 1505/2425/1668
f 1460/2426/1669 1461/2430/1673 1493/2431/1674 1492/2427/1670
f 1474/2428/1671 1475/2432/1675 1507/2433/1676 1506/2429/1672
f 1461/2430/1673 1462/2434/1677 1494/2435/1678 1493/2431/1674
f 1475/2432/1675 1476/2436/1679 1508/2437/1680 1507/2433/1676
f 1462/2434/1677 1463/2438/1681 1495/2439/1682 1494/2435/1678
f 1450/2398/1647 1449/2440/1683 1481/2441/1684 1482/2399/1648
f 1476/2442/1679 1477/2443/1685 1509/2444/1686 1508/2445/1680
f 1463/2446/1681 1464/2447/1687 1496/2448/1688 1495/2449/1682
f 1449/2440/1683 1451/2450/1689 1483/2451/1690 1481/2441/1684
f 1477/2443/1685 1478/2452/1691 1510/2453/1692 1509/2444/1686
f 1464/2447/1687 1465/2454/1693 1497/2455/1694 1496/2448/1688
f 1451/2450/1689 1452/2456/1695 1484/2457/1696 1483/2451/1690
f 1478/2452/1691 1479/2382/1631 1511/2385/1634 1510/2453/1692
f 1465/2454/1693 1466/2390/1639 1498/2393/1642 1497/2455/1694
f 1452/2456/1695 1453/2394/1643 1485/2397/1646 1484/2457/1696
f 1536/2458/1697 1537/2459/1698 1569/2460/1699 1568/2461/1700
f 1488/2462/1655 1489/2463/1658 1521/2464/1701 1520/2465/1702
f 1502/2387/1636 1503/2466/1660 1535/2467/1703 1534/2388/1637
f 1489/2463/1658 1490/2468/1662 1522/2469/1704 1521/2464/1701
f 1503/2466/1660 1504/2470/1664 1536/2471/1697 1535/2467/1703
f 1490/2468/1662 1491/2472/1666 1523/2473/1705 1522/2469/1704
f 1504/2470/1664 1505/2474/1668 1537/2475/1698 1536/2471/1697
f 1491/2472/1666 1492/2476/1670 1524/2477/1706 1523/2473/1705
f 1505/2474/1668 1506/2478/1672 1538/2479/1707 1537/2475/1698
f 1492/2476/1670 1493/2480/1674 1525/2481/1708 1524/2477/1706
f 1506/2478/1672 1507/2482/1676 1539/2483/1709 1538/2479/1707
f 1493/2480/1674 1494/2484/1678 1526/2485/1710 1525/2481/1708
f 1507/2482/1676 1508/2486/1680 1540/2487/1711 1539/2483/1709
f 1494/2484/1678 1495/2488/1682 1527/2489/1712 1526/2485/1710
f 1482/2490/1648 1481/2491/1684 1513/2492/1713 1514/2493/1714
f 1508/2486/1680 1509/2494/1686 1541/2495/1715 1540/2487/1711
f 1495/2488/1682 1496/2496/1688 1528/2497/1716 1527/2489/1712
f 1481/2491/1684 1483/2498/1690 1515/2499/1717 1513/2492/1713
f 1509/2494/1686 1510/2500/1692 1542/2501/1718 1541/2495/1715
f 1496/2496/1688 1497/2502/1694 1529/2503/1719 1528/2497/1716
f 1483/2498/1690 1484/2504/1696 1516/2505/1720 1515/2499/1717
f 1510/2500/1692 1511/2506/1634 1543/2507/1721 1542/2501/1718
f 1497/2502/1694 1498/2508/1642 1530/2509/1722 1529/2503/1719
f 1484/2504/1696 1485/2510/1646 1517/2511/1723 1516/2505/1720
f 1511/2506/1634 1512/2512/1633 1544/2513/1724 1543/2507/1721
f 1498/2508/1642 1499/2514/1641 1531/2515/1725 1530/2509/1722
f 1485/2510/1646 1486/2516/1645 1518/2517/1726 1517/2511/1723
f 1512/2512/1633 1482/2490/1648 1514/2493/1714 1544/2513/1724
f 1499/2514/1641 1500/2518/1650 1532/2519/1727 1531/2515/1725
f 1486/2516/1645 1487/2520/1652 1519/2521/1728 1518/2517/1726
f 1500/2518/1650 1501/2386/1635 1533/2389/1638 1532/2519/1727
f 1487/2520/1652 1488/2462/1655 1520/2465/1702 1519/2521/1728
f 1545/2522/1729 1547/2523/1730 1548/2524/1731 1549/2525/1732 1550/2526/1733 1551/2527/1734 1552/2528/1735 1553/2529/1736 1554/2530/1737 1555/2531/1738 1556/2532/1739 1557/2533/1740 1558/2534/1741 1559/2535/1742 1560/2536/1743 1561/2537/1744 1562/2538/1745 1563/2539/1746 1564/2540/1747 1565/2541/1748 1566/2542/1749 1567/2543/1750 1568/2544/1700 1569/2545/1699 1570/2546/1751 1571/2547/1752 1572/2548/1753 1573/2549/1754 1574/2550/1755 1575/2551/1756 1576/2552/1757 1546/2553/1758
f 1523/2554/1705 1524/2555/1706 1556/2556/1739 1555/2557/1738
f 1537/2459/1698 1538/2558/1707 1570/2559/1751 1569/2460/1699
f 1524/2555/1706 1525/2560/1708 1557/2561/1740 1556/2556/1739
f 1538/2558/1707 1539/2562/1709 1571/2563/1752 1570/2559/1751
f 1525/2560/1708 1526/2564/1710 1558/2565/1741 1557/2561/1740
f 1539/2562/1709 1540/2566/1711 1572/2567/1753 1571/2563/1752
f 1526/2564/1710 1527/2568/1712 1559/2569/1742 1558/2565/1741
f 1514/2570/1714 1513/2571/1713 1545/2572/1729 1546/2573/1758
f 1540/2574/1711 1541/2575/1715 1573/2576/1754 1572/2577/1753
f 1527/2578/1712 1528/2579/1716 1560/2580/1743 1559/2581/1742
f 1513/2571/1713 1515/2582/1717 1547/2583/1730 1545/2572/1729
f 1541/2575/1715 1542/2584/1718 1574/2585/1755 1573/2576/1754
f 1528/2579/1716 1529/2586/1719 1561/2587/1744 1560/2580/1743
f 1515/2582/1717 1516/2588/1720 1548/2589/1731 1547/2583/1730
f 1542/2584/1718 1543/2590/1721 1575/2591/1756 1574/2585/1755
f 1529/2586/1719 1530/2592/1722 1562/2593/1745 1561/2587/1744
f 1516/2588/1720 1517/2594/1723 1549/2595/1732 1548/2589/1731
f 1543/2590/1721 1544/2596/1724 1576/2597/1757 1575/2591/1756
f 1530/2592/1722 1531/2598/1725 1563/2599/1746 1562/2593/1745
f 1517/2594/1723 1518/2600/1726 1550/2601/1733 1549/2595/1732
f 1544/2596/1724 1514/2570/1714 1546/2573/1758 1576/2597/1757
f 1531/2598/1725 1532/2602/1727 1564/2603/1747 1563/2599/1746
f 1518/2604/1726 1519/2605/1728 1551/2606/1734 1550/2607/1733
f 1532/2602/1727 1533/2608/1638 1565/2609/1748 1564/2603/1747
f 1519/2605/1728 1520/2610/1702 1552/2611/1735 1551/2606/1734
f 1533/2612/1638 1534/2613/1637 1566/2614/1749 1565/2615/1748
f 1520/2610/1702 1521/2616/1701 1553/2617/1736 1552/2611/1735
f 1534/2613/1637 1535/2618/1703 1567/2619/1750 1566/2614/1749
f 1521/2616/1701 1522/2620/1704 1554/2621/1737 1553/2617/1736
f 1535/2618/1703 1536/2458/1697 1568/2461/1700 1567/2619/1750
f 1522/2620/1704 1523/2554/1705 1555/2557/1738 1554/2621/1737
f 1480/2383/1632 1479/2382/1631 1585/2622/1759 1582/2623/1760
f 1450/2398/1647 1480/2383/1632 1582/2623/1760 1577/2624/1761
f 1479/2382/1631 1478/2452/1691 1588/2625/1762 1585/2622/1759
f 1478/2452/1691 1477/2443/1685 1591/2626/1763 1588/2625/1762
f 1477/2443/1685 1476/2442/1679 1594/2627/1764 1591/2626/1763
f 1476/2436/1679 1475/2432/1675 1597/2628/1765 1594/2629/1764
f 1475/2432/1675 1474/2428/1671 1600/2630/1766 1597/2628/1765
f 1474/2428/1671 1473/2424/1667 1603/2631/1767 1600/2630/1766
f 1473/2424/1667 1472/2420/1663 1606/2632/1768 1603/2631/1767
f 1472/2420/1663 1471/2416/1659 1609/2633/1769 1606/2632/1768
f 1471/2416/1659 1470/2411/1656 1612/2634/1770 1609/2633/1769
f 1470/2411/1656 1469/2410/1653 1615/2635/1771 1612/2634/1770
f 1469/2406/1653 1468/2400/1649 1618/2636/1772 1615/2637/1771
f 1468/2400/1649 1467/2391/1640 1621/2638/1773 1618/2636/1772
f 1467/2391/1640 1466/2390/1639 1624/2639/1774 1621/2638/1773
f 1466/2390/1639 1465/2454/1693 1627/2640/1775 1624/2639/1774
f 1465/2454/1693 1464/2447/1687 1630/2641/1776 1627/2640/1775
f 1464/2447/1687 1463/2446/1681 1633/2642/1777 1630/2641/1776
f 1463/2438/1681 1462/2434/1677 1636/2643/1778 1633/2644/1777
f 1462/2434/1677 1461/2430/1673 1639/2645/1779 1636/2643/1778
f 1461/2430/1673 1460/2426/1669 1642/2646/1780 1639/2645/1779
f 1460/2426/1669 1459/2422/1665 1645/2647/1781 1642/2646/1780
f 1459/2422/1665 1458/2418/1661 1648/2648/1782 1645/2647/1781
f 1458/2418/1661 1457/2414/1657 1651/2649/1783 1648/2648/1782
f 1457/2414/1657 1456/2408/1654 1654/2650/1784 1651/2649/1783
f 1456/2408/1654 1455/2403/1651 1657/2651/1785 1654/2650/1784
f 1455/2403/1651 1454/2402/1644 1660/2652/1786 1657/2651/1785
f 1454/2395/1644 1453/2394/1643 1663/2653/1787 1660/2654/1786
f 1453/2394/1643 1452/2456/1695 1666/2655/1788 1663/2653/1787
f 1452/2456/1695 1451/2450/1689 1669/2656/1789 1666/2655/1788
f 1451/2450/1689 1449/2440/1683 1672/2657/1790 1669/2656/1789
f 1449/2440/1683 1450/2398/1647 1577/2624/1761 1672/2657/1790
f 1577/2658/1761 1582/2659/1760 1581/2660/1791 1578/2661/1792
f 1578/2662/1792 1581/2663/1791 1580/2664/1793 1579/2665/1794
f 1579/2665/1794 1580/2664/1793 1448/2355/1612 1418/2278/1571
f 1582/2659/1760 1585/2666/1759 1584/2667/1795 1581/2660/1791
f 1581/2663/1791 1584/2668/1795 1583/2669/1796 1580/2664/1793
f 1580/2664/1793 1583/2669/1796 1447/2352/1609 1448/2355/1612
f 1585/2666/1759 1588/2670/1762 1587/2671/1797 1584/2667/1795
f 1584/2668/1795 1587/2672/1797 1586/2673/1798 1583/2669/1796
f 1583/2669/1796 1586/2673/1798 1446/2349/1606 1447/2352/1609
f 1588/2670/1762 1591/2674/1763 1590/2675/1799 1587/2671/1797
f 1587/2672/1797 1590/2676/1799 1589/2677/1800 1586/2673/1798
f 1586/2673/1798 1589/2677/1800 1445/2343/1601 1446/2349/1606
f 1591/2674/1763 1594/2678/1764 1593/2679/1801 1590/2675/1799
f 1590/2676/1799 1593/2680/1801 1592/2681/1802 1589/2677/1800
f 1589/2677/1800 1592/2681/1802 1444/2344/1602 1445/2343/1601
f 1594/2629/1764 1597/2628/1765 1596/2682/1803 1593/2683/1801
f 1593/2683/1801 1596/2682/1803 1595/2684/1804 1592/2685/1802
f 1592/2685/1802 1595/2684/1804 1443/2379/1629 1444/2381/1602
f 1597/2628/1765 1600/2630/1766 1599/2686/1805 1596/2682/1803
f 1596/2682/1803 1599/2686/1805 1598/2687/1806 1595/2684/1804
f 1595/2684/1804 1598/2687/1806 1442/2374/1627 1443/2379/1629
f 1600/2630/1766 1603/2631/1767 1602/2688/1807 1599/2686/1805
f 1599/2686/1805 1602/2688/1807 1601/2689/1808 1598/2687/1806
f 1598/2687/1806 1601/2689/1808 1441/2372/1625 1442/2374/1627
f 1603/2631/1767 1606/2632/1768 1605/2690/1809 1602/2688/1807
f 1602/2688/1807 1605/2690/1809 1604/2691/1810 1601/2689/1808
f 1601/2689/1808 1604/2691/1810 1440/2370/1623 1441/2372/1625
f 1606/2632/1768 1609/2633/1769 1608/2692/1811 1605/2690/1809
f 1605/2690/1809 1608/2692/1811 1607/2693/1812 1604/2691/1810
f 1604/2691/1810 1607/2693/1812 1439/2367/1621 1440/2370/1623
f 1609/2633/1769 1612/2634/1770 1611/2694/1813 1608/2692/1811
f 1608/2692/1811 1611/2694/1813 1610/2695/1814 1607/2693/1812
f 1607/2693/1812 1610/2695/1814 1438/2368/1619 1439/2367/1621
f 1612/2634/1770 1615/2635/1771 1614/2696/1815 1611/2694/1813
f 1611/2697/1813 1614/2698/1815 1613/2699/1816 1610/2700/1814
f 1610/2700/1814 1613/2699/1816 1437/2362/1617 1438/2365/1619
f 1615/2635/1771 1618/2701/1772 1617/2702/1817 1614/2696/1815
f 1614/2698/1815 1617/2703/1817 1616/2704/1818 1613/2699/1816
f 1613/2699/1816 1616/2704/1818 1436/2358/1615 1437/2362/1617
f 1618/2705/1772 1621/2706/1773 1620/2707/1819 1617/2703/1817
f 1617/2703/1817 1620/2707/1819 1619/2708/1820 1616/2704/1818
f 1616/2704/1818 1619/2708/1820 1435/2356/1613 1436/2358/1615
f 1621/2706/1773 1624/2709/1774 1623/2710/1821 1620/2707/1819
f 1620/2707/1819 1623/2710/1821 1622/2711/1822 1619/2708/1820
f 1619/2708/1820 1622/2711/1822 1434/2353/1610 1435/2356/1613
f 1624/2709/1774 1627/2712/1775 1626/2713/1823 1623/2710/1821
f 1623/2710/1821 1626/2713/1823 1625/2714/1824 1622/2711/1822
f 1622/2711/1822 1625/2714/1824 1433/2350/1607 1434/2353/1610
f 1627/2712/1775 1630/2715/1776 1629/2716/1825 1626/2713/1823
f 1626/2713/1823 1629/2716/1825 1628/2717/1826 1625/2714/1824
f 1625/2714/1824 1628/2717/1826 1432/2345/1603 1433/2350/1607
f 1630/2715/1776 1633/2718/1777 1632/2719/1827 1629/2716/1825
f 1629/2716/1825 1632/2719/1827 1631/2720/1828 1628/2717/1826
f 1628/2717/1826 1631/2720/1828 1431/2346/1604 1432/2345/1603
f 1633/2718/1777 1636/2721/1778 1635/2722/1829 1632/2719/1827
f 1632/2719/1827 1635/2722/1829 1634/2723/1830 1631/2720/1828
f 1631/2720/1828 1634/2723/1830 1430/2380/1630 1431/2346/1604
f 1636/2643/1778 1639/2645/1779 1638/2724/1831 1635/2725/1829
f 1635/2722/1829 1638/2726/1831 1637/2727/1832 1634/2723/1830
f 1634/2723/1830 1637/2727/1832 1429/2377/1628 1430/2380/1630
f 1639/2645/1779 1642/2646/1780 1641/2728/1833 1638/2724/1831
f 1638/2726/1831 1641/2729/1833 1640/2730/1834 1637/2727/1832
f 1637/2727/1832 1640/2730/1834 1428/2378/1626 1429/2377/1628
f 1642/2646/1780 1645/2647/1781 1644/2731/1835 1641/2728/1833
f 1641/2728/1833 1644/2731/1835 1643/2732/1836 1640/2733/1834
f 1640/2733/1834 1643/2732/1836 1427/2371/1624 1428/2373/1626
f 1645/2647/1781 1648/2648/1782 1647/2734/1837 1644/2731/1835
f 1644/2731/1835 1647/2734/1837 1646/2735/1838 1643/2732/1836
f 1643/2732/1836 1646/2735/1838 1426/2369/1622 1427/2371/1624
f 1648/2648/1782 1651/2649/1783 1650/2736/1839 1647/2734/1837
f 1647/2734/1837 1650/2736/1839 1649/2737/1840 1646/2735/1838
f 1646/2735/1838 1649/2737/1840 1425/2366/1620 1426/2369/1622
f 1651/2649/1783 1654/2650/1784 1653/2738/1841 1650/2736/1839
f 1650/2736/1839 1653/2738/1841 1652/2739/1842 1649/2737/1840
f 1649/2737/1840 1652/2739/1842 1424/2363/1618 1425/2366/1620
f 1654/2650/1784 1657/2651/1785 1656/2740/1843 1653/2738/1841
f 1653/2738/1841 1656/2740/1843 1655/2741/1844 1652/2739/1842
f 1652/2739/1842 1655/2741/1844 1423/2360/1616 1424/2363/1618
f 1657/2742/1785 1660/2743/1786 1659/2744/1845 1656/2745/1843
f 1656/2740/1843 1659/2746/1845 1658/2747/1846 1655/2741/1844
f 1655/2741/1844 1658/2747/1846 1422/2361/1614 1423/2360/1616
f 1660/2748/1786 1663/2749/1787 1662/2750/1847 1659/2751/1845
f 1659/2752/1845 1662/2753/1847 1661/2754/1848 1658/2755/1846
f 1658/2755/1846 1661/2754/1848 1421/2354/1611 1422/2357/1614
f 1663/2749/1787 1666/2756/1788 1665/2757/1849 1662/2750/1847
f 1662/2753/1847 1665/2758/1849 1664/2759/1850 1661/2754/1848
f 1661/2754/1848 1664/2759/1850 1420/2351/1608 1421/2354/1611
f 1666/2756/1788 1669/2760/1789 1668/2761/1851 1665/2757/1849
f 1665/2758/1849 1668/2762/1851 1667/2763/1852 1664/2759/1850
f 1664/2759/1850 1667/2763/1852 1419/2347/1605 1420/2351/1608
f 1669/2760/1789 1672/2764/1790 1671/2765/1853 1668/2761/1851
f 1668/2762/1851 1671/2766/1853 1670/2767/1854 1667/2763/1852
f 1667/2763/1852 1670/2767/1854 1417/2277/1570 1419/2347/1605
f 1672/2764/1790 1577/2658/1761 1578/2661/1792 1671/2765/1853
f 1671/2766/1853 1578/2662/1792 1579/2665/1794 1670/2767/1854
f 1670/2767/1854 1579/2665/1794 1418/2278/1571 1417/2277/1570
f 1676/2768/1855 1675/2769/1856 1679/2770/1857 1680/2771/1858
f 4/21/6 7/21/6 1676/21/6 1674/21/6
f 5/21/6 2/21/6 1673/21/6 1675/21/6
f 7/21/6 5/21/6 1675/21/6 1676/21/6
f 1680/21/6 1679/21/6 1683/21/6 1684/21/6
f 1675/2772/1856 1673/2773/1859 1677/2774/1860 1679/2775/1857
f 1674/2776/1861 1676/2777/1855 1680/2778/1858 1678/2779/1862
f 1673/2780/1859 1674/2781/1861 1678/2782/1862 1677/2783/1860
f 1682/2784/1863 1684/2785/1864 1688/2786/1865 1686/2787/1866
f 1679/21/6 1677/21/6 1681/21/6 1683/21/6
f 1678/21/6 1680/21/6 1684/21/6 1682/21/6
f 1677/21/6 1678/21/6 1682/21/6 1681/21/6
f 1685/2788/1867 1686/2789/1867 1688/2790/1867 1687/2791/1867
f 1681/2792/1868 1682/2793/1863 1686/2794/1866 1685/2795/1869
f 1684/2796/1864 1683/2797/1870 1687/2791/1871 1688/2790/1865
f 1683/2798/1870 1681/2799/1868 1685/2800/1869 1687/2801/1871
