# Blender 4.3.2
# www.blender.org
mtllib legs.mtl
o groundhot_legs_temp
v -61.034061 11.420387 -4.699402
v -60.249184 11.420387 7.829442
v -61.034061 12.069851 -4.699402
v -60.249184 12.069851 7.829442
v -72.448410 11.420386 8.593637
v -73.233261 11.420386 -3.935187
v -72.448410 12.069850 8.593637
v -73.233261 12.069850 -3.935187
v -88.601318 4.576689 -14.435764
v -88.773880 4.576689 -14.142502
v -88.885895 4.576689 -13.821323
v -88.933075 4.576689 -13.484455
v -88.913589 4.576689 -13.144882
v -88.828247 4.576689 -12.815594
v -88.680344 4.576689 -12.509277
v -88.475494 4.576689 -12.237722
v -88.221642 4.576689 -12.011242
v -87.928421 4.576689 -11.838796
v -87.607239 4.576689 -11.726781
v -87.270348 4.576689 -11.679582
v -86.930740 4.576689 -11.699002
v -86.601486 4.576689 -11.784280
v -86.295174 4.576689 -11.932185
v -86.023590 4.576689 -12.137010
v -85.797150 4.576689 -12.390988
v -85.624641 4.576689 -12.684117
v -85.512657 4.576689 -13.005316
v -85.465477 4.576689 -13.342182
v -85.484856 4.576689 -13.681850
v -85.570190 4.576689 -14.011137
v -85.718124 4.576689 -14.317474
v -85.922974 4.576689 -14.589029
v -86.176888 4.576689 -14.815376
v -86.470047 4.576689 -14.987955
v -86.791229 4.576689 -15.099972
v -87.128098 4.576689 -15.147150
v -87.467705 4.576689 -15.127729
v -87.797058 4.576689 -15.042358
v -88.103378 4.576689 -14.894453
v -88.374939 4.576689 -14.689608
v -88.773880 4.576689 -14.142502
v -88.601318 4.576689 -14.435764
v -88.885895 4.576689 -13.821323
v -88.933075 4.576689 -13.484455
v -88.913589 4.576689 -13.144882
v -88.828247 4.576689 -12.815594
v -88.680344 4.576689 -12.509277
v -88.475494 4.576689 -12.237722
v -88.221642 4.576689 -12.011242
v -87.928421 4.576689 -11.838796
v -87.607239 4.576689 -11.726781
v -87.270348 4.576689 -11.679582
v -86.930740 4.576689 -11.699002
v -86.601486 4.576689 -11.784280
v -86.295174 4.576689 -11.932185
v -86.023590 4.576689 -12.137010
v -85.797150 4.576689 -12.390988
v -85.624641 4.576689 -12.684117
v -85.512657 4.576689 -13.005316
v -85.465477 4.576689 -13.342182
v -85.484856 4.576689 -13.681850
v -85.570190 4.576689 -14.011137
v -85.718124 4.576689 -14.317474
v -85.922974 4.576689 -14.589029
v -86.176888 4.576689 -14.815376
v -86.470047 4.576689 -14.987955
v -86.791229 4.576689 -15.099972
v -87.128098 4.576689 -15.147150
v -87.467705 4.576689 -15.127729
v -87.797058 4.576689 -15.042358
v -88.103378 4.576689 -14.894453
v -88.374939 4.576689 -14.689608
v -88.095757 5.177835 -13.828503
v -87.997490 5.177835 -13.995457
v -88.159500 5.177835 -13.645628
v -88.186371 5.177835 -13.453841
v -88.175255 5.177835 -13.260535
v -88.126755 5.177835 -13.072958
v -88.042511 5.177835 -12.898600
v -87.925926 5.177835 -12.743941
v -87.781311 5.177835 -12.615099
v -87.614456 5.177835 -12.516817
v -87.431564 5.177835 -12.453096
v -87.239769 5.177835 -12.426177
v -87.046341 5.177835 -12.437340
v -86.858917 5.177835 -12.485871
v -86.684502 5.177835 -12.570068
v -86.525574 5.179371 -12.683536
v -86.392517 5.180822 -12.825126
v -86.298470 5.179371 -12.994981
v -86.239021 5.177835 -13.180992
v -86.212181 5.177835 -13.372798
v -86.223190 5.177835 -13.566196
v -86.271774 5.177835 -13.753660
v -86.356041 5.177835 -13.928040
v -86.472626 5.177835 -14.082699
v -86.617126 5.177835 -14.211634
v -86.784096 5.177835 -14.309820
v -86.966995 5.177835 -14.373541
v -87.158760 5.177835 -14.400440
v -87.352097 5.177835 -14.389391
v -87.539635 5.177835 -14.340769
v -87.714020 5.177835 -14.256550
v -87.868652 5.177835 -14.139948
v -88.773880 5.177835 -14.142502
v -88.601318 5.177835 -14.435764
v -88.885895 5.177835 -13.821323
v -88.933075 5.177835 -13.484455
v -88.913589 5.177835 -13.144882
v -88.828247 5.177835 -12.815594
v -88.680344 5.177835 -12.509277
v -88.475494 5.177835 -12.237722
v -88.221642 5.177835 -12.011242
v -87.928421 5.177835 -11.838796
v -87.607239 5.177835 -11.726781
v -87.270348 5.177835 -11.679582
v -86.930740 5.177835 -11.699002
v -86.601486 5.177835 -11.784280
v -86.277977 5.185291 -11.920519
v -85.981911 5.222713 -12.114819
v -85.753708 5.246048 -12.359305
v -85.590775 5.222713 -12.651213
v -85.496208 5.185291 -12.992624
v -85.465477 5.177835 -13.342182
v -85.484856 5.177835 -13.681850
v -85.570190 5.177835 -14.011137
v -85.718124 5.177835 -14.317474
v -85.922974 5.177835 -14.589029
v -86.176888 5.177835 -14.815376
v -86.470047 5.177835 -14.987955
v -86.791229 5.177835 -15.099972
v -87.128098 5.177835 -15.147150
v -87.467705 5.177835 -15.127729
v -87.797058 5.177835 -15.042358
v -88.103378 5.177835 -14.894453
v -88.374939 5.177835 -14.689608
v -86.249352 8.378166 -12.447206
v -86.121643 8.399708 -12.627606
v -86.367058 8.314377 -12.270166
v -86.470428 8.210787 -12.103093
v -86.555290 8.071377 -11.952545
v -86.618454 7.901501 -11.824400
v -86.657593 7.707691 -11.723254
v -86.671066 7.497398 -11.653312
v -86.658401 7.278702 -11.617190
v -86.620132 7.060003 -11.616168
v -86.557655 6.849709 -11.650379
v -86.473328 6.655903 -11.718575
v -86.370590 6.486031 -11.817865
v -86.253227 6.346615 -11.944710
v -86.125725 6.243027 -12.094188
v -85.993179 6.179234 -12.260406
v -85.860458 6.157696 -12.437148
v -85.732834 6.179234 -12.617434
v -85.615013 6.243027 -12.794567
v -85.511757 6.346615 -12.961547
v -85.426865 6.486031 -13.112074
v -85.363655 6.655903 -13.240355
v -85.324585 6.849709 -13.341384
v -85.311111 7.060003 -13.411328
v -85.323784 7.278702 -13.447451
v -85.362045 7.497398 -13.448473
v -85.424530 7.707691 -13.414260
v -85.508781 7.901501 -13.346179
v -85.611557 8.071377 -13.246754
v -85.728958 8.210787 -13.119928
v -85.856354 8.314377 -12.970544
v -85.989014 8.378166 -12.804234
v -72.172943 10.323442 -2.279141
v -72.023811 10.365379 -2.510414
v -72.308525 10.226744 -2.050722
v -72.434486 10.093840 -1.841122
v -72.540062 9.920395 -1.653841
v -72.618736 9.709045 -1.494244
v -72.667343 9.467922 -1.368578
v -72.684143 9.206282 -1.281509
v -72.668388 8.934193 -1.236508
v -72.620758 8.662100 -1.235287
v -72.542992 8.400463 -1.277900
v -72.438202 8.159338 -1.362598
v -72.310272 7.947989 -1.486277
v -72.164261 7.774542 -1.644079
v -72.005745 7.645658 -1.829934
v -71.840759 7.566292 -2.036738
v -71.675697 7.539494 -2.256575
v -71.516769 7.566292 -2.481055
v -71.370300 7.645658 -2.701363
v -71.241806 7.774542 -2.909114
v -71.136200 7.947989 -3.096374
v -71.057556 8.159338 -3.255991
v -71.008942 8.400463 -3.381657
v -70.992149 8.662100 -3.468727
v -71.007874 8.934193 -3.513707
v -71.055534 9.206287 -3.514949
v -71.133301 9.467922 -3.472336
v -71.238091 9.709045 -3.387637
v -71.365997 9.920395 -3.263937
v -71.512032 10.093840 -3.106156
v -71.673088 10.226744 -2.922150
v -71.849121 10.323442 -2.723231
v -71.401741 10.690803 -1.666163
v -71.240784 10.690438 -1.939614
v -71.506180 10.691890 -1.366686
v -71.550247 10.693650 -1.052514
v -71.532082 10.696015 -0.735898
v -71.452606 10.698900 -0.428860
v -71.314682 10.702190 -0.143265
v -71.123711 10.705763 0.109973
v -70.887070 10.709478 0.321107
v -70.613693 10.713195 0.481871
v -70.314194 10.716763 0.586281
v -70.000137 10.720053 0.630267
v -69.683472 10.722940 0.612094
v -69.376495 10.725307 0.532574
v -69.090805 10.727069 0.394587
v -68.837601 10.728149 0.203593
v -68.626442 10.728516 -0.033254
v -68.465576 10.728149 -0.306592
v -68.361137 10.727069 -0.606068
v -68.317093 10.725308 -0.920261
v -68.335236 10.722941 -1.236856
v -68.414742 10.720054 -1.543915
v -68.552635 10.716763 -1.829490
v -68.743607 10.713196 -2.082727
v -68.980247 10.709479 -2.293861
v -69.253624 10.705764 -2.454626
v -69.553116 10.702191 -2.559036
v -69.867172 10.698900 -2.603021
v -70.183838 10.696015 -2.584848
v -70.490852 10.693650 -2.505349
v -70.776505 10.691890 -2.367341
v -71.029716 10.690803 -2.176348
v -71.401741 11.185499 -1.666163
v -71.240784 11.185134 -1.939614
v -71.506180 11.186585 -1.366686
v -71.550247 11.188346 -1.052514
v -71.532082 11.190707 -0.735898
v -71.452606 11.193597 -0.428860
v -71.314682 11.196887 -0.143265
v -71.123711 11.200455 0.109973
v -70.887070 11.204170 0.321107
v -70.613693 11.207885 0.481871
v -70.314194 11.211458 0.586281
v -70.000137 11.214748 0.630267
v -69.683472 11.217636 0.612094
v -69.376495 11.219999 0.532574
v -69.090805 11.221761 0.394587
v -68.837601 11.222846 0.203593
v -68.626442 11.223211 -0.033254
v -68.465576 11.222846 -0.306592
v -68.361137 11.221761 -0.606068
v -68.317093 11.220000 -0.920261
v -68.335236 11.217637 -1.236856
v -68.414742 11.214749 -1.543915
v -68.552635 11.211459 -1.829490
v -68.743607 11.207886 -2.082727
v -68.980247 11.204171 -2.293861
v -69.253624 11.200456 -2.454626
v -69.553116 11.196888 -2.559036
v -69.867172 11.193597 -2.603021
v -70.183838 11.190707 -2.584848
v -70.490852 11.188346 -2.505349
v -70.776505 11.186585 -2.367341
v -71.029716 11.185499 -2.176348
v -72.577538 11.170539 -2.210579
v -72.287819 11.169888 -2.702929
v -72.765663 11.172494 -1.671203
v -72.844940 11.175665 -1.105517
v -72.812363 11.179926 -0.535244
v -72.669182 11.185120 0.017759
v -72.420815 11.191049 0.532082
v -72.076927 11.197483 0.988115
v -71.650642 11.204170 1.368255
v -71.158371 11.210861 1.657915
v -70.619041 11.217291 1.845921
v -70.053413 11.223224 1.925157
v -69.483116 11.228424 1.892422
v -68.930183 11.232677 1.749098
v -68.415817 11.235851 1.500675
v -67.959778 11.237802 1.156659
v -67.579575 11.238458 0.730288
v -67.289856 11.237802 0.237939
v -67.101730 11.235851 -0.301438
v -67.022453 11.232677 -0.867123
v -67.055031 11.228425 -1.437397
v -67.198219 11.223225 -1.990399
v -67.446587 11.217292 -2.504722
v -67.790474 11.210862 -2.960756
v -68.216759 11.204171 -3.340896
v -68.709023 11.197484 -3.630555
v -69.248352 11.191050 -3.818562
v -69.813980 11.185130 -3.897797
v -70.384285 11.179926 -3.865062
v -70.937210 11.175665 -3.721738
v -71.451576 11.172494 -3.473316
v -71.907616 11.170539 -3.129299
v -72.586830 11.519461 -2.217351
v -72.297104 11.518805 -2.709701
v -72.774956 11.521415 -1.677975
v -72.854233 11.524586 -1.112290
v -72.821655 11.528847 -0.542016
v -72.678467 11.534041 0.010987
v -72.430099 11.539970 0.525309
v -72.086182 11.546399 0.981364
v -71.659927 11.553091 1.361483
v -71.167664 11.559782 1.651142
v -70.628326 11.566212 1.839149
v -70.062706 11.572141 1.918385
v -69.492401 11.577340 1.885649
v -68.939468 11.581597 1.742325
v -68.425110 11.584767 1.493903
v -67.969040 11.586722 1.149907
v -67.588867 11.587374 0.723516
v -67.299118 11.586722 0.231187
v -67.111023 11.584767 -0.308210
v -67.031738 11.581597 -0.873896
v -67.064323 11.577341 -1.444169
v -67.207504 11.572142 -1.997172
v -67.455872 11.566213 -2.511495
v -67.799759 11.559783 -2.967528
v -68.226044 11.553092 -3.347669
v -68.718285 11.546400 -3.637307
v -69.257645 11.539971 -3.825334
v -69.823273 11.534045 -3.904570
v -70.393570 11.528847 -3.871834
v -70.946503 11.524586 -3.728510
v -71.460861 11.521415 -3.480089
v -71.916901 11.519461 -3.136071
v -71.190079 10.295277 -1.902636
v -70.974129 10.534243 -1.745168
v -71.123833 10.533928 -1.854159
v -70.944733 10.495049 -2.076499
v -70.781204 10.504730 -1.969823
v -70.983902 10.284193 -2.130198
v -70.763817 10.400206 -2.283905
v -70.570053 10.425772 -2.167226
v -70.740021 10.250322 -2.315947
v -70.595276 10.263998 -2.473626
v -70.355408 10.304958 -2.334668
v -70.471703 10.194370 -2.455429
v -70.440918 10.084690 -2.635108
v -70.141403 10.144037 -2.462438
v -70.186920 10.118866 -2.541363
v -70.304657 9.866199 -2.760747
v -69.934319 9.947958 -2.544457
v -69.895447 10.026865 -2.569876
v -70.191917 9.616922 -2.845581
v -69.742233 9.724247 -2.577543
v -69.608574 9.921898 -2.539777
v -70.106827 9.346445 -2.886516
v -69.572540 9.481508 -2.560283
v -69.337318 9.808002 -2.452294
v -70.052795 9.065161 -2.881854
v -69.431557 9.229069 -2.493608
v -69.092133 9.689562 -2.310685
v -70.031837 8.783875 -2.831838
v -69.324997 8.976631 -2.379777
v -68.882317 9.571119 -2.120510
v -70.044800 8.513399 -2.738304
v -69.256691 8.733892 -2.223490
v -68.716095 9.457228 -1.888986
v -70.091080 8.264126 -2.605003
v -69.229469 8.510191 -2.030485
v -68.599731 9.352264 -1.625047
v -70.169067 8.045637 -2.436882
v -69.244247 8.314106 -1.808240
v -68.537766 9.260265 -1.338811
v -70.275627 7.866327 -2.240540
v -69.300476 8.153185 -1.565423
v -68.532524 9.184759 -1.041396
v -70.406677 7.733091 -2.023480
v -69.396072 8.033615 -1.311166
v -68.584297 9.128660 -0.744010
v -70.557281 7.651039 -1.793971
v -69.527252 7.959982 -1.055449
v -68.690956 9.094114 -0.458369
v -70.721626 7.623339 -1.560871
v -69.689064 7.935122 -0.807933
v -68.848549 9.082445 -0.195210
v -70.893234 7.651039 -1.333243
v -69.875175 7.959982 -0.578312
v -69.050926 9.094114 0.035292
v -71.065720 7.733091 -1.119689
v -70.078629 8.033615 -0.375124
v -69.290367 9.128664 0.224282
v -71.232323 7.866331 -0.928555
v -70.291405 8.153191 -0.206488
v -69.557686 9.184765 0.364490
v -71.386681 8.045641 -0.767073
v -70.505402 8.314116 -0.078717
v -69.842468 9.260273 0.450425
v -71.522911 8.264130 -0.641413
v -70.712463 8.510201 0.003324
v -70.133942 9.352274 0.478937
v -71.635681 8.513403 -0.556600
v -70.904579 8.733908 0.036388
v -70.420792 9.457235 0.448859
v -71.720749 8.783878 -0.515645
v -71.074265 8.976646 0.019128
v -70.692078 9.571133 0.361356
v -71.774803 9.065165 -0.520327
v -71.215225 9.229084 -0.047526
v -70.937256 9.689571 0.219747
v -71.795761 9.346451 -0.570343
v -71.321777 9.481518 -0.161357
v -71.147072 9.808016 0.029572
v -71.782799 9.616926 -0.663878
v -71.390091 9.724257 -0.317645
v -71.313301 9.921907 -0.201953
v -71.736496 9.866205 -0.797157
v -71.417343 9.947968 -0.510670
v -71.429657 10.026871 -0.465891
v -71.658531 10.084694 -0.965299
v -71.402557 10.144047 -0.732915
v -71.491623 10.118870 -0.752127
v -71.551971 10.264002 -1.161641
v -71.346329 10.304966 -0.975733
v -71.496864 10.194376 -1.049543
v -71.422859 10.400206 -1.380113
v -71.252533 10.425777 -1.231298
v -71.446091 10.250328 -1.347656
v -71.280693 10.495049 -1.615771
v -71.129128 10.504730 -1.492686
v -71.343796 10.284199 -1.636652
v -42.523262 4.405302 16.304382
v -42.386192 4.405302 15.979127
v -42.315186 4.405302 15.633279
v -42.312996 4.405302 15.280190
v -42.379665 4.405302 14.933445
v -42.512783 4.405302 14.606491
v -42.707108 4.405302 14.311711
v -42.955177 4.405302 14.060476
v -43.247581 4.405302 13.862617
v -43.572884 4.405302 13.725430
v -43.918728 4.405302 13.654422
v -44.271721 4.405302 13.652217
v -44.618450 4.405302 13.718985
v -44.945503 4.405302 13.852118
v -45.240189 4.405302 14.046377
v -45.491417 4.405302 14.294498
v -45.689384 4.405302 14.586869
v -45.826454 4.405302 14.912124
v -45.897461 4.405302 15.257972
v -45.899677 4.405302 15.611040
v -45.832981 4.405302 15.957807
v -45.699860 4.405302 16.284760
v -45.505562 4.405302 16.579519
v -45.257412 4.405302 16.830641
v -44.965088 4.405302 17.028612
v -44.639793 4.405302 17.165802
v -44.293941 4.405302 17.236809
v -43.940926 4.405302 17.239035
v -43.594193 4.405302 17.172268
v -43.267174 4.405302 17.039112
v -42.972454 4.405302 16.844872
v -42.721252 4.405302 16.596731
v -42.386192 4.405302 15.979127
v -42.523262 4.405302 16.304382
v -42.315186 4.405302 15.633279
v -42.312996 4.405302 15.280190
v -42.379665 4.405302 14.933445
v -42.512783 4.405302 14.606491
v -42.707108 4.405302 14.311711
v -42.955177 4.405302 14.060476
v -43.247581 4.405302 13.862617
v -43.572884 4.405302 13.725430
v -43.918728 4.405302 13.654422
v -44.271721 4.405302 13.652217
v -44.618450 4.405302 13.718985
v -44.945503 4.405302 13.852118
v -45.240189 4.405302 14.046377
v -45.491417 4.405302 14.294498
v -45.689384 4.405302 14.586869
v -45.826454 4.405302 14.912124
v -45.897461 4.405302 15.257972
v -45.899677 4.405302 15.611040
v -45.832981 4.405302 15.957807
v -45.699860 4.405302 16.284760
v -45.505562 4.405302 16.579519
v -45.257412 4.405302 16.830641
v -44.965088 4.405302 17.028612
v -44.639793 4.405302 17.165802
v -44.293941 4.405302 17.236809
v -43.940926 4.405302 17.239035
v -43.594193 4.405302 17.172268
v -43.267174 4.405302 17.039112
v -42.972454 4.405302 16.844872
v -42.721252 4.405302 16.596731
v -43.126968 5.029215 15.749309
v -43.205017 5.029215 15.934497
v -43.086510 5.029215 15.552418
v -43.085266 5.029215 15.351370
v -43.123268 5.029215 15.153997
v -43.199036 5.029215 14.967836
v -43.309700 5.029215 14.800037
v -43.450981 5.029215 14.657047
v -43.617355 5.029215 14.544281
v -43.802612 5.029215 14.466269
v -43.999527 5.029215 14.425840
v -44.200481 5.029215 14.424530
v -44.397919 5.029215 14.462618
v -44.584129 5.029215 14.538390
v -44.751869 5.029215 14.648924
v -44.899773 5.030804 14.787539
v -45.017174 5.032314 14.951536
v -45.090561 5.030804 15.139250
v -45.126129 5.029215 15.338833
v -45.127403 5.029215 15.539861
v -45.089401 5.029215 15.737233
v -45.013611 5.029215 15.923413
v -44.902969 5.029215 16.091190
v -44.761688 5.029215 16.234184
v -44.595314 5.029215 16.346951
v -44.410027 5.029215 16.424982
v -44.213146 5.029215 16.465389
v -44.012108 5.029215 16.466583
v -43.814724 5.029215 16.428633
v -43.628544 5.029215 16.352840
v -43.460716 5.029215 16.242193
v -43.317757 5.029215 16.101019
v -42.386192 5.029215 15.979127
v -42.523262 5.029215 16.304382
v -42.315186 5.029215 15.633279
v -42.312996 5.029215 15.280190
v -42.379665 5.029215 14.933445
v -42.512783 5.029215 14.606491
v -42.707108 5.029215 14.311711
v -42.955177 5.029215 14.060476
v -43.247581 5.029215 13.862617
v -43.572884 5.029215 13.725430
v -43.918728 5.029215 13.654422
v -44.271721 5.029215 13.652217
v -44.618450 5.029215 13.718985
v -44.945503 5.029215 13.852118
v -45.259476 5.036951 14.036679
v -45.537376 5.075788 14.277393
v -45.738373 5.100010 14.560220
v -45.865913 5.075788 14.882998
v -45.916138 5.036951 15.247143
v -45.899677 5.029215 15.611040
v -45.832981 5.029215 15.957807
v -45.699860 5.029215 16.284760
v -45.505562 5.029215 16.579519
v -45.257412 5.029215 16.830641
v -44.965088 5.029215 17.028612
v -44.639793 5.029215 17.165802
v -44.293941 5.029215 17.236809
v -43.940926 5.029215 17.239035
v -43.594193 5.029215 17.172268
v -43.267174 5.029215 17.039112
v -42.972454 5.029215 16.844872
v -42.721252 5.029215 16.596731
v -45.216450 8.350748 14.582454
v -45.323002 8.373102 14.785608
v -45.119682 8.284540 14.384036
v -45.036453 8.177027 14.198086
v -44.969772 8.032333 14.031486
v -44.922440 7.856030 13.890928
v -44.896152 7.654879 13.781629
v -44.891869 7.436621 13.707774
v -44.909893 7.209642 13.672289
v -44.949440 6.982662 13.676616
v -45.009048 6.764404 13.720423
v -45.086266 6.563255 13.802014
v -45.178383 6.386946 13.918468
v -45.281631 6.242258 14.065034
v -45.392166 6.134739 14.236307
v -45.505733 6.068531 14.425621
v -45.617889 6.046179 14.625563
v -45.724411 6.068531 14.828738
v -45.821209 6.134739 15.027135
v -45.904438 6.242258 15.213084
v -45.971085 6.386946 15.379707
v -46.018425 6.563255 15.520265
v -46.044708 6.764404 15.629564
v -46.048992 6.982662 15.703418
v -46.030998 7.209642 15.738882
v -45.991417 7.436621 15.734578
v -45.931839 7.654879 15.690748
v -45.854595 7.856024 15.609178
v -45.762478 8.032333 15.492722
v -45.659225 8.177027 15.346160
v -45.548691 8.284540 15.174885
v -45.435127 8.350748 14.985572
v -61.151894 10.323442 5.839550
v -61.269108 10.365379 6.088689
v -61.047867 10.226744 5.595279
v -60.950771 10.093840 5.370742
v -60.870941 9.920395 5.171142
v -60.814167 9.709045 5.002559
v -60.782669 9.467922 4.871572
v -60.777596 9.206282 4.783109
v -60.799129 8.934193 4.740527
v -60.846512 8.662100 4.745601
v -60.917908 8.400463 4.798093
v -61.010559 8.159338 4.896007
v -61.120899 7.947989 5.035480
v -61.244774 7.774542 5.211341
v -61.377224 7.645658 5.416558
v -61.513386 7.566292 5.643503
v -61.647823 7.539494 5.883225
v -61.775555 7.566292 6.126793
v -61.891541 7.645658 6.364610
v -61.991341 7.774542 6.587526
v -62.071171 7.947989 6.787126
v -62.127945 8.159338 6.955710
v -62.159527 8.400463 7.086809
v -62.164597 8.662100 7.175273
v -62.142982 8.934193 7.217741
v -62.095600 9.206287 7.212667
v -62.024204 9.467922 7.160175
v -61.931553 9.709045 7.062262
v -61.821213 9.920395 6.922788
v -61.697422 10.093840 6.747041
v -61.562103 10.226744 6.543218
v -61.414062 10.323442 6.322841
v -61.997646 10.690804 5.334370
v -62.120827 10.690439 5.626637
v -61.933811 10.691891 5.023613
v -61.931873 10.693651 4.706474
v -61.991776 10.696016 4.395032
v -62.111301 10.698901 4.101206
v -62.285843 10.702191 3.836386
v -62.508663 10.705764 3.610722
v -62.771343 10.709479 3.432965
v -63.063560 10.713196 3.309775
v -63.374191 10.716763 3.245946
v -63.691353 10.720054 3.244035
v -64.002831 10.722941 3.304044
v -64.296577 10.725308 3.423585
v -64.561432 10.727069 3.598233
v -64.787102 10.728149 3.821177
v -64.964874 10.728516 4.083762
v -65.088165 10.728149 4.376122
v -65.151917 10.727069 4.686765
v -65.153938 10.725308 5.004019
v -65.094009 10.722941 5.315480
v -64.974510 10.720054 5.609285
v -64.799881 10.716763 5.873991
v -64.577042 10.713196 6.099677
v -64.314468 10.709479 6.277527
v -64.022247 10.705764 6.400717
v -63.711506 10.702191 6.464452
v -63.394432 10.698901 6.466478
v -63.082985 10.696016 6.406447
v -62.789154 10.693651 6.286793
v -62.524380 10.691891 6.112259
v -62.298710 10.690804 5.889315
v -61.997646 11.185500 5.334370
v -62.120827 11.185135 5.626637
v -61.933811 11.186586 5.023613
v -61.931873 11.188347 4.706474
v -61.991776 11.190708 4.395032
v -62.111301 11.193598 4.101206
v -62.285843 11.196888 3.836386
v -62.508663 11.200456 3.610722
v -62.771343 11.204171 3.432965
v -63.063560 11.207886 3.309775
v -63.374191 11.211459 3.245946
v -63.691353 11.214749 3.244035
v -64.002831 11.217637 3.304044
v -64.296577 11.220000 3.423585
v -64.561432 11.221761 3.598233
v -64.787102 11.222846 3.821177
v -64.964874 11.223211 4.083762
v -65.088165 11.222846 4.376122
v -65.151917 11.221761 4.686765
v -65.153938 11.220000 5.004019
v -65.094009 11.217637 5.315480
v -64.974510 11.214749 5.609285
v -64.799881 11.211459 5.873991
v -64.577042 11.207886 6.099677
v -64.314468 11.204171 6.277527
v -64.022247 11.200456 6.400717
v -63.711506 11.196888 6.464452
v -63.394432 11.193598 6.466478
v -63.082985 11.190708 6.406447
v -62.789154 11.188347 6.286793
v -62.524380 11.186586 6.112259
v -62.298710 11.185500 5.889315
v -60.760029 11.170540 5.718070
v -60.981926 11.169889 6.244514
v -60.645069 11.172495 5.158505
v -60.641468 11.175666 4.587209
v -60.749439 11.179927 4.026370
v -60.964687 11.185121 3.497271
v -61.279041 11.191050 3.020360
v -61.680347 11.197484 2.613923
v -62.153275 11.204171 2.293679
v -62.679607 11.210862 2.071864
v -63.239140 11.217292 1.957101
v -63.810291 11.223225 1.953605
v -64.371201 11.228425 2.061612
v -64.900253 11.232677 2.276980
v -65.377060 11.235851 2.591367
v -65.783493 11.237802 2.992849
v -66.103806 11.238458 3.465863
v -66.325699 11.237802 3.992309
v -66.440659 11.235851 4.551872
v -66.444176 11.232677 5.123055
v -66.336288 11.228425 5.684008
v -66.121040 11.223225 6.213107
v -65.806686 11.217292 6.690017
v -65.405296 11.210862 7.096340
v -64.932457 11.204171 7.416698
v -64.406151 11.197484 7.638492
v -63.846588 11.191050 7.753276
v -63.275436 11.185131 7.756772
v -62.714527 11.179927 7.648766
v -62.185471 11.175666 7.433398
v -61.708557 11.172495 7.118918
v -61.302231 11.170540 6.717529
v -60.749912 11.519462 5.723526
v -60.971809 11.518806 6.249971
v -60.634979 11.521416 5.163941
v -60.631435 11.524587 4.592780
v -60.739323 11.528848 4.031826
v -60.954571 11.534042 3.502728
v -61.268925 11.539971 3.025817
v -61.670315 11.546400 2.619494
v -62.143242 11.553092 2.299250
v -62.669491 11.559783 2.077321
v -63.229050 11.566213 1.962537
v -63.800205 11.572142 1.959041
v -64.361084 11.577341 2.067069
v -64.890144 11.581597 2.282437
v -65.367058 11.584767 2.596916
v -65.773407 11.586722 2.998285
v -66.093689 11.587374 3.471320
v -66.315613 11.586722 3.997744
v -66.430542 11.584767 4.557329
v -66.434174 11.581597 5.128605
v -66.326172 11.577341 5.689465
v -66.110924 11.572142 6.218563
v -65.796600 11.566213 6.695454
v -65.395294 11.559783 7.101890
v -64.922363 11.553092 7.422134
v -64.396034 11.546400 7.643950
v -63.836555 11.539971 7.758847
v -63.265320 11.534046 7.762228
v -62.704437 11.528848 7.654202
v -62.175385 11.524587 7.438833
v -61.698551 11.521416 7.124468
v -61.292114 11.519462 6.722985
v -62.176014 10.295277 5.596694
v -62.410995 10.534243 5.469335
v -62.248138 10.533928 5.557543
v -62.396172 10.495049 5.801665
v -62.572426 10.504730 5.717651
v -62.350304 10.284193 5.849774
v -62.547985 10.400206 6.031163
v -62.755520 10.425772 5.941271
v -62.567318 10.250322 6.066114
v -62.689953 10.263998 6.241656
v -62.946114 10.304958 6.135683
v -62.814804 10.194370 6.239985
v -62.821548 10.084690 6.422184
v -63.141327 10.144037 6.290768
v -63.085686 10.118866 6.362935
v -62.939892 9.866199 6.564726
v -63.335583 9.947958 6.399422
v -63.370777 10.026865 6.429790
v -63.040451 9.616922 6.663854
v -63.521633 9.724247 6.457681
v -63.659138 9.921898 6.438056
v -63.119278 9.346445 6.715643
v -63.692173 9.481508 6.463191
v -63.939522 9.808002 6.387206
v -63.173492 9.065161 6.718177
v -63.840630 9.229069 6.415679
v -64.201431 9.689562 6.279483
v -63.200863 8.783875 6.671336
v -63.961452 8.976631 6.317103
v -64.434547 9.571119 6.118749
v -63.200466 8.513399 6.577019
v -64.049820 8.733892 6.171149
v -64.630013 9.457228 5.911285
v -63.172173 8.264126 6.438636
v -64.102394 8.510191 5.983401
v -64.780350 9.352264 5.665160
v -63.117229 8.045637 6.261733
v -64.117203 8.314106 5.761223
v -64.879745 9.260265 5.389681
v -63.037693 7.866327 6.053019
v -64.093651 8.153185 5.513076
v -64.924324 9.184759 5.095524
v -62.936531 7.733091 5.820450
v -64.032639 8.033615 5.248437
v -64.912498 9.128660 4.793972
v -62.817680 7.651039 5.573025
v -63.936562 7.959982 4.977601
v -64.844620 9.094114 4.496637
v -62.685703 7.623339 5.320162
v -63.809032 7.935122 4.710848
v -64.723328 9.082445 4.214861
v -62.545738 7.651039 5.071725
v -63.654903 7.959982 4.458426
v -64.553268 9.094114 3.959568
v -62.403133 7.733091 4.837259
v -63.480282 8.033615 4.230202
v -64.340973 9.128664 3.740484
v -62.263351 7.866331 4.625697
v -63.291729 8.153191 4.034824
v -64.094650 9.184765 3.566114
v -62.131783 8.045641 4.445148
v -63.096516 8.314116 3.879739
v -63.823769 9.260273 3.443164
v -62.013443 8.264130 4.302606
v -62.902176 8.510201 3.770971
v -63.538677 9.352274 3.376309
v -61.912853 8.513403 4.203498
v -62.716209 8.733908 3.712826
v -63.250317 9.457235 3.368044
v -61.834026 8.783878 4.151710
v -62.545670 8.976646 3.707316
v -62.969933 9.571133 3.418893
v -61.779842 9.065165 4.149155
v -62.397129 9.229084 3.754714
v -62.708023 9.689571 3.526616
v -61.752357 9.346451 4.195902
v -62.276390 9.481518 3.853404
v -62.474907 9.808016 3.687351
v -61.752834 9.616926 4.290334
v -62.188019 9.724257 3.999357
v -62.279446 9.921907 3.894814
v -61.781048 9.866205 4.428603
v -62.135368 9.947968 4.186991
v -62.129105 10.026871 4.140940
v -61.835991 10.084694 4.605505
v -62.120560 10.144047 4.409170
v -62.029739 10.118870 4.416397
v -61.915638 10.264002 4.814313
v -62.144104 10.304966 4.657317
v -61.985134 10.194376 4.710576
v -62.014698 10.400206 5.048066
v -62.203159 10.425777 4.923036
v -61.995880 10.250328 5.012741
v -62.124313 10.495049 5.300480
v -62.290852 10.504730 5.198591
v -62.058956 10.284199 5.312705
v -49.981014 4.653404 -20.336361
v -50.286293 4.653404 -20.516027
v -50.620735 4.653404 -20.632658
v -50.971535 4.653404 -20.681791
v -51.325157 4.653404 -20.661589
v -51.668091 4.653404 -20.572680
v -51.987076 4.653404 -20.418648
v -52.269829 4.653402 -20.205389
v -52.505634 4.653402 -19.940960
v -52.685230 4.653402 -19.635719
v -52.801918 4.653402 -19.301191
v -52.851055 4.653402 -18.950388
v -52.830780 4.653402 -18.596806
v -52.741905 4.653402 -18.253939
v -52.587879 4.653402 -17.934959
v -52.374588 4.653402 -17.652180
v -52.110199 4.653402 -17.416447
v -51.804920 4.653402 -17.236782
v -51.470448 4.653404 -17.120134
v -51.119675 4.653404 -17.071018
v -50.766056 4.653404 -17.091221
v -50.423203 4.653404 -17.180017
v -50.104221 4.653404 -17.334045
v -49.821381 4.653404 -17.547421
v -49.585663 4.653404 -17.811737
v -49.405983 4.653404 -18.117090
v -49.289375 4.653404 -18.451508
v -49.240242 4.653404 -18.802309
v -49.260429 4.653404 -19.156004
v -49.349304 4.653404 -19.498869
v -49.503304 4.653404 -19.817833
v -49.716621 4.653404 -20.100630
v -50.286293 4.653404 -20.516027
v -49.981014 4.653404 -20.336361
v -50.620735 4.653404 -20.632658
v -50.971535 4.653404 -20.681791
v -51.325157 4.653404 -20.661589
v -51.668091 4.653404 -20.572680
v -51.987076 4.653404 -20.418648
v -52.269829 4.653402 -20.205389
v -52.505634 4.653402 -19.940960
v -52.685230 4.653402 -19.635719
v -52.801918 4.653402 -19.301191
v -52.851055 4.653402 -18.950388
v -52.830780 4.653402 -18.596806
v -52.741905 4.653402 -18.253939
v -52.587879 4.653402 -17.934959
v -52.374588 4.653402 -17.652180
v -52.110199 4.653402 -17.416447
v -51.804920 4.653402 -17.236782
v -51.470448 4.653404 -17.120134
v -51.119675 4.653404 -17.071018
v -50.766056 4.653404 -17.091221
v -50.423203 4.653404 -17.180017
v -50.104221 4.653404 -17.334045
v -49.821381 4.653404 -17.547421
v -49.585663 4.653404 -17.811737
v -49.405983 4.653404 -18.117090
v -49.289375 4.653404 -18.451508
v -49.240242 4.653404 -18.802309
v -49.260429 4.653404 -19.156004
v -49.349304 4.653404 -19.498869
v -49.503304 4.653404 -19.817833
v -49.716621 4.653404 -20.100630
v -50.613335 5.279375 -19.809841
v -50.439461 5.279375 -19.707664
v -50.803741 5.279375 -19.876245
v -51.003479 5.279375 -19.904243
v -51.204796 5.279375 -19.892729
v -51.400005 5.279375 -19.842197
v -51.581596 5.279375 -19.754501
v -51.742649 5.279375 -19.632980
v -51.876877 5.279375 -19.482477
v -51.979141 5.279373 -19.308661
v -52.045525 5.279373 -19.118282
v -52.073502 5.279373 -18.918575
v -52.062019 5.279373 -18.717148
v -52.011436 5.279373 -18.521948
v -51.923717 5.279373 -18.340336
v -51.805519 5.280968 -18.174904
v -51.658150 5.282484 -18.036373
v -51.481201 5.280968 -17.938412
v -51.287525 5.279375 -17.876429
v -51.087818 5.279375 -17.848452
v -50.886497 5.279375 -17.859968
v -50.691204 5.279375 -17.910612
v -50.509613 5.279375 -17.998306
v -50.348648 5.279375 -18.119717
v -50.214417 5.279375 -18.270224
v -50.112156 5.279375 -18.444036
v -50.045685 5.279375 -18.634527
v -50.017708 5.279375 -18.834236
v -50.029274 5.279375 -19.035547
v -50.079857 5.279375 -19.230749
v -50.167549 5.279375 -19.412340
v -50.289017 5.279375 -19.573349
v -50.286293 5.279375 -20.516027
v -49.981014 5.279375 -20.336361
v -50.620735 5.279375 -20.632658
v -50.971535 5.279375 -20.681791
v -51.325157 5.279375 -20.661589
v -51.668091 5.279375 -20.572680
v -51.987076 5.279375 -20.418648
v -52.269829 5.279373 -20.205389
v -52.505634 5.279373 -19.940960
v -52.685230 5.279373 -19.635719
v -52.801918 5.279373 -19.301191
v -52.851055 5.279373 -18.950388
v -52.830780 5.279373 -18.596806
v -52.741905 5.279373 -18.253939
v -52.600136 5.287136 -17.917013
v -52.397785 5.326103 -17.608702
v -52.143188 5.350405 -17.371206
v -51.839226 5.326103 -17.201405
v -51.483788 5.287138 -17.102980
v -51.119675 5.279375 -17.071018
v -50.766056 5.279375 -17.091221
v -50.423203 5.279375 -17.180017
v -50.104221 5.279375 -17.334045
v -49.821381 5.279375 -17.547421
v -49.585663 5.279375 -17.811737
v -49.405983 5.279375 -18.117090
v -49.289375 5.279375 -18.451508
v -49.240242 5.279375 -18.802309
v -49.260429 5.279375 -19.156004
v -49.349304 5.279375 -19.498869
v -49.503304 5.279375 -19.817833
v -49.716621 5.279375 -20.100630
v -52.051647 8.611868 -17.887280
v -51.863815 8.634300 -17.754328
v -52.236038 8.545443 -18.009869
v -52.409935 8.437574 -18.117470
v -52.566727 8.292404 -18.205795
v -52.700283 8.115519 -18.271589
v -52.805462 7.913702 -18.312325
v -52.878288 7.694729 -18.326330
v -52.915970 7.466997 -18.313139
v -52.916927 7.239267 -18.273342
v -52.881329 7.020288 -18.208282
v -52.810471 6.818478 -18.120481
v -52.706909 6.641588 -18.013550
v -52.574883 6.496418 -17.891266
v -52.419266 6.388546 -17.758595
v -52.246178 6.322123 -17.620508
v -52.062168 6.299696 -17.482315
v -51.874367 6.322123 -17.349384
v -51.689941 6.388548 -17.226776
v -51.516052 6.496420 -17.119173
v -51.359257 6.641590 -17.030849
v -51.225784 6.818480 -16.964941
v -51.120522 7.020290 -16.924318
v -51.047695 7.239269 -16.910313
v -51.010098 7.466999 -16.923393
v -51.009056 7.694731 -16.963301
v -51.044655 7.913704 -17.028358
v -51.115601 8.115520 -17.116047
v -51.219070 8.292406 -17.223097
v -51.351105 8.437576 -17.345379
v -51.506714 8.545444 -17.478050
v -51.679836 8.611870 -17.616159
v -62.664772 10.323448 -3.633142
v -62.433365 10.365383 -3.483950
v -62.893177 10.226744 -3.768622
v -63.102806 10.093843 -3.894601
v -63.290073 9.920395 -4.000260
v -63.449612 9.709045 -4.078893
v -63.575264 9.467922 -4.127578
v -63.662319 9.206287 -4.144279
v -63.707298 8.934193 -4.128553
v -63.708519 8.662104 -4.080918
v -63.666008 8.400463 -4.003138
v -63.581238 8.159338 -3.898385
v -63.457596 7.947989 -3.770523
v -63.299828 7.774546 -3.624410
v -63.113964 7.645662 -3.465839
v -62.907112 7.566292 -3.300865
v -62.687225 7.539494 -3.135812
v -62.462849 7.566292 -2.976913
v -62.242535 7.645662 -2.830400
v -62.034737 7.774546 -2.701914
v -61.847412 7.947989 -2.596389
v -61.687874 8.159338 -2.517757
v -61.562191 8.400469 -2.469051
v -61.475140 8.662104 -2.452351
v -61.430157 8.934193 -2.468077
v -61.428936 9.206287 -2.515711
v -61.471451 9.467922 -2.593491
v -61.556248 9.709045 -2.698265
v -61.679890 9.920395 -2.826127
v -61.837715 10.093843 -2.972105
v -62.021778 10.226744 -3.133204
v -62.220570 10.323448 -3.309232
v -63.277664 10.690804 -2.861873
v -63.004322 10.690444 -2.700953
v -63.577190 10.691891 -2.966303
v -63.891308 10.693651 -3.010332
v -64.207947 10.696016 -2.992313
v -64.515038 10.698901 -2.912700
v -64.800644 10.702196 -2.774827
v -65.053848 10.705764 -2.583833
v -65.264862 10.709479 -2.347235
v -65.425705 10.713196 -2.073876
v -65.530144 10.716763 -1.774400
v -65.574104 10.720057 -1.460320
v -65.556023 10.722947 -1.143592
v -65.476372 10.725308 -0.836605
v -65.338425 10.727069 -0.550989
v -65.147423 10.728155 -0.297731
v -64.910637 10.728516 -0.086669
v -64.637291 10.728155 0.074251
v -64.337769 10.727069 0.178681
v -64.023651 10.725308 0.222709
v -63.707012 10.722947 0.204691
v -63.399921 10.720057 0.125078
v -63.114319 10.716763 -0.012795
v -62.861111 10.713196 -0.203789
v -62.650013 10.709479 -0.440501
v -62.489250 10.705764 -0.713746
v -62.384815 10.702196 -1.013222
v -62.340855 10.698906 -1.327302
v -62.358940 10.696016 -1.644031
v -62.438587 10.693651 -1.951017
v -62.576538 10.691891 -2.236633
v -62.767540 10.690804 -2.489892
v -63.277664 11.185500 -2.861873
v -63.004322 11.185140 -2.700953
v -63.577190 11.186586 -2.966303
v -63.891308 11.188347 -3.010332
v -64.207947 11.190713 -2.992313
v -64.515038 11.193598 -2.912700
v -64.800644 11.196888 -2.774827
v -65.053848 11.200459 -2.583833
v -65.264862 11.204175 -2.347235
v -65.425705 11.207891 -2.073876
v -65.530144 11.211459 -1.774400
v -65.574104 11.214754 -1.460320
v -65.556023 11.217637 -1.143592
v -65.476372 11.220004 -0.836605
v -65.338425 11.221766 -0.550989
v -65.147423 11.222846 -0.297731
v -64.910637 11.223211 -0.086669
v -64.637291 11.222846 0.074251
v -64.337769 11.221766 0.178681
v -64.023651 11.220004 0.222709
v -63.707016 11.217637 0.204691
v -63.399921 11.214754 0.125078
v -63.114319 11.211459 -0.012795
v -62.861111 11.207891 -0.203789
v -62.650013 11.204175 -0.440501
v -62.489254 11.200459 -0.713746
v -62.384815 11.196888 -1.013222
v -62.340855 11.193602 -1.327302
v -62.358940 11.190713 -1.644031
v -62.438587 11.188347 -1.951017
v -62.576538 11.186586 -2.236633
v -62.767540 11.185500 -2.489892
v -62.733208 11.170545 -4.037730
v -62.240860 11.169889 -3.748009
v -63.272655 11.172495 -4.225820
v -63.838341 11.175671 -4.305098
v -64.408615 11.179932 -4.272517
v -64.961548 11.185121 -4.129369
v -65.475937 11.191055 -3.880969
v -65.931953 11.197484 -3.537107
v -66.312073 11.204171 -3.110850
v -66.601791 11.210868 -2.618501
v -66.789780 11.217296 -2.079196
v -66.868942 11.223225 -1.513605
v -66.836281 11.228425 -0.943269
v -66.692955 11.232681 -0.390338
v -66.444534 11.235851 0.124026
v -66.100525 11.237802 0.580142
v -65.674072 11.238458 0.960231
v -65.181839 11.237802 1.250046
v -64.642387 11.235851 1.438135
v -64.076706 11.232681 1.517413
v -63.506405 11.228425 1.484854
v -62.953415 11.223225 1.341571
v -62.439079 11.217296 1.093304
v -61.983093 11.210868 0.749422
v -61.602890 11.204171 0.323052
v -61.313251 11.197484 -0.169183
v -61.125237 11.191055 -0.708467
v -61.046017 11.185131 -1.274194
v -61.078739 11.179932 -1.844395
v -61.222092 11.175671 -2.397346
v -61.470512 11.172495 -2.911710
v -61.814518 11.170545 -3.367826
v -62.726479 11.519462 -4.046961
v -62.234127 11.518806 -3.757239
v -63.265839 11.521416 -4.235164
v -63.831608 11.524587 -4.314328
v -64.401886 11.528848 -4.281748
v -64.954819 11.534042 -4.138600
v -65.469208 11.539971 -3.890198
v -65.925217 11.546400 -3.546338
v -66.305344 11.553092 -3.120081
v -66.594978 11.559783 -2.627845
v -66.783051 11.566213 -2.088428
v -66.862213 11.572142 -1.522835
v -66.829544 11.577341 -0.952499
v -66.686226 11.581597 -0.399569
v -66.437805 11.584767 0.114796
v -66.093712 11.586722 0.570798
v -65.667343 11.587379 0.951001
v -65.175026 11.586722 1.240701
v -64.635658 11.584767 1.428905
v -64.069977 11.581597 1.508182
v -63.499672 11.577341 1.475623
v -62.946686 11.572142 1.332341
v -62.432346 11.566213 1.084074
v -61.976280 11.559783 0.740078
v -61.596161 11.553092 0.313821
v -61.306522 11.546400 -0.178414
v -61.118507 11.539971 -0.717697
v -61.039288 11.534046 -1.283424
v -61.072006 11.528848 -1.853626
v -61.215359 11.524587 -2.406577
v -61.463699 11.521416 -2.921055
v -61.807785 11.519462 -3.377057
v -63.041298 10.295277 -2.650242
v -63.198769 10.534243 -2.434294
v -63.089661 10.533934 -2.583920
v -62.867386 10.495049 -2.404906
v -62.973991 10.504730 -2.241415
v -62.813580 10.284199 -2.444045
v -62.659981 10.400206 -2.223994
v -62.776615 10.425772 -2.030112
v -62.627838 10.250322 -2.200208
v -62.470230 10.263998 -2.055433
v -62.609211 10.304962 -1.815529
v -62.488457 10.194370 -1.931876
v -62.308739 10.084690 -1.901020
v -62.481392 10.144037 -1.601536
v -62.402508 10.118866 -1.646999
v -62.183067 9.866199 -1.764870
v -62.399422 9.947958 -1.394443
v -62.373959 10.026865 -1.355630
v -62.098217 9.616922 -1.652030
v -62.366341 9.724247 -1.202406
v -62.404037 9.921898 -1.068783
v -62.057301 9.346445 -1.567034
v -62.383495 9.481508 -1.032683
v -62.491592 9.808006 -0.797490
v -62.062016 9.065161 -1.512871
v -62.450264 9.229069 -0.891808
v -62.633152 9.689562 -0.552312
v -62.112061 8.783875 -1.491937
v -62.563980 8.976631 -0.785169
v -62.823395 9.571119 -0.342461
v -62.205498 8.513399 -1.504911
v -62.720417 8.733892 -0.716835
v -63.054852 9.457228 -0.176273
v -62.338875 8.264126 -1.551201
v -62.913372 8.510191 -0.689620
v -63.318768 9.352268 -0.059941
v -62.506924 8.045637 -1.629232
v -63.135609 8.314106 -0.704354
v -63.604996 9.260269 0.002070
v -62.703316 7.866327 -1.735784
v -63.378433 8.153185 -0.760631
v -63.902512 9.184759 0.007328
v -62.920406 7.733091 -1.866854
v -63.632591 8.033615 -0.856243
v -64.199776 9.128660 -0.044487
v -63.149887 7.651039 -2.017433
v -63.888359 7.959982 -0.987413
v -64.485565 9.094114 -0.151119
v -63.382908 7.623339 -2.181766
v -64.135849 7.935122 -1.149203
v -64.748680 9.082449 -0.308771
v -63.610615 7.651039 -2.353392
v -64.365555 7.959986 -1.335379
v -64.979225 9.094114 -0.511094
v -63.824139 7.733091 -2.525851
v -64.568634 8.033621 -1.538798
v -65.168121 9.128664 -0.750600
v -64.015327 7.866331 -2.692495
v -64.737366 8.153196 -1.751558
v -65.308342 9.184769 -1.017793
v -64.176788 8.045641 -2.846888
v -64.865189 8.314116 -1.965551
v -65.394287 9.260279 -1.302670
v -64.302467 8.264130 -2.983038
v -64.947159 8.510201 -2.172644
v -65.422836 9.352280 -1.594039
v -64.387314 8.513403 -3.095878
v -64.980240 8.733908 -2.364681
v -65.392677 9.457235 -1.880999
v -64.428230 8.783878 -3.180873
v -64.962997 8.976646 -2.534517
v -65.305206 9.571133 -2.152178
v -64.423599 9.065165 -3.234922
v -64.896263 9.229084 -2.675413
v -65.163559 9.689571 -2.397471
v -64.373474 9.346457 -3.255971
v -64.782516 9.481524 -2.782031
v -64.973404 9.808016 -2.607208
v -64.280037 9.616932 -3.242996
v -64.626160 9.724260 -2.850251
v -64.741859 9.921907 -2.773509
v -64.146660 9.866205 -3.196706
v -64.433205 9.947968 -2.877467
v -64.477943 10.026871 -2.889842
v -63.978607 10.084694 -3.118675
v -64.210968 10.144047 -2.862734
v -64.191803 10.118870 -2.951740
v -63.782246 10.264002 -3.012144
v -63.968143 10.304966 -2.806456
v -63.894287 10.194376 -2.956996
v -63.563713 10.400206 -2.882991
v -63.712658 10.425777 -2.712667
v -63.596188 10.250328 -2.906321
v -63.328056 10.495052 -2.740824
v -63.451130 10.504734 -2.589340
v -63.307243 10.284199 -2.804019
v -85.438660 4.617281 20.100431
v -85.186996 4.617281 20.309769
v -84.899246 4.617281 20.465832
v -84.586624 4.617281 20.562887
v -84.261101 4.617281 20.597078
v -83.935120 4.617281 20.567024
v -83.621262 4.617281 20.474010
v -83.331657 4.617281 20.321606
v -83.077324 4.617281 20.115547
v -82.868065 4.617281 19.863880
v -82.711868 4.617281 19.576132
v -82.614891 4.617281 19.263542
v -82.580704 4.617281 18.937969
v -82.610733 4.617281 18.612007
v -82.703705 4.617281 18.298100
v -82.856201 4.617281 18.008503
v -83.062286 4.617281 17.754200
v -83.313942 4.617281 17.544861
v -83.601608 4.617281 17.388683
v -83.914291 4.617281 17.291763
v -84.239807 4.617281 17.257572
v -84.565826 4.617281 17.287609
v -84.879646 4.617281 17.380640
v -85.169258 4.617281 17.533047
v -85.423615 4.617281 17.739082
v -85.632874 4.617281 17.990751
v -85.789047 4.617281 18.278519
v -85.886024 4.617281 18.591110
v -85.920212 4.617281 18.916681
v -85.890213 4.617281 19.242622
v -85.797157 4.617281 19.556417
v -85.644737 4.617281 19.846128
v -85.186996 4.617281 20.309769
v -85.438660 4.617281 20.100431
v -84.899246 4.617281 20.465832
v -84.586624 4.617281 20.562887
v -84.261101 4.617281 20.597078
v -83.935120 4.617281 20.567024
v -83.621262 4.617281 20.474010
v -83.331657 4.617281 20.321606
v -83.077324 4.617281 20.115547
v -82.868065 4.617281 19.863880
v -82.711868 4.617281 19.576132
v -82.614891 4.617281 19.263542
v -82.580704 4.617281 18.937969
v -82.610733 4.617281 18.612007
v -82.703705 4.617281 18.298100
v -82.856201 4.617281 18.008503
v -83.062286 4.617281 17.754200
v -83.313942 4.617281 17.544861
v -83.601608 4.617281 17.388683
v -83.914291 4.617281 17.291763
v -84.239807 4.617281 17.257572
v -84.565826 4.617281 17.287609
v -84.879646 4.617281 17.380640
v -85.169258 4.617281 17.533047
v -85.423615 4.617281 17.739082
v -85.632874 4.617281 17.990751
v -85.789047 4.617281 18.278519
v -85.886024 4.617281 18.591110
v -85.920212 4.617281 18.916681
v -85.890213 4.617281 19.242622
v -85.797157 4.617281 19.556417
v -85.644737 4.617281 19.846128
v -84.783653 5.195745 19.714380
v -84.926956 5.195745 19.595222
v -84.619858 5.195745 19.803270
v -84.441872 5.195745 19.858524
v -84.256531 5.195745 19.877951
v -84.070938 5.195745 19.860897
v -83.892273 5.195745 19.807905
v -83.727364 5.195745 19.721136
v -83.582558 5.195745 19.603825
v -83.463387 5.195745 19.460497
v -83.374474 5.195745 19.296673
v -83.319260 5.195745 19.118744
v -83.299835 5.195745 18.933397
v -83.316879 5.195745 18.747808
v -83.369896 5.195745 18.569164
v -83.452957 5.197218 18.400551
v -83.566772 5.198618 18.252274
v -83.713608 5.197218 18.136648
v -83.881081 5.195745 18.051359
v -84.059067 5.195745 17.996105
v -84.244415 5.195745 17.976681
v -84.429977 5.195745 17.993753
v -84.608673 5.195745 18.046724
v -84.773575 5.195745 18.133495
v -84.918381 5.195745 18.250805
v -85.037560 5.195745 18.394135
v -85.126472 5.195745 18.557959
v -85.181656 5.195745 18.735909
v -85.201111 5.195745 18.921234
v -85.184029 5.195745 19.106842
v -85.131042 5.195745 19.285465
v -85.044312 5.195745 19.450476
v -85.186996 5.195745 20.309769
v -85.438660 5.195745 20.100431
v -84.899246 5.195745 20.465832
v -84.586624 5.195745 20.562887
v -84.261101 5.195745 20.597078
v -83.935120 5.195745 20.567024
v -83.621262 5.195745 20.474010
v -83.331657 5.195745 20.321606
v -83.077324 5.195745 20.115547
v -82.868065 5.195745 19.863880
v -82.711868 5.195745 19.576132
v -82.614891 5.195745 19.263542
v -82.580704 5.195745 18.937969
v -82.610733 5.195745 18.612007
v -82.689957 5.202915 18.283684
v -82.828651 5.238928 17.972393
v -83.025482 5.261385 17.717850
v -83.277435 5.238928 17.517719
v -83.586975 5.202915 17.375088
v -83.914291 5.195745 17.291763
v -84.239807 5.195745 17.257572
v -84.565826 5.195745 17.287609
v -84.879646 5.195745 17.380640
v -85.169258 5.195745 17.533047
v -85.423615 5.195745 17.739082
v -85.632874 5.195745 17.990751
v -85.789047 5.195745 18.278519
v -85.886024 5.195745 18.591110
v -85.920212 5.195745 18.916681
v -85.890213 5.195745 19.242622
v -85.797157 5.195745 19.556417
v -85.644737 5.195745 19.846128
v -83.185745 8.275326 18.174911
v -83.337265 8.296053 18.025673
v -83.035767 8.213943 18.314117
v -82.893188 8.114258 18.438158
v -82.763382 7.980106 18.542063
v -82.651390 7.816645 18.621984
v -82.561508 7.630148 18.674784
v -82.497124 7.427792 18.698341
v -82.460846 7.217342 18.691977
v -82.454002 7.006895 18.655777
v -82.476822 6.804539 18.591137
v -82.528366 6.618038 18.500488
v -82.606865 6.454576 18.387562
v -82.709137 6.320425 18.256428
v -82.831284 6.220741 18.112206
v -82.968643 6.159357 17.960550
v -83.115875 6.138632 17.807110
v -83.267365 6.159357 17.657894
v -83.417374 6.220741 17.518665
v -83.559921 6.320425 17.394646
v -83.689758 6.454576 17.290718
v -83.801727 6.618038 17.210819
v -83.891602 6.804539 17.158020
v -83.956017 7.006895 17.134441
v -83.992264 7.217342 17.140825
v -83.999138 7.427792 17.177006
v -83.976318 7.630148 17.241646
v -83.924774 7.816645 17.332294
v -83.846245 7.980106 17.445242
v -83.743996 8.114258 17.576351
v -83.621857 8.213943 17.720575
v -83.484489 8.275326 17.872231
v -71.111633 10.323448 7.129764
v -71.315926 10.365383 6.945185
v -70.908035 10.226744 7.300220
v -70.721390 10.093843 7.458315
v -70.553596 9.920395 7.592712
v -70.408783 9.709045 7.696037
v -70.292519 9.467922 7.764235
v -70.209396 9.206287 7.794826
v -70.162422 8.934193 7.786485
v -70.153549 8.662104 7.739721
v -70.183022 8.400463 7.656087
v -70.249763 8.159338 7.538998
v -70.351219 7.947989 7.392924
v -70.483437 7.774546 7.223378
v -70.641380 7.645662 7.036990
v -70.818947 7.566292 6.840831
v -71.009354 7.539494 6.642468
v -71.205215 7.566292 6.449553
v -71.399147 7.645662 6.269559
v -71.583542 7.774546 6.109269
v -71.751335 7.947989 5.974870
v -71.896141 8.159338 5.871546
v -72.012383 8.400469 5.803369
v -72.095535 8.662104 5.772758
v -72.142502 8.934193 5.781098
v -72.151382 9.206287 5.827862
v -72.121902 9.467922 5.911496
v -72.055168 9.709045 6.028584
v -71.953705 9.920395 6.174659
v -71.821487 10.093843 6.344206
v -71.665771 10.226744 6.532810
v -71.497841 10.323448 6.738527
v -70.382492 10.690803 6.467175
v -70.626381 10.690443 6.264369
v -70.103775 10.691890 6.618573
v -69.800835 10.693650 6.712577
v -69.485367 10.696015 6.745718
v -69.169525 10.698900 6.716646
v -68.865402 10.702195 6.626494
v -68.584808 10.705764 6.478857
v -68.338371 10.709479 6.279259
v -68.135551 10.713196 6.035288
v -67.984344 10.716763 5.756650
v -67.890388 10.720057 5.453718
v -67.857254 10.722947 5.138204
v -67.886353 10.725308 4.822343
v -67.976570 10.727069 4.518298
v -68.124298 10.728155 4.237595
v -68.323959 10.728516 3.991118
v -68.567879 10.728155 3.788291
v -68.846680 10.727069 3.637007
v -69.149620 10.725307 3.543004
v -69.465057 10.722946 3.509882
v -69.780922 10.720057 3.538935
v -70.084969 10.716763 3.628972
v -70.365646 10.713195 3.776723
v -70.612083 10.709478 3.976322
v -70.814819 10.705763 4.220179
v -70.966080 10.702195 4.498951
v -71.060059 10.698905 4.801863
v -71.093109 10.696015 5.117262
v -71.064011 10.693650 5.433124
v -70.973877 10.691890 5.737282
v -70.826065 10.690803 6.017871
v -70.382492 11.185499 6.467175
v -70.626381 11.185139 6.264369
v -70.103775 11.186585 6.618573
v -69.800835 11.188346 6.712577
v -69.485367 11.190712 6.745718
v -69.169525 11.193597 6.716646
v -68.865402 11.196887 6.626494
v -68.584808 11.200459 6.478857
v -68.338371 11.204175 6.279259
v -68.135551 11.207891 6.035288
v -67.984344 11.211459 5.756650
v -67.890388 11.214754 5.453718
v -67.857254 11.217637 5.138204
v -67.886353 11.220004 4.822343
v -67.976570 11.221766 4.518298
v -68.124298 11.222846 4.237595
v -68.323959 11.223211 3.991118
v -68.567879 11.222846 3.788291
v -68.846680 11.221766 3.637007
v -69.149620 11.220003 3.543004
v -69.465057 11.217636 3.509882
v -69.780922 11.214753 3.538935
v -70.084969 11.211458 3.628972
v -70.365646 11.207891 3.776723
v -70.612083 11.204174 3.976322
v -70.814819 11.200459 4.220179
v -70.966080 11.196887 4.498951
v -71.060059 11.193601 4.801863
v -71.093109 11.190712 5.117262
v -71.064011 11.188346 5.433124
v -70.973877 11.186585 5.737282
v -70.826065 11.185499 6.017871
v -71.109161 11.170544 7.540014
v -71.548447 11.169888 7.174830
v -70.607117 11.172494 7.812545
v -70.061539 11.175670 7.981885
v -69.493500 11.179931 8.041588
v -68.924675 11.185120 7.989274
v -68.376991 11.191055 7.826937
v -67.871582 11.197484 7.560989
v -67.427742 11.204171 7.201445
v -67.062660 11.210868 6.762301
v -66.790245 11.217296 6.260297
v -66.620934 11.223225 5.714706
v -66.561409 11.228425 5.146664
v -66.613800 11.232681 4.577827
v -66.776207 11.235851 4.030181
v -67.042343 11.237802 3.524723
v -67.401924 11.238458 3.080812
v -67.841209 11.237802 2.715629
v -68.343254 11.235851 2.443098
v -68.888824 11.232681 2.273758
v -69.456871 11.228424 2.214055
v -70.025696 11.223224 2.266369
v -70.573288 11.217295 2.428592
v -71.078789 11.210867 2.694654
v -71.522545 11.204170 3.054084
v -71.887711 11.197483 3.493341
v -72.160118 11.191054 3.995346
v -72.329346 11.185130 4.540822
v -72.388954 11.179931 5.108979
v -72.336456 11.175670 5.677722
v -72.174156 11.172494 6.225461
v -71.908028 11.170544 6.730920
v -71.117287 11.519461 7.548050
v -71.556572 11.518805 7.182867
v -70.615242 11.521415 7.820580
v -70.069672 11.524586 7.989921
v -69.501625 11.528847 8.049623
v -68.932800 11.534041 7.997309
v -68.385201 11.539971 7.835086
v -67.879738 11.546400 7.569005
v -67.435982 11.553092 7.209574
v -67.070786 11.559783 6.770338
v -66.798378 11.566213 6.268333
v -66.629181 11.572142 5.722836
v -66.569565 11.577341 5.154679
v -66.622040 11.581597 4.585957
v -66.784340 11.584767 4.038218
v -67.050468 11.586722 3.532759
v -67.410049 11.587379 3.088849
v -67.849335 11.586722 2.723665
v -68.351387 11.584767 2.451134
v -68.896957 11.581597 2.281794
v -69.465027 11.577340 2.222070
v -70.033821 11.572141 2.274405
v -70.581505 11.566212 2.436743
v -71.086914 11.559782 2.702690
v -71.530754 11.553091 3.062234
v -71.895836 11.546399 3.501378
v -72.168274 11.539970 4.003361
v -72.337555 11.534045 4.548973
v -72.397087 11.528847 5.117015
v -72.344696 11.524586 5.685852
v -72.182289 11.521415 6.233498
v -71.916153 11.519461 6.738955
v -70.581757 10.295277 6.220284
v -70.391579 10.534243 6.032550
v -70.523376 10.533934 6.162663
v -70.713860 10.495049 5.950105
v -70.582283 10.504730 5.805868
v -70.773262 10.284199 5.980101
v -70.889381 10.400206 5.738155
v -70.743149 10.425772 5.565682
v -70.917244 10.250322 5.709460
v -71.049553 10.263998 5.541241
v -70.873810 10.304962 5.326922
v -71.011658 10.194370 5.422250
v -71.184090 10.084690 5.362846
v -70.965485 10.144037 5.095129
v -71.050667 10.118866 5.127270
v -71.286171 9.866199 5.208290
v -71.013031 9.947958 4.877523
v -71.031914 10.026865 4.835131
v -71.351799 9.616922 5.083280
v -71.014755 9.724247 4.682694
v -70.955963 9.921898 4.556772
v -71.378410 9.346445 4.992661
v -70.970482 9.481508 4.517911
v -70.825943 9.808006 4.303181
v -71.365181 9.065161 4.940167
v -70.881905 9.229069 4.389621
v -70.646683 9.689562 4.083921
v -71.312401 8.783875 4.927511
v -70.752464 8.976631 4.302650
v -70.425186 9.571119 3.907508
v -71.222153 8.513399 4.955268
v -70.587158 8.733892 4.260510
v -70.170013 9.457228 3.780785
v -71.098053 8.264126 5.022544
v -70.392311 8.510191 4.264695
v -69.890778 9.352268 3.708437
v -70.944687 8.045637 5.126521
v -70.175377 8.314106 4.315009
v -69.598335 9.260269 3.693374
v -70.768059 7.866327 5.263347
v -69.944679 8.153185 4.409575
v -69.303894 9.184759 3.736144
v -70.574875 7.733091 5.427609
v -69.709198 8.033615 4.544806
v -69.018745 9.128660 3.834978
v -70.372681 7.651039 5.613275
v -69.477951 7.959982 4.715523
v -68.753937 9.094114 3.986358
v -70.169083 7.623339 5.812878
v -69.259773 7.935122 4.915113
v -68.519615 9.082449 4.184278
v -69.972084 7.651039 6.019016
v -69.063004 7.959986 5.135747
v -68.324631 9.094114 4.421065
v -69.789047 7.733091 6.223528
v -68.895317 8.033621 5.369213
v -68.176781 9.128664 4.687894
v -69.627228 7.866331 6.418849
v -68.763123 8.153196 5.606470
v -68.081444 9.184769 4.974204
v -69.492645 8.045641 6.597109
v -68.671448 8.314116 5.838264
v -68.042465 9.260279 5.269163
v -69.390617 8.264130 6.751800
v -68.623810 8.510201 6.055756
v -68.061218 9.352280 5.561302
v -69.325012 8.513403 6.876790
v -68.622177 8.733908 6.250698
v -68.137169 9.457235 5.839661
v -69.298317 8.783878 6.967294
v -68.666451 8.976646 6.415482
v -68.267189 9.571133 6.093252
v -69.311630 9.065165 7.019901
v -68.755028 9.229084 6.543772
v -68.446419 9.689571 6.312532
v -69.364410 9.346457 7.032557
v -68.884384 9.481524 6.630628
v -68.667915 9.808016 6.488946
v -69.454552 9.616932 7.004707
v -69.049774 9.724260 6.672882
v -68.923203 9.921907 6.615762
v -69.578728 9.866205 6.937546
v -69.244621 9.947968 6.668698
v -69.202354 10.026871 6.687995
v -69.732094 10.084694 6.833568
v -69.461548 10.144047 6.618383
v -69.494774 10.118870 6.703079
v -69.908722 10.264002 6.696742
v -69.692139 10.304966 6.523725
v -69.789291 10.194376 6.660424
v -70.103584 10.400206 6.534055
v -69.929184 10.425777 6.389975
v -70.075302 10.250328 6.562356
v -70.313263 10.495052 6.355845
v -70.167358 10.504734 6.226071
v -70.343956 10.284199 6.414807
v -56.707401 11.306870 -6.228450
v -55.432194 11.306870 9.769724
v -56.707401 11.923992 -6.228450
v -55.432194 11.923992 9.769724
v -70.109810 11.306868 10.939668
v -71.385010 11.306868 -5.058506
v -70.109810 11.923990 10.939668
v -71.385010 11.923990 -5.058506
vn 0.9980 -0.0000 -0.0625
vn -0.9980 -0.0000 0.0625
vn -0.0000 1.0000 -0.0000
vn -0.0000 -1.0000 -0.0000
vn -0.0625 -0.0000 -0.9980
vn 0.0625 -0.0000 0.9980
vn 0.2884 0.4853 -0.8254
vn 0.8729 0.4852 -0.0506
vn 0.7983 -0.0000 -0.6022
vn 0.9968 -0.0000 -0.0795
vn -0.6401 0.7088 -0.2965
vn -0.9968 -0.0000 0.0795
vn -0.1092 0.7088 -0.6969
vn 0.4818 0.6854 0.5460
vn -0.6855 0.7089 -0.1660
vn -0.2429 0.7089 -0.6622
vn 0.5923 0.6801 0.4320
vn -0.7048 0.7088 -0.0289
vn -0.3676 0.7088 -0.6020
vn 0.0001 1.0000 -0.0000
vn 0.6671 0.6854 0.2919
vn -0.6969 0.7088 0.1091
vn -0.4779 0.7088 -0.5188
vn 0.7018 0.6968 0.1483
vn -0.6622 0.7088 0.2431
vn -0.5700 0.7088 -0.4156
vn 0.7081 0.7058 0.0198
vn -0.6021 0.7088 0.3676
vn 0.6969 0.7088 -0.1091
vn -0.0001 1.0000 0.0001
vn -0.5188 0.7088 0.4779
vn 0.6622 0.7088 -0.2430
vn -0.4157 0.7088 0.5700
vn 0.6020 0.7088 -0.3676
vn -0.2965 0.7089 0.6400
vn 0.5188 0.7088 -0.4779
vn -0.1659 0.7088 0.6856
vn 0.4156 0.7088 -0.5700
vn -0.0288 0.7088 0.7048
vn 0.2965 0.7089 -0.6400
vn 0.1091 0.7089 0.6969
vn 0.1659 0.7088 -0.6856
vn 0.2354 0.7059 0.6681
vn 0.0289 0.7089 -0.7048
vn 0.3557 0.6968 0.6229
vn -0.6106 0.5828 -0.5362
vn 0.2187 0.4853 0.8465
vn -0.6977 0.4853 0.5270
vn -0.3293 -0.0000 0.9442
vn 0.1218 0.4853 -0.8658
vn 0.8462 0.4853 -0.2200
vn 0.6654 -0.0000 -0.7465
vn 0.3797 0.4853 0.7876
vn -0.5815 0.4852 0.6530
vn -0.1387 -0.0000 0.9903
vn -0.0493 0.4853 -0.8730
vn 0.7871 0.4853 -0.3806
vn 0.5073 -0.0000 -0.8618
vn 0.5260 0.4853 0.6984
vn -0.4430 0.4852 0.7539
vn 0.0571 -0.0000 0.9984
vn -0.2187 0.4852 -0.8466
vn 0.6977 0.4853 -0.5270
vn 0.3293 -0.0000 -0.9442
vn 0.6521 0.4853 0.5825
vn -0.2886 0.4862 0.8248
vn 0.2507 -0.0000 0.9681
vn -0.3797 0.4853 -0.7876
vn 0.5815 0.4853 -0.6530
vn 0.1387 -0.0000 -0.9903
vn 0.7466 0.4805 0.4601
vn -0.1395 0.4811 0.8655
vn 0.4113 -0.0146 0.9114
vn -0.8730 0.4852 0.0494
vn -0.3808 0.4853 -0.7871
vn -0.8619 -0.0000 -0.5071
vn -0.5260 0.4853 -0.6984
vn 0.4430 0.4852 -0.7539
vn -0.0571 -0.0000 -0.9984
vn 0.8326 0.4599 0.3087
vn 0.0296 0.4667 0.8839
vn 0.5766 -0.0491 0.8155
vn -0.8466 0.4853 0.2187
vn -0.5270 0.4852 -0.6977
vn -0.9442 -0.0000 -0.3293
vn -0.6522 0.4853 -0.5823
vn 0.2873 0.4852 -0.8258
vn -0.2509 -0.0000 -0.9680
vn 0.8881 0.4431 0.1223
vn 0.2133 0.4493 0.8675
vn 0.7385 -0.0752 0.6700
vn -0.7876 0.4853 0.3797
vn -0.6530 0.4852 -0.5815
vn -0.9903 -0.0000 -0.1387
vn -0.7532 0.4853 -0.4440
vn 0.1207 0.4853 -0.8660
vn -0.4348 -0.0000 -0.9005
vn 0.8912 0.4493 -0.0621
vn 0.3880 0.4431 0.8082
vn 0.8638 -0.0752 0.4983
vn -0.6984 0.4853 0.5261
vn -0.7539 0.4852 -0.4428
vn -0.9984 -0.0000 0.0573
vn -0.8254 0.4852 -0.2884
vn -0.0506 0.4853 -0.8729
vn -0.6022 -0.0000 -0.7983
vn 0.8506 0.4667 -0.2420
vn 0.5485 0.4599 0.6984
vn 0.9527 -0.0491 0.2998
vn -0.5823 0.4853 0.6522
vn -0.8258 0.4853 -0.2873
vn -0.9680 -0.0000 0.2509
vn -0.8658 0.4853 -0.1219
vn -0.2199 0.4853 -0.8463
vn -0.7463 -0.0000 -0.6656
vn 0.7814 0.4810 -0.3976
vn 0.6663 0.4805 0.5702
vn 0.9935 -0.0147 0.1129
vn -0.4440 0.4853 0.7532
vn -0.8660 0.4853 -0.1207
vn -0.9005 -0.0000 0.4348
vn 0.6972 0.4862 -0.5268
vn 0.7538 0.4853 0.4430
vn 0.9984 -0.0000 -0.0570
vn -0.2884 0.4852 0.8254
vn -0.8729 0.4853 0.0506
vn -0.7983 -0.0000 0.6022
vn 0.5824 0.4852 -0.6522
vn 0.8258 0.4853 0.2873
vn 0.9680 -0.0000 -0.2509
vn -0.1220 0.4853 0.8658
vn -0.8464 0.4852 0.2197
vn -0.6657 -0.0000 0.7462
vn 0.4439 0.4853 -0.7533
vn 0.8660 0.4853 0.1207
vn 0.9005 -0.0000 -0.4349
vn 0.0495 0.4853 0.8730
vn -0.7871 0.4853 0.3809
vn -0.5069 -0.0000 0.8620
vn -0.0002 1.0000 0.0004
vn 0.0004 1.0000 0.0002
vn -0.0143 0.9999 0.0015
vn -0.0743 0.9971 0.0164
vn -0.0811 0.9966 -0.0119
vn -0.0361 0.9966 -0.0736
vn -0.0071 0.9971 -0.0757
vn -0.0029 0.9999 -0.0141
vn -0.1659 0.9853 0.0404
vn -0.5100 0.5680 -0.6460
vn -0.3933 0.5371 -0.7462
vn -0.2575 0.4871 -0.8345
vn -0.0999 0.4141 -0.9047
vn 0.0795 0.3143 -0.9460
vn 0.2737 0.1869 -0.9435
vn 0.4673 0.0378 -0.8833
vn 0.6366 -0.1177 -0.7622
vn 0.7618 -0.2601 -0.5933
vn 0.8360 -0.3748 -0.4009
vn 0.8650 -0.4576 -0.2061
vn 0.8591 -0.5112 -0.0227
vn 0.8279 -0.5421 0.1437
vn 0.7808 -0.5556 0.2859
vn 0.7144 -0.5595 0.4202
vn 0.6185 -0.5595 0.5517
vn 0.5109 -0.5555 0.6560
vn 0.3900 -0.5421 0.7443
vn 0.2409 -0.5112 0.8250
vn 0.0682 -0.4576 0.8866
vn -0.1258 -0.3749 0.9185
vn -0.1255 -0.3745 0.9187
vn -0.3319 -0.2601 0.9067
vn -0.3324 -0.2599 0.9066
vn -0.5314 -0.1174 0.8390
vn -0.6979 0.0375 0.7152
vn -0.8147 0.1869 0.5490
vn -0.8764 0.3144 0.3646
vn -0.8919 0.4142 0.1814
vn -0.8733 0.4870 0.0102
vn -0.8307 0.5371 -0.1464
vn -0.7710 0.5680 -0.2880
vn -0.6972 0.5828 -0.4174
vn 0.3896 0.6293 -0.6725
vn -0.1085 -0.9540 0.2796
vn -0.2744 0.9404 0.2008
vn 0.2982 0.7674 -0.5676
vn 0.0064 -0.9920 0.1257
vn -0.3585 0.8732 0.3300
vn 0.1989 0.8723 -0.4467
vn 0.1205 -0.9922 -0.0332
vn -0.4415 0.7686 0.4629
vn 0.1034 0.9398 -0.3256
vn 0.2294 -0.9544 -0.1912
vn -0.5118 0.6307 0.5833
vn -0.0138 0.9851 -0.1715
vn 0.3292 -0.8800 -0.3423
vn -0.5629 0.4686 0.6808
vn 0.4158 -0.7721 -0.4806
vn -0.5928 0.2882 0.7520
vn 0.4860 -0.6346 -0.6009
vn -0.6004 0.0964 0.7938
vn 0.5373 -0.4725 -0.6987
vn -0.5854 -0.0988 0.8047
vn 0.5673 -0.2925 -0.7698
vn -0.5483 -0.2906 0.7842
vn 0.5750 -0.1009 -0.8119
vn -0.4905 -0.4710 0.7332
vn 0.5602 0.0943 -0.8230
vn -0.4145 -0.6331 0.6537
vn 0.5232 0.2862 -0.8027
vn -0.3230 -0.7711 0.5487
vn 0.4657 0.4665 -0.7520
vn -0.2196 -0.8794 0.4223
vn -0.6022 -0.0000 -0.7984
vn 0.0095 -0.9999 0.0069
vn 0.9442 -0.0000 0.3293
vn -0.9681 -0.0000 0.2506
vn -0.7464 -0.0000 -0.6655
vn 0.9903 -0.0000 0.1388
vn 0.9903 0.0003 0.1390
vn -0.9005 -0.0000 0.4349
vn 0.9983 0.0001 -0.0575
vn 0.9984 -0.0000 -0.0572
vn -0.7984 -0.0000 0.6021
vn 0.9681 -0.0000 -0.2507
vn 0.9005 -0.0000 -0.4348
vn 0.7984 -0.0000 -0.6021
vn -0.3292 -0.0000 0.9443
vn 0.6657 -0.0000 -0.7462
vn 0.5069 -0.0000 -0.8620
vn 0.0573 -0.0000 0.9984
vn 0.3292 -0.0000 -0.9443
vn 0.2508 -0.0000 0.9680
vn 0.4349 -0.0000 0.9005
vn -0.8618 -0.0000 -0.5073
vn -0.0573 -0.0000 -0.9984
vn 0.6022 -0.0000 0.7984
vn -0.2507 -0.0000 -0.9681
vn 0.7464 -0.0000 0.6655
vn -0.9903 -0.0000 -0.1389
vn -0.4350 -0.0000 -0.9004
vn 0.8618 -0.0000 0.5072
vn 0.6655 0.0032 -0.7464
vn -0.0095 0.9999 -0.0069
vn -0.1389 0.0155 0.9902
vn 0.5072 -0.0032 -0.8618
vn 0.0571 0.0209 0.9981
vn 0.3293 -0.0095 -0.9442
vn 0.2506 0.0255 0.9677
vn 0.1389 -0.0155 -0.9902
vn 0.4346 0.0290 0.9002
vn -0.8614 -0.0328 -0.5068
vn -0.0571 -0.0209 -0.9981
vn 0.6018 0.0315 0.7980
vn -0.9438 -0.0315 -0.3291
vn -0.2507 -0.0255 -0.9677
vn 0.7460 0.0327 0.6652
vn -0.9899 -0.0290 -0.1386
vn -0.4346 -0.0290 -0.9002
vn 0.8614 0.0327 0.5069
vn -0.9980 -0.0255 0.0572
vn -0.6018 -0.0315 -0.7980
vn 0.9438 0.0315 0.3290
vn -0.9678 -0.0209 0.2508
vn -0.7459 -0.0328 -0.6652
vn 0.9899 0.0290 0.1386
vn -0.9003 -0.0155 0.4349
vn 0.9980 0.0255 -0.0572
vn -0.7983 -0.0095 0.6022
vn 0.9678 0.0209 -0.2508
vn -0.6655 -0.0032 0.7464
vn 0.9003 0.0155 -0.4349
vn -0.5072 0.0032 0.8618
vn 0.7983 0.0096 -0.6021
vn -0.3293 0.0096 0.9442
vn -0.6035 -0.1487 -0.7834
vn -0.7364 -0.1569 -0.6581
vn -0.4540 -0.1219 -0.8826
vn -0.2782 -0.0872 -0.9566
vn -0.0850 -0.0589 -0.9946
vn 0.1152 -0.0424 -0.9924
vn 0.3118 -0.0381 -0.9494
vn 0.4959 -0.0440 -0.8672
vn 0.6592 -0.0575 -0.7498
vn 0.7945 -0.0755 -0.6026
vn 0.8965 -0.0957 -0.4325
vn 0.9621 -0.1158 -0.2468
vn 0.9896 -0.1337 -0.0536
vn 0.9895 -0.1340 -0.0538
vn 0.9789 -0.1485 0.1405
vn 0.9789 -0.1484 0.1402
vn 0.9316 -0.1586 0.3270
vn 0.8498 -0.1639 0.5010
vn 0.7368 -0.1639 0.6559
vn 0.5962 -0.1586 0.7870
vn 0.4328 -0.1484 0.8892
vn 0.2515 -0.1337 0.9586
vn 0.0592 -0.1158 0.9915
vn -0.1377 -0.0957 0.9858
vn -0.3309 -0.0755 0.9406
vn -0.5123 -0.0575 0.8569
vn -0.6741 -0.0440 0.7373
vn -0.8086 -0.0381 0.5871
vn -0.9097 -0.0425 0.4131
vn -0.9730 -0.0589 0.2231
vn -0.9958 -0.0872 0.0276
vn -0.9958 -0.0868 0.0278
vn -0.9792 -0.1219 -0.1625
vn -0.9791 -0.1217 -0.1628
vn -0.9304 -0.1487 -0.3351
vn -0.8517 -0.1569 -0.5000
vn 0.4618 -0.7492 0.4748
vn 0.0463 0.9925 -0.1133
vn -0.0335 0.9774 -0.2088
vn 0.3086 -0.7485 0.5869
vn 0.1000 0.9457 -0.3092
vn 0.0822 0.9274 -0.3650
vn 0.1379 -0.7488 0.6483
vn 0.1377 -0.7487 0.6484
vn 0.1443 0.8701 -0.4713
vn 0.1441 0.8701 -0.4714
vn 0.1676 0.8642 -0.4745
vn -0.1058 -0.7804 0.6163
vn -0.1060 -0.7805 0.6162
vn 0.2155 0.7572 -0.6166
vn 0.2154 0.7573 -0.6165
vn 0.2663 0.7616 -0.5908
vn -0.5252 -0.7697 -0.3629
vn 0.2964 0.6125 -0.7327
vn 0.3606 0.6238 -0.6934
vn 0.0171 0.0340 -0.9993
vn 0.3770 0.4454 -0.8121
vn 0.4398 0.4614 -0.7705
vn 0.2820 0.0676 -0.9570
vn 0.4505 0.2630 -0.8532
vn 0.5005 0.2817 -0.8186
vn 0.4653 -0.0126 -0.8851
vn 0.5110 0.0722 -0.8566
vn 0.5407 0.0904 -0.8363
vn 0.6089 -0.1229 -0.7837
vn 0.5537 -0.1206 -0.8239
vn 0.5587 -0.1042 -0.8228
vn 0.7170 -0.2401 -0.6544
vn 0.5752 -0.3070 -0.7582
vn 0.5539 -0.2952 -0.7785
vn 0.7895 -0.3530 -0.5020
vn 0.5738 -0.4806 -0.6631
vn 0.5265 -0.4744 -0.7055
vn 0.8261 -0.4540 -0.3338
vn 0.5490 -0.6348 -0.5437
vn 0.4774 -0.6361 -0.6061
vn 0.8280 -0.5382 -0.1574
vn 0.5018 -0.7639 -0.4058
vn 0.4088 -0.7732 -0.4849
vn 0.7974 -0.6031 0.0210
vn 0.4338 -0.8642 -0.2550
vn 0.3232 -0.8808 -0.3460
vn 0.7374 -0.6468 0.1947
vn 0.3477 -0.9325 -0.0973
vn 0.2238 -0.9549 -0.1949
vn 0.6508 -0.6688 0.3592
vn 0.2466 -0.9672 0.0615
vn 0.1145 -0.9927 -0.0374
vn 0.5410 -0.6688 0.5099
vn 0.1340 -0.9672 0.2160
vn -0.0006 -0.9927 0.1204
vn 0.4109 -0.6468 0.6425
vn 0.0137 -0.9326 0.3607
vn -0.1171 -0.9550 0.2727
vn 0.2637 -0.6030 0.7529
vn -0.1102 -0.8642 0.4910
vn -0.2306 -0.8808 0.4135
vn 0.1033 -0.5382 0.8365
vn -0.2330 -0.7639 0.6018
vn -0.3367 -0.7732 0.5375
vn -0.0653 -0.4540 0.8886
vn -0.3498 -0.6348 0.6889
vn -0.4312 -0.6361 0.6399
vn -0.2366 -0.3530 0.9052
vn -0.4560 -0.4806 0.7491
vn -0.5108 -0.4744 0.7170
vn -0.4039 -0.2401 0.8827
vn -0.5460 -0.3070 0.7795
vn -0.5719 -0.2952 0.7654
vn -0.5600 -0.1229 0.8193
vn -0.6152 -0.1207 0.7791
vn -0.6126 -0.1042 0.7835
vn -0.7004 -0.0126 0.7136
vn -0.6594 0.0722 0.7484
vn -0.6310 0.0904 0.7705
vn -0.8250 0.0676 0.5611
vn -0.6746 0.2630 0.6898
vn -0.6264 0.2817 0.7268
vn -0.9462 0.0339 0.3217
vn -0.6580 0.4454 0.6072
vn -0.5991 0.4614 0.6543
vn -0.5060 -0.7697 -0.3891
vn -0.6070 0.6125 0.5063
vn -0.5500 0.6238 0.5553
vn 0.5545 -0.7803 -0.2892
vn 0.5546 -0.7804 -0.2888
vn 0.5543 -0.7805 -0.2891
vn -0.5212 0.7573 0.3935
vn -0.5214 0.7572 0.3935
vn -0.4811 0.7616 0.4342
vn 0.6597 -0.7485 -0.0669
vn 0.6594 -0.7488 -0.0669
vn 0.6593 -0.7488 -0.0671
vn -0.4047 0.8701 0.2813
vn -0.4046 0.8701 0.2815
vn -0.4005 0.8642 0.3046
vn 0.6531 -0.7485 0.1144
vn -0.2638 0.9457 0.1897
vn -0.3224 0.9274 0.1898
vn 0.5932 -0.7492 0.2946
vn -0.0936 0.9925 0.0788
vn -0.2091 0.9774 0.0320
vn -0.0003 1.0000 -0.0000
vn -0.0003 1.0000 0.0001
vn -0.1763 0.4853 0.8564
vn -0.8585 0.4852 0.1660
vn -0.7113 -0.0000 0.7029
vn 0.6737 0.7088 0.2091
vn 0.2006 0.7089 0.6762
vn -0.5500 0.6854 -0.4773
vn 0.7016 0.7088 0.0734
vn 0.3287 0.7088 0.6242
vn -0.6443 0.6802 -0.3496
vn 0.7024 0.7088 -0.0647
vn 0.4442 0.7088 0.5480
vn -0.6999 0.6854 -0.2008
vn 0.6762 0.7089 -0.2006
vn 0.5425 0.7088 0.4509
vn -0.7153 0.6968 -0.0539
vn 0.6241 0.7088 -0.3287
vn 0.6200 0.7088 0.3365
vn -0.7045 0.7058 0.0743
vn 0.5480 0.7088 -0.4442
vn -0.6762 0.7089 0.2006
vn 0.4509 0.7088 -0.5424
vn -0.6242 0.7088 0.3286
vn 0.3364 0.7088 -0.6200
vn -0.5479 0.7089 0.4441
vn 0.2090 0.7088 -0.6737
vn -0.4509 0.7088 0.5425
vn 0.0734 0.7088 -0.7016
vn -0.3365 0.7088 0.6199
vn -0.0648 0.7089 -0.7024
vn -0.0000 1.0000 0.0001
vn -0.2090 0.7088 0.6737
vn -0.2006 0.7088 -0.6762
vn -0.0735 0.7088 0.7015
vn -0.3220 0.7058 -0.6310
vn 0.0648 0.7088 0.7024
vn -0.4352 0.6968 -0.5702
vn 0.6763 0.5828 0.4505
vn -0.3291 0.4852 -0.8101
vn 0.6216 0.4853 -0.6149
vn 0.2011 -0.0000 -0.9796
vn -0.0061 0.4853 0.8743
vn -0.8096 0.4853 0.3301
vn -0.5607 -0.0000 0.8280
vn -0.4807 0.4852 -0.7304
vn 0.4898 0.4852 -0.7243
vn 0.0062 -0.0000 -1.0000
vn 0.1645 0.4853 0.8587
vn -0.7298 0.4853 0.4816
vn -0.3886 -0.0000 0.9214
vn -0.6140 0.4853 -0.6225
vn 0.3390 0.4853 -0.8060
vn -0.1891 -0.0000 -0.9820
vn 0.3291 0.4852 0.8101
vn -0.6217 0.4852 0.6149
vn -0.2011 -0.0000 0.9796
vn -0.7237 0.4853 -0.4907
vn 0.1766 0.4862 -0.8558
vn -0.3770 -0.0000 -0.9262
vn 0.4806 0.4853 0.7304
vn -0.4898 0.4852 0.7243
vn -0.0063 -0.0000 1.0000
vn -0.8010 0.4806 -0.3570
vn 0.0236 0.4810 -0.8764
vn -0.5285 -0.0147 -0.8488
vn 0.8587 0.4853 -0.1647
vn 0.4818 0.4852 0.7297
vn 0.9215 -0.0000 0.3883
vn 0.6140 0.4853 0.6225
vn -0.3390 0.4853 0.8060
vn 0.1891 -0.0000 0.9820
vn -0.8662 0.4599 -0.1956
vn -0.1466 0.4667 -0.8722
vn -0.6797 -0.0491 -0.7318
vn 0.8101 0.4853 -0.3290
vn 0.6149 0.4852 0.6216
vn 0.9796 -0.0000 0.2011
vn 0.7237 0.4853 0.4906
vn -0.1752 0.4853 0.8566
vn 0.3771 -0.0000 0.9262
vn -0.8964 0.4431 -0.0035
vn -0.3265 0.4492 -0.8316
vn -0.8208 -0.0752 -0.5662
vn 0.7304 0.4853 -0.4807
vn 0.7243 0.4853 0.4898
vn 1.0000 -0.0000 0.0062
vn 0.8054 0.4853 0.3403
vn -0.0049 0.4853 0.8743
vn 0.5503 -0.0000 0.8350
vn -0.8751 0.4493 0.1797
vn -0.4916 0.4432 -0.7496
vn -0.9222 -0.0752 -0.3794
vn 0.6226 0.4853 -0.6139
vn 0.8059 0.4853 0.3392
vn 0.9820 -0.0000 -0.1888
vn 0.8564 0.4853 0.1764
vn 0.1659 0.4853 0.8585
vn 0.7028 -0.0000 0.7114
vn -0.8110 0.4667 0.3528
vn -0.6363 0.4599 -0.6194
vn -0.9841 -0.0492 -0.1707
vn 0.4907 0.4852 -0.7237
vn 0.8566 0.4852 0.1752
vn 0.9262 -0.0000 -0.3771
vn 0.8743 0.4853 0.0061
vn 0.3301 0.4852 0.8097
vn 0.8280 -0.0000 0.5608
vn -0.7219 0.4810 0.4976
vn -0.7360 0.4806 -0.4769
vn -0.9997 -0.0147 0.0197
vn 0.3402 0.4853 -0.8054
vn 0.8743 0.4853 0.0049
vn 0.8349 -0.0000 -0.5504
vn -0.6212 0.4862 0.6147
vn -0.8059 0.4853 -0.3391
vn -0.9820 -0.0000 0.1889
vn 0.1765 0.4853 -0.8564
vn 0.8586 0.4851 -0.1657
vn 0.7116 -0.0000 -0.7026
vn -0.4907 0.4852 0.7237
vn -0.8566 0.4853 -0.1752
vn -0.9262 -0.0000 0.3771
vn 0.0058 0.4853 -0.8743
vn 0.8096 0.4852 -0.3303
vn 0.5604 -0.0000 -0.8282
vn -0.3402 0.4853 0.8055
vn -0.8744 0.4852 -0.0049
vn -0.8349 -0.0000 0.5504
vn -0.1645 0.4854 -0.8587
vn 0.7297 0.4853 -0.4816
vn 0.3886 -0.0000 -0.9214
vn -0.0001 1.0000 -0.0008
vn -0.0008 1.0000 0.0002
vn 0.0140 0.9999 -0.0034
vn 0.0715 0.9971 -0.0261
vn 0.0820 0.9966 0.0010
vn 0.0455 0.9966 0.0682
vn 0.0171 0.9971 0.0741
vn 0.0048 0.9999 0.0136
vn -0.0004 1.0000 0.0001
vn 0.0002 1.0000 0.0004
vn 0.1568 0.9857 -0.0625
vn 0.5911 0.5680 0.5726
vn 0.4888 0.5371 0.6875
vn 0.3658 0.4871 0.7931
vn 0.2190 0.4141 0.8835
vn 0.0467 0.3143 0.9482
vn -0.1461 0.1870 0.9714
vn -0.3457 0.0380 0.9376
vn -0.5301 -0.1178 0.8397
vn -0.5300 -0.1174 0.8398
vn -0.6764 -0.2600 0.6891
vn -0.6767 -0.2599 0.6888
vn -0.7755 -0.3748 0.5081
vn -0.8300 -0.4575 0.3191
vn -0.8486 -0.5112 0.1364
vn -0.8397 -0.5421 -0.0327
vn -0.8118 -0.5556 -0.1798
vn -0.7639 -0.5595 -0.3217
vn -0.6862 -0.5595 -0.4649
vn -0.5933 -0.5555 -0.5825
vn -0.4853 -0.5421 -0.6860
vn -0.3481 -0.5112 -0.7858
vn -0.3485 -0.5105 -0.7861
vn -0.1854 -0.4577 -0.8696
vn -0.1847 -0.4576 -0.8698
vn 0.0033 -0.3747 -0.9272
vn 0.2088 -0.2600 -0.9427
vn 0.4148 -0.1179 -0.9022
vn 0.5974 0.0379 -0.8011
vn 0.7346 0.1869 -0.6522
vn 0.8203 0.3143 -0.4779
vn 0.8600 0.4141 -0.2983
vn 0.8642 0.4871 -0.1256
vn 0.8428 0.5371 0.0348
vn 0.8023 0.5680 0.1834
vn 0.7464 0.5828 0.3213
vn -0.3063 0.6307 0.7130
vn 0.0706 -0.9540 -0.2913
vn 0.2449 0.9406 -0.2351
vn -0.2286 0.7685 0.5976
vn -0.0245 -0.9919 -0.1246
vn 0.3127 0.8731 -0.3740
vn -0.1448 0.8734 0.4649
vn -0.1181 -0.9919 0.0472
vn 0.3787 0.7683 -0.5160
vn -0.0647 0.9408 0.3327
vn -0.2069 -0.9539 0.2174
vn 0.4337 0.6301 -0.6441
vn 0.0326 0.9857 0.1653
vn -0.2874 -0.8793 0.3798
vn 0.4724 0.4676 -0.7471
vn -0.3563 -0.7712 0.5275
vn 0.4933 0.2873 -0.8210
vn -0.4113 -0.6333 0.6556
vn 0.4956 0.0957 -0.8632
vn -0.4500 -0.4712 0.7586
vn 0.4793 -0.0999 -0.8719
vn -0.4710 -0.2909 0.8328
vn 0.4450 -0.2914 -0.8468
vn -0.4735 -0.0991 0.8752
vn 0.3940 -0.4715 -0.7889
vn -0.4573 0.0963 0.8841
vn 0.3282 -0.6338 -0.7004
vn -0.4230 0.2879 0.8592
vn 0.2503 -0.7715 -0.5849
vn -0.3721 0.4682 0.8015
vn 0.1634 -0.8796 -0.4468
vn -0.0103 -0.9999 -0.0056
vn -0.9796 -0.0000 -0.2010
vn 0.9263 -0.0000 -0.3768
vn 0.8280 -0.0000 0.5607
vn -1.0000 -0.0000 -0.0064
vn 0.8350 -0.0000 -0.5503
vn -0.9820 -0.0000 0.1890
vn -0.9263 -0.0000 0.3768
vn -0.8347 -0.0000 0.5507
vn -0.8348 0.0003 0.5506
vn 0.3885 -0.0000 -0.9215
vn -0.7113 0.0001 0.7028
vn -0.7116 -0.0000 0.7026
vn 0.2013 -0.0000 -0.9795
vn -0.5608 -0.0000 0.8279
vn 0.0060 -0.0000 -1.0000
vn -0.3885 -0.0000 0.9215
vn -0.1892 -0.0000 -0.9819
vn -0.2009 -0.0000 0.9796
vn -0.3769 -0.0000 -0.9262
vn -0.0064 -0.0000 1.0000
vn -0.5505 -0.0000 -0.8348
vn 0.9215 -0.0000 0.3884
vn 0.1893 -0.0000 0.9819
vn -0.7028 -0.0000 -0.7114
vn 0.9795 -0.0000 0.2012
vn -0.8281 -0.0000 -0.5606
vn 1.0000 -0.0000 0.0061
vn 0.5504 -0.0000 0.8349
vn -0.9214 -0.0000 -0.3886
vn 0.9820 -0.0000 -0.1889
vn -0.5608 0.0031 0.8280
vn -0.0107 -0.9999 -0.0058
vn -0.0104 -0.9999 -0.0056
vn -0.0106 -0.9999 -0.0053
vn 0.0103 0.9999 0.0056
vn 0.0063 0.0154 -0.9999
vn -0.3884 -0.0031 0.9215
vn -0.1889 0.0208 -0.9818
vn -0.2012 -0.0097 0.9795
vn -0.3767 0.0254 -0.9260
vn -0.0062 -0.0156 0.9999
vn -0.5501 0.0290 -0.8346
vn 0.9210 -0.0328 0.3882
vn 0.1889 -0.0208 0.9818
vn -0.7023 0.0314 -0.7112
vn 0.9791 -0.0315 0.2010
vn 0.3767 -0.0253 0.9260
vn -0.8276 0.0327 -0.5604
vn 0.9996 -0.0289 0.0061
vn 0.5501 -0.0290 0.8346
vn -0.9210 0.0327 -0.3882
vn 0.9816 -0.0254 -0.1891
vn 0.7023 -0.0315 0.7111
vn -0.9791 0.0315 -0.2010
vn 0.9260 -0.0210 -0.3769
vn 0.8276 -0.0328 0.5604
vn -0.9996 0.0289 -0.0061
vn 0.8347 -0.0156 -0.5504
vn -0.9816 0.0253 0.1891
vn 0.7114 -0.0094 -0.7027
vn 0.7117 -0.0094 -0.7025
vn -0.9260 0.0210 0.3769
vn 0.5606 -0.0025 -0.8281
vn 0.5607 -0.0029 -0.8280
vn -0.8348 0.0156 0.5504
vn 0.3885 0.0033 -0.9214
vn -0.7114 0.0094 0.7027
vn 0.2010 0.0095 -0.9795
vn 0.7021 -0.1486 0.6964
vn 0.8171 -0.1569 0.5547
vn 0.5670 -0.1218 0.8147
vn 0.4027 -0.0871 0.9112
vn 0.2161 -0.0589 0.9746
vn 0.0174 -0.0425 0.9989
vn -0.1833 -0.0381 0.9823
vn -0.3765 -0.0440 0.9254
vn -0.5540 -0.0574 0.8305
vn -0.7076 -0.0755 0.7026
vn -0.7075 -0.0758 0.7027
vn -0.8313 -0.0959 0.5475
vn -0.8311 -0.0957 0.5478
vn -0.9209 -0.1158 0.3722
vn -0.9737 -0.1338 0.1842
vn -0.9889 -0.1483 -0.0091
vn -0.9668 -0.1586 -0.2006
vn -0.9087 -0.1638 -0.3839
vn -0.8173 -0.1638 -0.5525
vn -0.6953 -0.1586 -0.7010
vn -0.5468 -0.1483 -0.8240
vn -0.3764 -0.1337 -0.9168
vn -0.1900 -0.1158 -0.9749
vn 0.0056 -0.0958 -0.9954
vn 0.2035 -0.0755 -0.9762
vn 0.3941 -0.0574 -0.9173
vn 0.5702 -0.0440 -0.8203
vn 0.7236 -0.0381 -0.6891
vn 0.8469 -0.0425 -0.5300
vn 0.9348 -0.0589 -0.3502
vn 0.9834 -0.0871 -0.1592
vn 0.9921 -0.1218 0.0310
vn 0.9666 -0.1486 0.2088
vn 0.9105 -0.1569 0.3825
vn -0.5207 -0.7492 -0.4093
vn -0.0309 0.9925 0.1184
vn 0.0609 0.9774 0.2025
vn -0.3837 -0.7485 -0.5409
vn -0.3834 -0.7486 -0.5409
vn -0.0581 0.9457 0.3198
vn -0.0578 0.9457 0.3197
vn -0.0331 0.9273 0.3728
vn -0.2227 -0.7488 -0.6243
vn -0.2227 -0.7490 -0.6241
vn -0.0804 0.8700 0.4864
vn -0.0805 0.8701 0.4862
vn -0.1031 0.8643 0.4924
vn 0.0231 -0.7804 -0.6249
vn -0.1317 0.7574 0.6396
vn -0.1856 0.7616 0.6209
vn 0.5687 -0.7697 0.2899
vn -0.1968 0.6123 0.7657
vn -0.2655 0.6236 0.7352
vn 0.1158 0.0338 0.9927
vn -0.2660 0.4456 0.8548
vn -0.3337 0.4617 0.8219
vn -0.1527 0.0677 0.9859
vn -0.3334 0.2631 0.9053
vn -0.3876 0.2814 0.8778
vn -0.3438 -0.0126 0.9389
vn -0.3929 0.0720 0.9168
vn -0.4250 0.0904 0.9007
vn -0.4995 -0.1229 0.8575
vn -0.4395 -0.1205 0.8901
vn -0.4447 -0.1042 0.8896
vn -0.6240 -0.2402 0.7436
vn -0.4696 -0.3070 0.8278
vn -0.4458 -0.2949 0.8452
vn -0.7160 -0.3530 0.6023
vn -0.4808 -0.4809 0.7332
vn -0.4282 -0.4748 0.7689
vn -0.7745 -0.4540 0.4405
vn -0.4721 -0.6347 0.6118
vn -0.3929 -0.6360 0.6642
vn -0.7998 -0.5383 0.2657
vn -0.4436 -0.7639 0.4688
vn -0.3409 -0.7731 0.5349
vn -0.7931 -0.6031 0.0851
vn -0.3961 -0.8642 0.3102
vn -0.2745 -0.8808 0.3858
vn -0.7567 -0.6468 -0.0952
vn -0.3317 -0.9325 0.1426
vn -0.1960 -0.9550 0.2228
vn -0.6928 -0.6688 -0.2697
vn -0.2525 -0.9672 -0.0283
vn -0.1085 -0.9927 0.0522
vn -0.6038 -0.6688 -0.4337
vn -0.1614 -0.9672 -0.1963
vn -0.0154 -0.9927 -0.1195
vn -0.4924 -0.6468 -0.5824
vn -0.0613 -0.9325 -0.3558
vn 0.0799 -0.9550 -0.2858
vn -0.3611 -0.6031 -0.7113
vn 0.0441 -0.8642 -0.5013
vn 0.1738 -0.8808 -0.4405
vn -0.2133 -0.5383 -0.8153
vn 0.1511 -0.7640 -0.6273
vn 0.2623 -0.7732 -0.5773
vn -0.0531 -0.4539 -0.8895
vn 0.2554 -0.6347 -0.7293
vn 0.3426 -0.6360 -0.6915
vn 0.1146 -0.3530 -0.9286
vn 0.3526 -0.4806 -0.8029
vn 0.4111 -0.4747 -0.7783
vn 0.2833 -0.2401 -0.9285
vn 0.4378 -0.3071 -0.8450
vn 0.4654 -0.2949 -0.8345
vn 0.4462 -0.1231 -0.8864
vn 0.5065 -0.1207 -0.8537
vn 0.5032 -0.1042 -0.8579
vn 0.5997 -0.0125 -0.8001
vn 0.5543 0.0720 -0.8292
vn 0.5233 0.0904 -0.8474
vn 0.7434 0.0677 -0.6654
vn 0.5771 0.2633 -0.7731
vn 0.5246 0.2816 -0.8034
vn 0.8952 0.0336 -0.4444
vn 0.5716 0.4453 -0.6892
vn 0.5071 0.4614 -0.7280
vn 0.5533 -0.7696 0.3186
vn 0.5345 0.6124 -0.5824
vn 0.4715 0.6237 -0.6235
vn -0.5113 -0.7803 0.3600
vn -0.5113 -0.7804 0.3598
vn 0.4643 0.7574 -0.4591
vn 0.4645 0.7574 -0.4590
vn 0.4193 0.7616 -0.4941
vn -0.6448 -0.7487 0.1538
vn -0.6446 -0.7489 0.1539
vn 0.3638 0.8702 -0.3323
vn 0.3638 0.8701 -0.3326
vn 0.3565 0.8643 -0.3549
vn -0.6625 -0.7486 -0.0268
vn 0.2364 0.9457 -0.2230
vn 0.2944 0.9273 -0.2310
vn -0.6270 -0.7492 -0.2133
vn 0.0824 0.9925 -0.0905
vn 0.2029 0.9774 -0.0594
vn 0.0003 1.0000 -0.0000
vn 0.0003 1.0000 -0.0001
vn 0.8254 0.4852 0.2884
vn 0.0506 0.4853 0.8729
vn 0.6022 -0.0000 0.7983
vn 0.2964 0.7089 -0.6400
vn -0.5459 0.6854 0.4818
vn -0.4319 0.6801 0.5923
vn -0.2919 0.6854 0.6671
vn -0.1090 0.7088 -0.6969
vn -0.1483 0.6968 0.7018
vn -0.0198 0.7058 0.7081
vn 0.2430 0.7089 0.6622
vn 0.3676 0.7089 0.6020
vn -0.0001 1.0000 -0.0000
vn 0.4780 0.7088 0.5187
vn 0.5700 0.7088 0.4157
vn 0.6401 0.7088 0.2964
vn 0.6856 0.7088 0.1659
vn -0.6682 0.7058 0.2354
vn 0.7048 0.7088 0.0288
vn -0.6229 0.6968 0.3557
vn 0.5364 0.5828 -0.6104
vn -0.9442 -0.0000 -0.3294
vn 0.8658 0.4853 0.1219
vn 0.2199 0.4853 0.8463
vn 0.7463 -0.0000 0.6656
vn 0.8730 0.4852 -0.0493
vn 0.3807 0.4853 0.7871
vn 0.8619 -0.0000 0.5071
vn -0.6984 0.4853 0.5260
vn -0.7539 0.4852 -0.4429
vn -0.9984 -0.0000 0.0572
vn 0.8465 0.4853 -0.2187
vn 0.5270 0.4852 0.6978
vn 0.9442 -0.0000 0.3292
vn -0.8249 0.4862 -0.2885
vn 0.7876 0.4854 -0.3796
vn 0.6530 0.4852 0.5815
vn 0.9903 -0.0000 0.1387
vn -0.4601 0.4805 0.7466
vn -0.8655 0.4810 -0.1397
vn -0.9114 -0.0147 0.4112
vn 0.7871 0.4853 -0.3807
vn 0.5072 -0.0000 -0.8618
vn 0.6985 0.4853 -0.5259
vn 0.7539 0.4852 0.4430
vn -0.3087 0.4598 0.8327
vn -0.8839 0.4667 0.0296
vn -0.8155 -0.0492 0.5767
vn -0.2187 0.4853 -0.8466
vn 0.8258 0.4852 0.2873
vn -0.1221 0.4431 0.8881
vn -0.8675 0.4493 0.2134
vn -0.6699 -0.0753 0.7386
vn 0.4440 0.4853 -0.7532
vn 0.0621 0.4493 0.8912
vn -0.8082 0.4431 0.3878
vn -0.4984 -0.0753 0.8637
vn -0.5260 0.4853 -0.6985
vn -0.0570 -0.0000 -0.9984
vn 0.2885 0.4852 -0.8254
vn 0.8729 0.4853 -0.0506
vn 0.2421 0.4667 0.8507
vn -0.6984 0.4598 0.5484
vn -0.2998 -0.0492 0.9527
vn -0.6523 0.4853 -0.5823
vn 0.2872 0.4853 -0.8258
vn -0.2510 -0.0000 -0.9680
vn 0.8463 0.4852 -0.2199
vn 0.6655 -0.0000 -0.7464
vn 0.3976 0.4810 0.7814
vn -0.5702 0.4806 0.6663
vn -0.1128 -0.0147 0.9935
vn -0.7533 0.4853 -0.4440
vn 0.5269 0.4862 0.6971
vn -0.4429 0.4853 0.7539
vn 0.0570 -0.0000 0.9984
vn -0.8254 0.4853 -0.2885
vn -0.0505 0.4853 -0.8729
vn 0.6522 0.4852 0.5825
vn -0.2874 0.4852 0.8258
vn -0.2199 0.4852 -0.8463
vn -0.7464 -0.0000 -0.6656
vn 0.7532 0.4853 0.4440
vn -0.1207 0.4853 0.8660
vn 0.4348 -0.0000 0.9005
vn -0.8730 0.4853 0.0494
vn -0.3807 0.4853 -0.7871
vn 0.0002 1.0000 -0.0003
vn -0.0003 1.0000 -0.0002
vn -0.0015 0.9999 -0.0143
vn -0.0164 0.9971 -0.0743
vn 0.0119 0.9966 -0.0811
vn 0.0736 0.9966 -0.0361
vn 0.0757 0.9971 -0.0071
vn 0.0141 0.9999 -0.0029
vn -0.0476 0.9869 -0.1544
vn 0.6459 0.5680 -0.5100
vn 0.7462 0.5371 -0.3934
vn 0.8346 0.4870 -0.2574
vn 0.9047 0.4142 -0.0999
vn 0.9460 0.3144 0.0793
vn 0.9434 0.1867 0.2740
vn 0.8833 0.0378 0.4672
vn 0.7621 -0.1177 0.6366
vn 0.5934 -0.2600 0.7618
vn 0.4008 -0.3748 0.8360
vn 0.2060 -0.4576 0.8650
vn 0.0229 -0.5111 0.8592
vn -0.1439 -0.5421 0.8279
vn -0.2859 -0.5555 0.7808
vn -0.4202 -0.5595 0.7145
vn -0.5518 -0.5595 0.6185
vn -0.6560 -0.5556 0.5109
vn -0.7442 -0.5421 0.3901
vn -0.8251 -0.5111 0.2409
vn -0.8249 -0.5114 0.2410
vn -0.8864 -0.4578 0.0680
vn -0.8865 -0.4576 0.0683
vn -0.9185 -0.3748 -0.1261
vn -0.9067 -0.2600 -0.3321
vn -0.8392 -0.1177 -0.5310
vn -0.7149 0.0378 -0.6982
vn -0.5493 0.1867 -0.8145
vn -0.3648 0.3144 -0.8764
vn -0.1814 0.4142 -0.8919
vn -0.0101 0.4870 -0.8733
vn 0.1464 0.5371 -0.8307
vn 0.2881 0.5680 -0.7710
vn 0.2879 0.5683 -0.7708
vn 0.4172 0.5828 -0.6974
vn 0.4175 0.5828 -0.6971
vn 0.6591 0.6321 0.4074
vn -0.2715 -0.9550 -0.1191
vn -0.2059 0.9418 -0.2659
vn 0.5543 0.7701 0.3157
vn -0.1192 -0.9929 -0.0025
vn -0.3338 0.8741 -0.3529
vn 0.4337 0.8749 0.2155
vn 0.0379 -0.9928 0.1139
vn -0.4647 0.7690 -0.4389
vn 0.3132 0.9423 0.1186
vn 0.1940 -0.9547 0.2255
vn -0.5829 0.6307 -0.5123
vn 0.1604 0.9870 -0.0004
vn 0.3429 -0.8802 0.3282
vn -0.6784 0.4679 -0.5664
vn 0.4791 -0.7718 0.4180
vn -0.7475 0.2870 -0.5990
vn 0.5974 -0.6338 0.4914
vn -0.7875 0.0950 -0.6089
vn 0.6930 -0.4713 0.5456
vn -0.7968 -0.1007 -0.5958
vn 0.7623 -0.2905 0.5784
vn -0.7751 -0.2924 -0.5601
vn 0.8025 -0.0987 0.5885
vn -0.7233 -0.4729 -0.5032
vn 0.8120 0.0971 0.5755
vn -0.6434 -0.6350 -0.4274
vn -0.6437 -0.6348 -0.4275
vn 0.7906 0.2890 0.5399
vn -0.5388 -0.7728 -0.3354
vn -0.5387 -0.7727 -0.3357
vn 0.7389 0.4697 0.4831
vn -0.4131 -0.8807 -0.2316
vn -0.0069 -0.9999 0.0095
vn -0.1388 -0.0000 0.9903
vn -0.4347 -0.0000 -0.9006
vn 0.0568 -0.0000 0.9984
vn 0.2510 -0.0000 0.9680
vn 0.4347 -0.0000 0.9006
vn -0.9903 -0.0000 -0.1386
vn -0.9984 -0.0000 0.0570
vn -0.9680 -0.0000 0.2511
vn 0.9903 -0.0000 0.1386
vn 0.9680 -0.0000 -0.2511
vn -0.6654 -0.0000 0.7465
vn 0.1388 -0.0000 -0.9903
vn 0.9004 -0.0004 -0.4350
vn -0.5073 -0.0000 0.8618
vn -0.0568 -0.0000 -0.9984
vn 0.7464 0.0032 0.6655
vn -0.0065 -0.9999 0.0094
vn -0.0071 -0.9999 0.0091
vn 0.0069 0.9999 -0.0095
vn -0.9902 0.0154 -0.1388
vn 0.8618 -0.0032 0.5072
vn -0.9982 0.0208 0.0570
vn 0.9442 -0.0095 0.3293
vn -0.9677 0.0253 0.2507
vn 0.9902 -0.0154 0.1388
vn -0.9002 0.0289 0.4346
vn 0.5069 -0.0326 -0.8614
vn 0.9982 -0.0208 -0.0571
vn -0.7980 0.0315 0.6019
vn 0.3291 -0.0315 -0.9438
vn 0.9677 -0.0253 -0.2507
vn -0.6651 0.0328 0.7460
vn 0.1385 -0.0290 -0.9899
vn 0.9002 -0.0290 -0.4345
vn -0.5070 0.0328 0.8614
vn -0.0572 -0.0253 -0.9980
vn 0.7980 -0.0315 -0.6019
vn -0.3291 0.0315 0.9438
vn -0.2508 -0.0208 -0.9678
vn 0.6652 -0.0326 -0.7459
vn -0.1386 0.0289 0.9899
vn -0.4349 -0.0154 -0.9003
vn 0.0572 0.0253 0.9980
vn -0.6021 -0.0095 -0.7983
vn 0.2510 0.0208 0.9678
vn -0.7464 -0.0032 -0.6655
vn 0.4348 0.0154 0.9004
vn -0.8618 0.0032 -0.5072
vn 0.6022 0.0096 0.7983
vn -0.9442 0.0096 -0.3293
vn 0.7834 -0.1485 -0.6035
vn 0.6580 -0.1568 -0.7365
vn 0.8827 -0.1217 -0.4538
vn 0.9565 -0.0872 -0.2784
vn 0.9946 -0.0589 -0.0849
vn 0.9924 -0.0424 0.1151
vn 0.9493 -0.0381 0.3120
vn 0.8672 -0.0440 0.4960
vn 0.7498 -0.0574 0.6591
vn 0.6027 -0.0756 0.7944
vn 0.4325 -0.0958 0.8966
vn 0.2470 -0.1158 0.9621
vn 0.0534 -0.1338 0.9896
vn -0.1403 -0.1483 0.9789
vn -0.3269 -0.1586 0.9317
vn -0.5011 -0.1638 0.8497
vn -0.6558 -0.1638 0.7369
vn -0.7871 -0.1586 0.5961
vn -0.8892 -0.1484 0.4328
vn -0.9585 -0.1338 0.2517
vn -0.9915 -0.1158 0.0591
vn -0.9858 -0.0957 -0.1378
vn -0.9406 -0.0756 -0.3309
vn -0.8568 -0.0574 -0.5124
vn -0.7374 -0.0440 -0.6741
vn -0.5873 -0.0381 -0.8085
vn -0.4130 -0.0424 -0.9097
vn -0.4134 -0.0424 -0.9095
vn -0.2232 -0.0589 -0.9730
vn -0.2231 -0.0584 -0.9730
vn -0.0274 -0.0872 -0.9958
vn 0.1623 -0.1217 -0.9792
vn 0.3351 -0.1485 -0.9304
vn 0.5001 -0.1568 -0.8517
vn -0.4746 -0.7492 0.4620
vn 0.1133 0.9925 0.0464
vn 0.2088 0.9774 -0.0335
vn -0.5869 -0.7486 0.3084
vn 0.3093 0.9457 0.0999
vn 0.3650 0.9274 0.0822
vn -0.6483 -0.7488 0.1378
vn 0.4713 0.8701 0.1443
vn 0.4744 0.8642 0.1675
vn -0.6164 -0.7803 -0.1057
vn 0.6165 0.7574 0.2153
vn 0.5908 0.7616 0.2663
vn 0.3629 -0.7697 -0.5253
vn 0.7328 0.6125 0.2965
vn 0.6935 0.6237 0.3606
vn 0.9993 0.0337 0.0169
vn 0.8120 0.4455 0.3770
vn 0.7704 0.4616 0.4397
vn 0.9570 0.0678 0.2820
vn 0.8531 0.2631 0.4505
vn 0.8187 0.2815 0.5006
vn 0.8850 -0.0126 0.4654
vn 0.8566 0.0720 0.5110
vn 0.8363 0.0905 0.5407
vn 0.7838 -0.1228 0.6088
vn 0.8240 -0.1205 0.5537
vn 0.8228 -0.1043 0.5587
vn 0.6543 -0.2402 0.7171
vn 0.7581 -0.3071 0.5753
vn 0.7786 -0.2950 0.5539
vn 0.5020 -0.3530 0.7896
vn 0.6631 -0.4806 0.5738
vn 0.7054 -0.4746 0.5264
vn 0.3340 -0.4539 0.8261
vn 0.5437 -0.6347 0.5490
vn 0.6062 -0.6360 0.4774
vn 0.1573 -0.5382 0.8280
vn 0.4058 -0.7639 0.5017
vn 0.4848 -0.7732 0.4088
vn -0.0210 -0.6031 0.7974
vn 0.2550 -0.8642 0.4338
vn 0.3460 -0.8808 0.3232
vn -0.1946 -0.6468 0.7374
vn 0.0973 -0.9325 0.3477
vn 0.1949 -0.9549 0.2238
vn -0.3593 -0.6689 0.6508
vn -0.0616 -0.9672 0.2466
vn 0.0374 -0.9927 0.1145
vn -0.5098 -0.6689 0.5411
vn -0.2159 -0.9672 0.1340
vn -0.1204 -0.9927 -0.0006
vn -0.6426 -0.6468 0.4107
vn -0.3608 -0.9325 0.0136
vn -0.2727 -0.9549 -0.1171
vn -0.7528 -0.6031 0.2638
vn -0.4909 -0.8642 -0.1101
vn -0.4135 -0.8808 -0.2306
vn -0.8364 -0.5382 0.1033
vn -0.6018 -0.7639 -0.2330
vn -0.5375 -0.7732 -0.3366
vn -0.8886 -0.4539 -0.0653
vn -0.6890 -0.6347 -0.3499
vn -0.6399 -0.6360 -0.4312
vn -0.9052 -0.3530 -0.2367
vn -0.7491 -0.4806 -0.4559
vn -0.7169 -0.4746 -0.5107
vn -0.8828 -0.2402 -0.4038
vn -0.7795 -0.3071 -0.5460
vn -0.7654 -0.2950 -0.5720
vn -0.8193 -0.1228 -0.5600
vn -0.7791 -0.1205 -0.6152
vn -0.7835 -0.1043 -0.6126
vn -0.7137 -0.0126 -0.7004
vn -0.7484 0.0721 -0.6593
vn -0.7705 0.0905 -0.6310
vn -0.5611 0.0678 -0.8250
vn -0.6897 0.2631 -0.6746
vn -0.7269 0.2815 -0.6264
vn -0.3216 0.0337 -0.9463
vn -0.3215 0.0332 -0.9463
vn -0.6072 0.4455 -0.6579
vn -0.6542 0.4616 -0.5991
vn 0.3895 -0.7696 -0.5060
vn 0.3892 -0.7697 -0.5060
vn -0.5063 0.6125 -0.6070
vn -0.5554 0.6237 -0.5500
vn 0.2891 -0.7803 0.5545
vn -0.3935 0.7573 -0.5211
vn -0.4342 0.7616 -0.4811
vn 0.0670 -0.7488 0.6594
vn -0.2815 0.8701 -0.4046
vn -0.3045 0.8642 -0.4005
vn -0.1143 -0.7486 0.6531
vn -0.1897 0.9457 -0.2639
vn -0.1899 0.9274 -0.3224
vn -0.2948 -0.7492 0.5932
vn -0.0788 0.9925 -0.0937
vn -0.0320 0.9774 -0.2090
vn -0.0003 1.0000 -0.0001
vn -0.7681 0.4853 -0.4177
vn 0.0907 0.4853 -0.8696
vn -0.4657 -0.0000 -0.8849
vn -0.3958 0.7088 0.5840
vn -0.7054 0.7088 -0.0045
vn 0.6165 0.6854 -0.3876
vn -0.2741 0.7088 0.6500
vn -0.6927 0.7088 0.1332
vn 0.5216 0.6801 -0.5151
vn -0.1421 0.7088 0.6909
vn -0.6534 0.7088 0.2658
vn 0.3954 0.6854 -0.6114
vn -0.0045 0.7089 0.7053
vn -0.5889 0.7088 0.3883
vn 0.2594 0.6969 -0.6687
vn -0.0000 -0.0000 -0.0000
vn -0.5020 0.7088 0.4956
vn 0.1336 0.7059 -0.6956
vn 0.2658 0.7088 0.6534
vn 0.0044 0.7088 -0.7054
vn 0.3882 0.7088 0.5889
vn 0.4956 0.7088 0.5020
vn -0.2658 0.7088 -0.6534
vn 0.5840 0.7088 0.3956
vn -0.3882 0.7088 -0.5890
vn 0.6500 0.7088 0.2741
vn -0.4957 0.7088 -0.5019
vn 0.6909 0.7088 0.1422
vn -0.5840 0.7088 -0.3957
vn 0.7054 0.7088 0.0045
vn -0.6500 0.7088 -0.2741
vn 0.6973 0.7059 -0.1247
vn -0.6909 0.7088 -0.1421
vn 0.6720 0.6968 -0.2507
vn -0.6275 0.5828 0.5163
vn 0.8708 0.4852 -0.0795
vn 0.4078 0.4853 0.7735
vn 0.8789 -0.0000 0.4771
vn -0.8349 0.4852 -0.2597
vn -0.0808 0.4853 -0.8706
vn -0.6294 -0.0000 -0.7771
vn 0.8385 0.4852 -0.2479
vn 0.5508 0.4852 0.6791
vn 0.9551 -0.0000 0.2963
vn -0.8695 0.4852 -0.0919
vn -0.2490 0.4852 -0.8382
vn -0.7689 -0.0000 -0.6393
vn 0.7740 0.4854 -0.4066
vn 0.6727 0.4853 0.5585
vn 0.9945 -0.0000 0.1044
vn -0.8707 0.4853 0.0796
vn -0.4078 0.4852 -0.7734
vn -0.8789 -0.0000 -0.4770
vn 0.6798 0.4852 -0.5499
vn 0.7676 0.4863 0.4176
vn 0.9958 -0.0000 -0.0917
vn -0.8385 0.4853 0.2479
vn -0.5509 0.4853 -0.6790
vn -0.9551 -0.0000 -0.2963
vn 0.5742 0.4806 -0.6628
vn 0.8318 0.4810 0.2772
vn 0.9657 -0.0146 -0.2591
vn -0.0920 0.4853 0.8695
vn -0.8382 0.4852 0.2489
vn -0.6395 -0.0000 0.7688
vn -0.7740 0.4853 0.4067
vn -0.6727 0.4853 -0.5585
vn -0.9945 -0.0000 -0.1044
vn 0.4387 0.4599 -0.7720
vn 0.8772 0.4667 0.1130
vn 0.8977 -0.0490 -0.4380
vn 0.0797 0.4852 0.8708
vn -0.7734 0.4852 0.4080
vn -0.4768 -0.0000 0.8790
vn -0.6798 0.4852 0.5499
vn -0.7688 0.4853 -0.4165
vn -0.9958 -0.0000 0.0917
vn 0.2636 0.4432 -0.8568
vn 0.8905 0.4494 -0.0709
vn 0.7802 -0.0752 -0.6211
vn 0.2478 0.4853 0.8385
vn -0.6791 0.4853 0.5508
vn -0.2965 -0.0000 0.9550
vn -0.5594 0.4852 0.6720
vn -0.8353 0.4852 -0.2586
vn -0.9587 -0.0000 0.2843
vn 0.0824 0.4493 -0.8896
vn 0.8601 0.4432 -0.2525
vn 0.6311 -0.0753 -0.7721
vn 0.4066 0.4852 0.7741
vn -0.5586 0.4852 0.6727
vn -0.1045 -0.0000 0.9945
vn -0.4177 0.4854 0.7681
vn -0.8697 0.4852 -0.0907
vn -0.8850 -0.0000 0.4656
vn -0.1019 0.4667 -0.8785
vn 0.7776 0.4598 -0.4289
vn 0.4493 -0.0491 -0.8920
vn 0.5499 0.4853 0.6798
vn -0.4164 0.4853 0.7688
vn 0.0918 -0.0000 0.9958
vn -0.2596 0.4852 0.8350
vn -0.8706 0.4853 0.0809
vn -0.7769 -0.0000 0.6296
vn -0.2667 0.4810 -0.8352
vn 0.6700 0.4806 -0.5659
vn 0.2712 -0.0146 -0.9624
vn 0.6720 0.4853 0.5595
vn -0.2586 0.4853 0.8352
vn 0.2841 -0.0000 0.9588
vn -0.4078 0.4863 -0.7728
vn 0.5586 0.4852 -0.6727
vn 0.1045 -0.0000 -0.9945
vn 0.7681 0.4853 0.4177
vn -0.0907 0.4853 0.8697
vn 0.4657 -0.0000 0.8849
vn -0.5499 0.4853 -0.6798
vn 0.4165 0.4853 -0.7688
vn -0.0917 -0.0000 -0.9958
vn 0.8349 0.4852 0.2597
vn 0.0808 0.4853 0.8706
vn 0.6295 -0.0000 0.7770
vn -0.6720 0.4852 -0.5594
vn 0.2586 0.4853 -0.8353
vn -0.2842 -0.0000 -0.9588
vn 0.8695 0.4853 0.0919
vn 0.2490 0.4853 0.8381
vn 0.7689 -0.0000 0.6393
vn -0.0008 0.9999 0.0144
vn 0.0042 0.9971 0.0759
vn -0.0248 0.9966 0.0781
vn -0.0785 0.9966 0.0238
vn -0.0759 0.9971 -0.0052
vn -0.0144 0.9999 0.0006
vn 0.0007 0.9830 0.1837
vn -0.7197 0.5680 0.3992
vn -0.7998 0.5371 0.2680
vn -0.8651 0.4871 0.1197
vn -0.9090 0.4142 -0.0470
vn -0.9090 0.4143 -0.0467
vn -0.9210 0.3141 -0.2307
vn -0.9209 0.3143 -0.2307
vn -0.8871 0.1869 -0.4221
vn -0.7965 0.0377 -0.6035
vn -0.6498 -0.1176 -0.7510
vn -0.4630 -0.2600 -0.8474
vn -0.2609 -0.3749 -0.8896
vn -0.0641 -0.4576 -0.8869
vn 0.1157 -0.5112 -0.8516
vn 0.2754 -0.5422 -0.7939
vn 0.4077 -0.5555 -0.7247
vn 0.5297 -0.5595 -0.6375
vn 0.6442 -0.5594 -0.5216
vn 0.7298 -0.5555 -0.3984
vn 0.7973 -0.5422 -0.2652
vn 0.8531 -0.5112 -0.1049
vn 0.8859 -0.4576 0.0753
vn 0.8862 -0.3748 0.2723
vn 0.8414 -0.2600 0.4737
vn 0.7427 -0.1177 0.6593
vn 0.5932 0.0378 0.8042
vn 0.4109 0.1868 0.8924
vn 0.2189 0.3143 0.9237
vn 0.0354 0.4142 0.9095
vn -0.1306 0.4870 0.8636
vn -0.2783 0.5371 0.7963
vn -0.4084 0.5680 0.7146
vn -0.5243 0.5828 0.6209
vn -0.5846 0.6323 -0.5084
vn -0.5848 0.6321 -0.5083
vn 0.2538 -0.9545 0.1565
vn 0.1366 0.9367 0.3223
vn -0.5011 0.7693 -0.3963
vn 0.1264 -0.9919 0.0126
vn 0.2459 0.8690 0.4294
vn -0.4031 0.8733 -0.2738
vn -0.0063 -0.9913 -0.1313
vn 0.3597 0.7635 0.5364
vn -0.3045 0.9397 -0.1556
vn -0.1395 -0.9528 -0.2698
vn 0.4639 0.6249 0.6280
vn -0.1773 0.9841 -0.0092
vn -0.2679 -0.8776 -0.3974
vn 0.5497 0.4619 0.6960
vn -0.3867 -0.7688 -0.5094
vn 0.6138 0.2812 0.7376
vn -0.4911 -0.6303 -0.6013
vn 0.6537 0.0899 0.7514
vn -0.5771 -0.4676 -0.6695
vn 0.6680 -0.1049 0.7368
vn -0.6414 -0.2871 -0.7114
vn 0.6560 -0.2958 0.6944
vn -0.6816 -0.0954 -0.7255
vn 0.6184 -0.4751 0.6259
vn -0.6961 0.0995 -0.7111
vn 0.5567 -0.6363 0.5341
vn -0.6843 0.2908 -0.6687
vn 0.4730 -0.7733 0.4222
vn -0.6467 0.4705 -0.6003
vn -0.6467 0.4703 -0.6005
vn 0.3708 -0.8807 0.2948
vn -0.8847 -0.0000 0.4661
vn 0.0084 -0.9999 -0.0083
vn 0.4769 -0.0000 -0.8789
vn 0.0917 -0.0000 0.9958
vn -0.7770 -0.0000 0.6295
vn 0.2964 -0.0000 -0.9551
vn 0.2842 -0.0000 0.9588
vn 0.1044 -0.0000 -0.9945
vn 0.4656 -0.0000 0.8850
vn -0.0916 -0.0000 -0.9958
vn 0.6294 -0.0000 0.7771
vn -0.2839 -0.0000 -0.9588
vn 0.7690 -0.0000 0.6393
vn -0.4658 -0.0000 -0.8849
vn 0.8789 -0.0000 0.4770
vn 0.9551 -0.0000 0.2962
vn -0.7690 -0.0000 -0.6393
vn -0.8789 -0.0000 -0.4769
vn 0.9587 -0.0000 -0.2845
vn -0.6394 -0.0000 0.7689
vn -0.9946 -0.0000 -0.1042
vn 0.8849 -0.0000 -0.4657
vn -0.4773 -0.0000 0.8787
vn 0.7771 -0.0000 -0.6294
vn -0.2964 -0.0000 0.9551
vn -0.9588 -0.0000 0.2841
vn 0.6394 -0.0000 -0.7689
vn -0.6295 0.0033 -0.7770
vn -0.0084 0.9999 0.0083
vn 0.9549 0.0155 0.2964
vn -0.7689 -0.0032 -0.6393
vn 0.9943 0.0209 0.1045
vn -0.8788 -0.0095 -0.4771
vn 0.9955 0.0255 -0.0916
vn -0.9549 -0.0155 -0.2964
vn 0.9584 0.0291 -0.2839
vn -0.6389 -0.0326 0.7686
vn -0.9943 -0.0209 -0.1045
vn 0.8845 0.0313 -0.4656
vn -0.4768 -0.0313 0.8785
vn -0.9955 -0.0255 0.0916
vn 0.7767 0.0326 -0.6291
vn -0.2962 -0.0289 0.9547
vn -0.9584 -0.0291 0.2839
vn 0.6389 0.0326 -0.7686
vn -0.1043 -0.0253 0.9942
vn -0.8845 -0.0313 0.4656
vn 0.4767 0.0313 -0.8785
vn 0.0918 -0.0208 0.9956
vn -0.7767 -0.0326 0.6291
vn 0.2962 0.0289 -0.9547
vn 0.2842 -0.0156 0.9586
vn 0.1043 0.0253 -0.9942
vn 0.4658 -0.0096 0.8848
vn -0.0918 0.0208 -0.9956
vn 0.6295 -0.0032 0.7770
vn -0.2842 0.0156 -0.9586
vn 0.7689 0.0032 0.6393
vn -0.4658 0.0096 -0.8848
vn 0.8788 0.0095 0.4770
vn -0.8703 -0.1486 0.4695
vn -0.7681 -0.1567 0.6208
vn -0.9442 -0.1220 0.3058
vn -0.9889 -0.0872 0.1207
vn -0.9953 -0.0589 -0.0762
vn -0.9954 -0.0587 -0.0760
vn -0.9609 -0.0425 -0.2735
vn -0.9609 -0.0422 -0.2737
vn -0.8868 -0.0381 -0.4606
vn -0.7760 -0.0440 -0.6292
vn -0.6339 -0.0574 -0.7713
vn -0.4669 -0.0756 -0.8811
vn -0.2824 -0.0958 -0.9545
vn -0.0887 -0.1158 -0.9893
vn 0.1066 -0.1338 -0.9853
vn 0.2957 -0.1483 -0.9437
vn 0.4728 -0.1586 -0.8668
vn 0.6313 -0.1639 -0.7580
vn 0.7660 -0.1639 -0.6217
vn 0.8728 -0.1586 -0.4615
vn 0.9473 -0.1484 -0.2841
vn 0.9865 -0.1338 -0.0939
vn 0.9881 -0.1158 0.1013
vn 0.9508 -0.0958 0.2946
vn 0.8751 -0.0756 0.4781
vn 0.7632 -0.0574 0.6436
vn 0.6192 -0.0440 0.7840
vn 0.4493 -0.0381 0.8926
vn 0.2611 -0.0424 0.9644
vn 0.0637 -0.0590 0.9962
vn -0.1331 -0.0872 0.9873
vn -0.3179 -0.1218 0.9403
vn -0.4808 -0.1486 0.8641
vn -0.6305 -0.1568 0.7602
vn 0.5429 -0.7492 -0.3793
vn -0.1043 0.9925 -0.0640
vn -0.2115 0.9774 -0.0006
vn 0.6290 -0.7485 -0.2100
vn -0.2892 0.9457 -0.1484
vn -0.3470 0.9274 -0.1399
vn 0.6622 -0.7487 -0.0318
vn -0.4420 0.8701 -0.2182
vn -0.4412 0.8642 -0.2417
vn 0.5913 -0.7803 0.2035
vn -0.5738 0.7574 -0.3118
vn -0.5402 0.7616 -0.3580
vn -0.4427 -0.7697 0.4600
vn -0.4426 -0.7697 0.4601
vn -0.6755 0.6124 -0.4106
vn -0.6264 0.6237 -0.4676
vn -0.9835 0.0335 -0.1780
vn -0.9835 0.0338 -0.1777
vn -0.7407 0.4455 -0.5028
vn -0.6896 0.4616 -0.5581
vn -0.8991 0.0678 -0.4324
vn -0.7694 0.2631 -0.5820
vn -0.7274 0.2816 -0.6258
vn -0.7985 -0.0127 -0.6018
vn -0.7631 0.0720 -0.6423
vn -0.7384 0.0904 -0.6683
vn -0.6755 -0.1228 -0.7271
vn -0.7240 -0.1204 -0.6792
vn -0.7221 -0.1042 -0.6839
vn -0.5303 -0.2402 -0.8131
vn -0.6556 -0.3071 -0.6898
vn -0.6792 -0.2951 -0.6720
vn -0.3684 -0.3530 -0.8601
vn -0.5620 -0.4807 -0.6731
vn -0.6115 -0.4746 -0.6332
vn -0.1966 -0.4539 -0.8691
vn -0.4483 -0.6347 -0.6294
vn -0.5214 -0.6360 -0.5688
vn -0.0220 -0.5382 -0.8425
vn -0.3197 -0.7639 -0.5605
vn -0.4127 -0.7732 -0.4816
vn 0.1489 -0.6030 -0.7837
vn -0.1819 -0.8642 -0.4692
vn -0.2894 -0.8808 -0.3747
vn 0.3111 -0.6468 -0.6963
vn -0.0400 -0.9326 -0.3588
vn -0.1563 -0.9550 -0.2523
vn 0.4594 -0.6688 -0.5844
vn 0.1004 -0.9672 -0.2335
vn -0.0185 -0.9927 -0.1190
vn 0.5902 -0.6689 -0.4520
vn 0.2347 -0.9672 -0.0974
vn 0.1188 -0.9927 0.0200
vn 0.7004 -0.6468 -0.3019
vn 0.3583 -0.9326 0.0446
vn 0.2503 -0.9550 0.1595
vn 0.7855 -0.6031 -0.1390
vn 0.4668 -0.8642 0.1878
vn 0.3709 -0.8808 0.2941
vn 0.8422 -0.5382 0.0327
vn 0.5564 -0.7639 0.3268
vn 0.4763 -0.7732 0.4188
vn 0.8665 -0.4540 0.2075
vn 0.6237 -0.6347 0.4562
vn 0.5621 -0.6360 0.5286
vn 0.8553 -0.3529 0.3794
vn 0.6659 -0.4806 0.5706
vn 0.6253 -0.4746 0.6195
vn 0.8062 -0.2402 0.5406
vn 0.6814 -0.3071 0.6644
vn 0.6633 -0.2951 0.6877
vn 0.7184 -0.1229 0.6847
vn 0.6698 -0.1205 0.7327
vn 0.6746 -0.1042 0.7308
vn 0.5915 -0.0127 0.8062
vn 0.6325 0.0720 0.7712
vn 0.6588 0.0904 0.7468
vn 0.4209 0.0676 0.9046
vn 0.5721 0.2631 0.7768
vn 0.6165 0.2815 0.7353
vn 0.1651 0.0340 0.9857
vn 0.4934 0.4455 0.7471
vn 0.5492 0.4616 0.6966
vn -0.4654 -0.7692 0.4379
vn -0.4653 -0.7691 0.4381
vn 0.4020 0.6124 0.6807
vn 0.4022 0.6120 0.6809
vn 0.4596 0.6237 0.6323
vn -0.1960 -0.7803 -0.5939
vn -0.1965 -0.7801 -0.5940
vn 0.3040 0.7574 0.5779
vn 0.3044 0.7574 0.5777
vn 0.3511 0.7616 0.5447
vn 0.0401 -0.7489 -0.6615
vn 0.0401 -0.7490 -0.6613
vn 0.2126 0.8701 0.4447
vn 0.2126 0.8700 0.4449
vn 0.2361 0.8642 0.4443
vn 0.2181 -0.7487 -0.6261
vn 0.2178 -0.7487 -0.6261
vn 0.1445 0.9457 0.2910
vn 0.1447 0.9457 0.2910
vn 0.1355 0.9273 0.3488
vn 0.3862 -0.7492 -0.5382
vn 0.0627 0.9925 0.1051
vn -0.0021 0.9774 0.2114
vn 0.0795 -0.0000 0.9968
vn -0.0795 -0.0000 -0.9968
vt 0.671459 0.387157
vt 0.671458 0.000177
vt 0.999823 0.001717
vt 0.999823 0.388696
vt 0.373046 0.003817
vt 0.382721 0.001044
vt 0.392487 0.000177
vt 0.401973 0.001248
vt 0.410813 0.004218
vt 0.418670 0.008972
vt 0.425237 0.015327
vt 0.430266 0.023038
vt 0.433561 0.031809
vt 0.434995 0.041306
vt 0.434518 0.051159
vt 0.432144 0.060993
vt 0.427964 0.070429
vt 0.422140 0.079104
vt 0.414893 0.086685
vt 0.406507 0.092880
vt 0.397301 0.097453
vt 0.387629 0.100225
vt 0.377860 0.101093
vt 0.368374 0.100021
vt 0.359534 0.097051
vt 0.351681 0.092298
vt 0.345114 0.085943
vt 0.340085 0.078231
vt 0.336790 0.069459
vt 0.335352 0.059964
vt 0.335833 0.050109
vt 0.338207 0.040276
vt 0.342387 0.030841
vt 0.348211 0.022166
vt 0.355453 0.014584
vt 0.363840 0.008389
vt 0.387062 0.088748
vt 0.393407 0.087649
vt 0.389337 0.021907
vt 0.383778 0.022401
vt 0.368424 0.100611
vt 0.378116 0.102394
vt 0.387705 0.101762
vt 0.397177 0.098825
vt 0.406520 0.093477
vt 0.378270 0.023979
vt 0.373028 0.026583
vt 0.368254 0.030110
vt 0.364131 0.034426
vt 0.360812 0.039366
vt 0.358433 0.044737
vt 0.357080 0.050336
vt 0.356810 0.055946
vt 0.357625 0.061353
vt 0.359503 0.066346
vt 0.362364 0.070738
vt 0.366107 0.074355
vt 0.370577 0.077061
vt 0.375610 0.078753
vt 0.381018 0.079515
vt 0.386587 0.079167
vt 0.392085 0.077443
vt 0.397319 0.074687
vt 0.402093 0.071159
vt 0.406220 0.066844
vt 0.409535 0.061905
vt 0.411914 0.056532
vt 0.413267 0.050933
vt 0.413541 0.045323
vt 0.412722 0.039917
vt 0.410844 0.034923
vt 0.407983 0.030533
vt 0.404244 0.026915
vt 0.399770 0.024208
vt 0.394737 0.022518
vt 0.380721 0.090025
vt 0.407512 0.585858
vt 0.415378 0.583930
vt 0.399523 0.086769
vt 0.405164 0.086143
vt 0.410121 0.085796
vt 0.414201 0.085737
vt 0.417245 0.085974
vt 0.419138 0.086494
vt 0.419807 0.087278
vt 0.419228 0.088296
vt 0.417420 0.089509
vt 0.414455 0.090870
vt 0.410444 0.092328
vt 0.405544 0.093825
vt 0.399945 0.095305
vt 0.393856 0.096710
vt 0.387519 0.097986
vt 0.381169 0.099085
vt 0.375058 0.099965
vt 0.369412 0.100591
vt 0.364455 0.100940
vt 0.360379 0.100996
vt 0.357331 0.100761
vt 0.355438 0.100241
vt 0.354769 0.099457
vt 0.355349 0.098439
vt 0.357156 0.097226
vt 0.360125 0.095863
vt 0.364132 0.094407
vt 0.369032 0.092909
vt 0.374635 0.091430
vt 0.444111 0.581075
vt 0.449188 0.581003
vt 0.408090 0.597610
vt 0.400485 0.598704
vt 0.399955 0.587995
vt 0.437945 0.581507
vt 0.415988 0.596242
vt 0.392993 0.589925
vt 0.430921 0.582196
vt 0.423878 0.594654
vt 0.386897 0.591788
vt 0.423293 0.582903
vt 0.431451 0.592905
vt 0.381907 0.593601
vt 0.438418 0.591065
vt 0.378219 0.595295
vt 0.444513 0.589202
vt 0.375968 0.596805
vt 0.449504 0.587388
vt 0.375246 0.598072
vt 0.453192 0.585695
vt 0.376079 0.599047
vt 0.455443 0.584185
vt 0.378436 0.599693
vt 0.456165 0.582919
vt 0.382223 0.599987
vt 0.455332 0.581943
vt 0.387300 0.599916
vt 0.452974 0.581297
vt 0.393466 0.599482
vt 0.434704 0.611811
vt 0.425859 0.610812
vt 0.453507 0.684396
vt 0.458939 0.676308
vt 0.490894 0.691088
vt 0.481111 0.705654
vt 0.430347 0.701504
vt 0.438931 0.697241
vt 0.384570 0.631315
vt 0.379138 0.639402
vt 0.416753 0.611621
vt 0.446754 0.691464
vt 0.375242 0.648199
vt 0.373027 0.657368
vt 0.372578 0.666555
vt 0.462836 0.667511
vt 0.373919 0.675407
vt 0.465051 0.658342
vt 0.376993 0.683586
vt 0.465499 0.649155
vt 0.381681 0.690775
vt 0.464158 0.640304
vt 0.387806 0.696699
vt 0.461084 0.632125
vt 0.395128 0.701131
vt 0.456397 0.624936
vt 0.403373 0.703900
vt 0.407730 0.614207
vt 0.450271 0.619012
vt 0.412218 0.704899
vt 0.399146 0.618470
vt 0.442949 0.614579
vt 0.421328 0.704089
vt 0.391323 0.624246
vt 0.501901 0.658734
vt 0.502705 0.642189
vt 0.502689 0.641860
vt 0.501885 0.658405
vt 0.335368 0.673523
vt 0.336172 0.656978
vt 0.497912 0.675245
vt 0.337780 0.689466
vt 0.343315 0.704194
vt 0.351757 0.717142
vt 0.500293 0.626245
vt 0.362789 0.727811
vt 0.494758 0.611517
vt 0.375980 0.735791
vt 0.486316 0.598570
vt 0.390825 0.740777
vt 0.398672 0.579249
vt 0.414916 0.574592
vt 0.475285 0.587901
vt 0.406755 0.742576
vt 0.383211 0.586926
vt 0.462094 0.579920
vt 0.423157 0.741120
vt 0.369128 0.597329
vt 0.447248 0.574935
vt 0.439401 0.736463
vt 0.356962 0.610057
vt 0.431318 0.573136
vt 0.454862 0.728786
vt 0.347179 0.624624
vt 0.468945 0.718383
vt 0.340161 0.640467
vt 0.398656 0.578920
vt 0.383195 0.586597
vt 0.369112 0.597000
vt 0.356945 0.609729
vt 0.347163 0.624295
vt 0.340145 0.640138
vt 0.336156 0.656650
vt 0.335352 0.673195
vt 0.337763 0.689138
vt 0.343298 0.703866
vt 0.351741 0.716813
vt 0.362772 0.727482
vt 0.375963 0.735463
vt 0.390808 0.740449
vt 0.406738 0.742249
vt 0.423141 0.740791
vt 0.439384 0.736135
vt 0.454845 0.728457
vt 0.468929 0.718054
vt 0.481095 0.705326
vt 0.490878 0.690759
vt 0.497896 0.674917
vt 0.500277 0.625918
vt 0.494742 0.611189
vt 0.486300 0.598241
vt 0.475268 0.587572
vt 0.462077 0.579592
vt 0.447232 0.574606
vt 0.431302 0.572807
vt 0.414900 0.574264
vt 0.434213 0.613627
vt 0.425654 0.612702
vt 0.416842 0.613415
vt 0.442178 0.616018
vt 0.449243 0.619872
vt 0.455145 0.625075
vt 0.459652 0.631428
vt 0.462594 0.638686
vt 0.463855 0.646570
vt 0.463391 0.654779
vt 0.461214 0.662995
vt 0.457413 0.670904
vt 0.452130 0.678201
vt 0.445572 0.684606
vt 0.437986 0.689873
vt 0.429671 0.693799
vt 0.420940 0.696233
vt 0.412130 0.697084
vt 0.403579 0.696316
vt 0.395615 0.693960
vt 0.388550 0.690107
vt 0.382649 0.684904
vt 0.378141 0.678551
vt 0.375199 0.671293
vt 0.373939 0.663408
vt 0.374403 0.655200
vt 0.376579 0.646984
vt 0.380381 0.639075
vt 0.385664 0.631777
vt 0.392221 0.625373
vt 0.399806 0.620070
vt 0.408117 0.615986
vt 0.425728 0.620138
vt 0.417219 0.621053
vt 0.425161 0.614620
vt 0.416953 0.615762
vt 0.433956 0.620163
vt 0.433067 0.613831
vt 0.441578 0.620893
vt 0.440354 0.613171
vt 0.448300 0.622450
vt 0.446753 0.612826
vt 0.453874 0.624839
vt 0.452024 0.612879
vt 0.458083 0.627965
vt 0.455957 0.613328
vt 0.460762 0.631712
vt 0.458409 0.614156
vt 0.461816 0.635933
vt 0.459281 0.615332
vt 0.461195 0.640467
vt 0.458541 0.616809
vt 0.458933 0.645138
vt 0.456215 0.618532
vt 0.455108 0.649769
vt 0.452397 0.620433
vt 0.449870 0.654182
vt 0.447229 0.622440
vt 0.443424 0.658205
vt 0.440913 0.624476
vt 0.436011 0.661686
vt 0.433692 0.626463
vt 0.427923 0.664489
vt 0.425839 0.628324
vt 0.419465 0.666508
vt 0.417657 0.629987
vt 0.410968 0.667664
vt 0.409467 0.631390
vt 0.402749 0.667915
vt 0.401576 0.632477
vt 0.395135 0.667248
vt 0.394293 0.633206
vt 0.388413 0.665690
vt 0.387893 0.633551
vt 0.382839 0.663303
vt 0.382623 0.633499
vt 0.378630 0.660176
vt 0.378689 0.633049
vt 0.375951 0.656429
vt 0.376237 0.632221
vt 0.374896 0.652209
vt 0.375365 0.631045
vt 0.375518 0.647675
vt 0.376106 0.629568
vt 0.377780 0.643003
vt 0.378432 0.627845
vt 0.381605 0.638372
vt 0.382249 0.625945
vt 0.386843 0.633959
vt 0.387417 0.623936
vt 0.393289 0.629936
vt 0.393733 0.621900
vt 0.400699 0.626391
vt 0.400951 0.619845
vt 0.408773 0.623313
vt 0.408789 0.617686
vt 0.295324 0.752353
vt 0.285111 0.755191
vt 0.274788 0.756086
vt 0.264757 0.755006
vt 0.255406 0.751990
vt 0.247087 0.747156
vt 0.240124 0.740688
vt 0.234786 0.732836
vt 0.231276 0.723901
vt 0.229731 0.714226
vt 0.230207 0.704183
vt 0.232685 0.694159
vt 0.237075 0.684539
vt 0.243203 0.675692
vt 0.250840 0.667957
vt 0.259688 0.661633
vt 0.269405 0.656962
vt 0.279618 0.654124
vt 0.289941 0.653228
vt 0.299972 0.654309
vt 0.309323 0.657324
vt 0.317642 0.662159
vt 0.324605 0.668627
vt 0.329943 0.676478
vt 0.333453 0.685413
vt 0.334998 0.695088
vt 0.334526 0.705131
vt 0.332044 0.715155
vt 0.327654 0.724776
vt 0.321526 0.733623
vt 0.313889 0.741358
vt 0.305041 0.747682
vt 0.280254 0.665820
vt 0.273550 0.666948
vt 0.278050 0.733938
vt 0.283929 0.733427
vt 0.299920 0.653707
vt 0.289666 0.651902
vt 0.279535 0.652559
vt 0.269530 0.655563
vt 0.259673 0.661024
vt 0.289744 0.731812
vt 0.295277 0.729153
vt 0.300315 0.725552
vt 0.304661 0.721149
vt 0.308151 0.716112
vt 0.310649 0.710634
vt 0.312060 0.704926
vt 0.312334 0.699209
vt 0.311451 0.693702
vt 0.309452 0.688614
vt 0.306415 0.684143
vt 0.302448 0.680462
vt 0.297712 0.677709
vt 0.292391 0.675991
vt 0.286671 0.675220
vt 0.280784 0.675582
vt 0.274977 0.677346
vt 0.269452 0.680162
vt 0.264414 0.683762
vt 0.260068 0.688166
vt 0.256578 0.693203
vt 0.254080 0.698680
vt 0.252669 0.704388
vt 0.252396 0.710105
vt 0.253278 0.715614
vt 0.255277 0.720700
vt 0.258318 0.725170
vt 0.262281 0.728854
vt 0.267017 0.731606
vt 0.272343 0.733323
vt 0.286953 0.664511
vt 0.261768 0.154056
vt 0.253758 0.155958
vt 0.267089 0.667852
vt 0.261125 0.668497
vt 0.255890 0.668857
vt 0.251575 0.668921
vt 0.248359 0.668684
vt 0.246355 0.668156
vt 0.245643 0.667358
vt 0.246253 0.666320
vt 0.248162 0.665082
vt 0.251292 0.663690
vt 0.255524 0.662201
vt 0.260701 0.660668
vt 0.266615 0.659154
vt 0.273046 0.657715
vt 0.279745 0.656405
vt 0.286449 0.655278
vt 0.292909 0.654374
vt 0.298873 0.653729
vt 0.304109 0.653368
vt 0.308423 0.653305
vt 0.311640 0.653541
vt 0.313644 0.654069
vt 0.314356 0.654867
vt 0.313745 0.655906
vt 0.311836 0.657144
vt 0.308706 0.658535
vt 0.304475 0.660025
vt 0.299297 0.661556
vt 0.293384 0.663071
vt 0.224503 0.158796
vt 0.219336 0.158871
vt 0.261139 0.142517
vt 0.268885 0.141434
vt 0.269454 0.151949
vt 0.230781 0.158363
vt 0.253102 0.143869
vt 0.276543 0.150044
vt 0.237936 0.157679
vt 0.245071 0.145439
vt 0.282745 0.148208
vt 0.245699 0.156977
vt 0.237362 0.147164
vt 0.287820 0.146422
vt 0.230273 0.148980
vt 0.291571 0.144755
vt 0.224071 0.150816
vt 0.293857 0.143270
vt 0.218996 0.152602
vt 0.294591 0.142025
vt 0.215241 0.154270
vt 0.293740 0.141068
vt 0.212955 0.155754
vt 0.291339 0.140436
vt 0.212225 0.156999
vt 0.287480 0.140153
vt 0.213076 0.157956
vt 0.282313 0.140228
vt 0.215477 0.158588
vt 0.276030 0.140661
vt 0.233994 0.128605
vt 0.243007 0.129575
vt 0.214630 0.057358
vt 0.209122 0.065306
vt 0.176535 0.050832
vt 0.186454 0.036518
vt 0.238168 0.040532
vt 0.229440 0.044728
vt 0.284996 0.109396
vt 0.290505 0.101447
vt 0.252281 0.128770
vt 0.221490 0.050410
vt 0.294449 0.092805
vt 0.296679 0.083801
vt 0.297103 0.074779
vt 0.205182 0.073948
vt 0.295714 0.066089
vt 0.202952 0.082953
vt 0.292562 0.058063
vt 0.202524 0.091974
vt 0.287765 0.051009
vt 0.203913 0.100664
vt 0.281509 0.045200
vt 0.207068 0.108691
vt 0.274038 0.040857
vt 0.211861 0.115745
vt 0.265632 0.038148
vt 0.261459 0.126221
vt 0.218118 0.121553
vt 0.256620 0.037178
vt 0.270191 0.122024
vt 0.225593 0.125896
vt 0.247350 0.037984
vt 0.278137 0.116343
vt 0.165421 0.082613
vt 0.164647 0.098860
vt 0.164666 0.099181
vt 0.165435 0.082935
vt 0.334984 0.067893
vt 0.334214 0.084139
vt 0.169432 0.066397
vt 0.332481 0.052242
vt 0.326798 0.037788
vt 0.318160 0.025086
vt 0.167150 0.114510
vt 0.306896 0.014622
vt 0.172833 0.128965
vt 0.293438 0.006802
vt 0.181471 0.141667
vt 0.278307 0.001925
vt 0.270786 0.160535
vt 0.254255 0.165126
vt 0.192735 0.152131
vt 0.262076 0.000177
vt 0.286510 0.152979
vt 0.206193 0.159951
vt 0.245376 0.001626
vt 0.300826 0.142747
vt 0.221328 0.164829
vt 0.228845 0.006218
vt 0.313177 0.130234
vt 0.237555 0.166576
vt 0.213121 0.013774
vt 0.323096 0.115921
vt 0.198809 0.024006
vt 0.330199 0.100356
vt 0.270805 0.160857
vt 0.286529 0.153300
vt 0.300840 0.143069
vt 0.313195 0.130557
vt 0.323114 0.116243
vt 0.330217 0.100679
vt 0.334228 0.084462
vt 0.334998 0.068216
vt 0.332499 0.052564
vt 0.326816 0.038109
vt 0.318179 0.025407
vt 0.306914 0.014945
vt 0.293456 0.007124
vt 0.278321 0.002246
vt 0.262094 0.000498
vt 0.245394 0.001949
vt 0.228863 0.006539
vt 0.213139 0.014096
vt 0.198823 0.024327
vt 0.186473 0.036841
vt 0.176553 0.051154
vt 0.169450 0.066718
vt 0.167169 0.114832
vt 0.172847 0.129287
vt 0.181489 0.141990
vt 0.192753 0.152452
vt 0.206211 0.160272
vt 0.221343 0.165150
vt 0.237573 0.166898
vt 0.254274 0.165449
vt 0.234490 0.126822
vt 0.243206 0.127720
vt 0.252186 0.127009
vt 0.226370 0.124483
vt 0.219163 0.120708
vt 0.213139 0.115606
vt 0.208527 0.109374
vt 0.205514 0.102251
vt 0.204202 0.094511
vt 0.204653 0.086450
vt 0.206846 0.078380
vt 0.210693 0.070611
vt 0.216051 0.063439
vt 0.222713 0.057143
vt 0.230421 0.051962
vt 0.238880 0.048097
vt 0.247767 0.045695
vt 0.256737 0.044851
vt 0.265449 0.045594
vt 0.273565 0.047898
vt 0.280772 0.051673
vt 0.286796 0.056776
vt 0.291407 0.063008
vt 0.294421 0.070131
vt 0.295733 0.077871
vt 0.295281 0.085931
vt 0.293088 0.094001
vt 0.289241 0.101771
vt 0.283883 0.108941
vt 0.277221 0.115238
vt 0.269514 0.120455
vt 0.261063 0.124473
vt 0.243111 0.120419
vt 0.251775 0.119510
vt 0.243706 0.125836
vt 0.252061 0.124706
vt 0.234732 0.120404
vt 0.235658 0.126619
vt 0.226967 0.119695
vt 0.228235 0.127276
vt 0.220114 0.118174
vt 0.221718 0.127623
vt 0.214434 0.115836
vt 0.216352 0.127577
vt 0.210138 0.112771
vt 0.212342 0.127141
vt 0.207395 0.109096
vt 0.209845 0.126331
vt 0.206313 0.104953
vt 0.208954 0.125177
vt 0.206928 0.100500
vt 0.209705 0.123726
vt 0.209222 0.095910
vt 0.212065 0.122032
vt 0.213105 0.091358
vt 0.215952 0.120160
vt 0.218425 0.087020
vt 0.221207 0.118183
vt 0.224979 0.083062
vt 0.227632 0.116176
vt 0.232517 0.079636
vt 0.234983 0.114217
vt 0.240746 0.076873
vt 0.242974 0.112381
vt 0.249353 0.074881
vt 0.251303 0.110738
vt 0.258008 0.073736
vt 0.259642 0.109351
vt 0.266373 0.073481
vt 0.267673 0.108275
vt 0.274130 0.074127
vt 0.275090 0.107549
vt 0.280983 0.075647
vt 0.281607 0.107202
vt 0.286667 0.077985
vt 0.286972 0.107248
vt 0.290959 0.081051
vt 0.290983 0.107685
vt 0.293702 0.084725
vt 0.293480 0.108495
vt 0.294788 0.088868
vt 0.294371 0.109648
vt 0.294169 0.093321
vt 0.293624 0.111100
vt 0.291875 0.097911
vt 0.291260 0.112794
vt 0.287996 0.102463
vt 0.287377 0.114665
vt 0.282676 0.106801
vt 0.282122 0.116642
vt 0.276122 0.110759
vt 0.275693 0.118649
vt 0.268587 0.114248
vt 0.268345 0.120676
vt 0.260369 0.117281
vt 0.260370 0.122806
vt 0.058740 0.773560
vt 0.048770 0.772777
vt 0.038888 0.769969
vt 0.029474 0.765243
vt 0.020890 0.758778
vt 0.013464 0.750827
vt 0.007483 0.741690
vt 0.003176 0.731723
vt 0.000709 0.721308
vt 0.000177 0.710842
vt 0.001600 0.700733
vt 0.004924 0.691362
vt 0.010020 0.683096
vt 0.016693 0.676251
vt 0.024687 0.671089
vt 0.033693 0.667807
vt 0.043367 0.666532
vt 0.053337 0.667315
vt 0.063218 0.670123
vt 0.072632 0.674850
vt 0.081217 0.681314
vt 0.088643 0.689265
vt 0.094624 0.698398
vt 0.098931 0.708366
vt 0.101397 0.718784
vt 0.101930 0.729246
vt 0.100506 0.739359
vt 0.097183 0.748726
vt 0.092087 0.756993
vt 0.085414 0.763841
vt 0.077420 0.769003
vt 0.068413 0.772286
vt 0.052808 0.679519
vt 0.046334 0.678253
vt 0.044127 0.748467
vt 0.049753 0.750070
vt 0.072641 0.674213
vt 0.063087 0.668664
vt 0.053407 0.665681
vt 0.043622 0.665143
vt 0.033739 0.667176
vt 0.055429 0.750512
vt 0.060937 0.749786
vt 0.066065 0.747918
vt 0.070616 0.744979
vt 0.074416 0.741082
vt 0.077317 0.736376
vt 0.079209 0.731040
vt 0.080019 0.725283
vt 0.079716 0.719326
vt 0.078312 0.713397
vt 0.075860 0.707723
vt 0.072454 0.702519
vt 0.068227 0.697992
vt 0.063339 0.694312
vt 0.057986 0.691460
vt 0.052367 0.689706
vt 0.046685 0.689416
vt 0.041169 0.690302
vt 0.036042 0.692170
vt 0.031491 0.695110
vt 0.027691 0.699010
vt 0.024790 0.703716
vt 0.022898 0.709049
vt 0.022087 0.714805
vt 0.022391 0.720763
vt 0.023795 0.726695
vt 0.026246 0.732370
vt 0.029652 0.737569
vt 0.033880 0.742096
vt 0.038767 0.745776
vt 0.059291 0.680596
vt 0.086732 0.162897
vt 0.078972 0.161958
vt 0.040117 0.676846
vt 0.034395 0.675355
vt 0.029390 0.673831
vt 0.025292 0.672339
vt 0.022260 0.670936
vt 0.020411 0.669673
vt 0.019814 0.668598
vt 0.020494 0.667759
vt 0.022423 0.667179
vt 0.025528 0.666882
vt 0.029690 0.666888
vt 0.034749 0.667185
vt 0.040510 0.667770
vt 0.046752 0.668617
vt 0.053234 0.669694
vt 0.059708 0.670961
vt 0.065925 0.672367
vt 0.071646 0.673858
vt 0.076652 0.675382
vt 0.080750 0.676870
vt 0.083782 0.678277
vt 0.085631 0.679541
vt 0.086228 0.680611
vt 0.085548 0.681454
vt 0.083619 0.682035
vt 0.080514 0.682328
vt 0.076352 0.682326
vt 0.071293 0.682029
vt 0.065532 0.681443
vt 0.051028 0.154328
vt 0.046133 0.152547
vt 0.087252 0.150895
vt 0.094681 0.152575
vt 0.094207 0.163511
vt 0.057009 0.156144
vt 0.079517 0.149384
vt 0.101094 0.164118
vt 0.063841 0.158019
vt 0.071771 0.148095
vt 0.107138 0.164477
vt 0.071252 0.160097
vt 0.064314 0.147082
vt 0.112111 0.164480
vt 0.057431 0.146385
vt 0.115821 0.164131
vt 0.051387 0.146030
vt 0.118126 0.163436
vt 0.046415 0.146027
vt 0.118938 0.162430
vt 0.042704 0.146376
vt 0.118226 0.161148
vt 0.040398 0.147071
vt 0.116016 0.159636
vt 0.039586 0.148077
vt 0.112393 0.157961
vt 0.040299 0.149359
vt 0.107498 0.156179
vt 0.042509 0.150871
vt 0.101516 0.154359
vt 0.062917 0.126931
vt 0.071348 0.131165
vt 0.051470 0.047253
vt 0.045495 0.053386
vt 0.016065 0.026891
vt 0.026827 0.015849
vt 0.075358 0.038553
vt 0.066695 0.039695
vt 0.113012 0.125680
vt 0.118987 0.119547
vt 0.080197 0.133678
vt 0.058629 0.042633
vt 0.123551 0.112147
vt 0.126527 0.103758
vt 0.127801 0.094709
vt 0.040931 0.060786
vt 0.127324 0.085340
vt 0.037955 0.069175
vt 0.125116 0.076013
vt 0.036681 0.078228
vt 0.121259 0.067090
vt 0.037158 0.087593
vt 0.115903 0.058907
vt 0.039366 0.096920
vt 0.109252 0.051789
vt 0.043223 0.105843
vt 0.101565 0.046002
vt 0.089124 0.134380
vt 0.048579 0.114025
vt 0.093134 0.041768
vt 0.097787 0.133238
vt 0.055229 0.121144
vt 0.084285 0.039255
vt 0.105853 0.130300
vt 0.002486 0.055322
vt 0.000191 0.071628
vt 0.000177 0.071961
vt 0.002472 0.055659
vt 0.164293 0.101310
vt 0.161998 0.117612
vt 0.007846 0.040217
vt 0.163435 0.084433
vt 0.159456 0.067640
vt 0.152510 0.051570
vt 0.001050 0.088500
vt 0.142864 0.036838
vt 0.005028 0.105294
vt 0.130888 0.024015
vt 0.011974 0.121367
vt 0.117044 0.013592
vt 0.094638 0.172756
vt 0.078560 0.171495
vt 0.021620 0.136096
vt 0.101860 0.005967
vt 0.110241 0.170700
vt 0.033597 0.148919
vt 0.085924 0.001442
vt 0.124766 0.165409
vt 0.047441 0.159341
vt 0.069847 0.000177
vt 0.137657 0.157084
vt 0.062624 0.166966
vt 0.054244 0.002233
vt 0.148419 0.146047
vt 0.039719 0.007525
vt 0.156638 0.132716
vt 0.094624 0.173090
vt 0.110226 0.171038
vt 0.124751 0.165742
vt 0.137642 0.157417
vt 0.148405 0.146380
vt 0.156623 0.133050
vt 0.161984 0.117945
vt 0.164279 0.101643
vt 0.163420 0.084771
vt 0.159441 0.067973
vt 0.152496 0.051904
vt 0.142849 0.037171
vt 0.130874 0.024348
vt 0.117029 0.013925
vt 0.101846 0.006305
vt 0.085909 0.001776
vt 0.069832 0.000514
vt 0.054230 0.002566
vt 0.039705 0.007858
vt 0.026812 0.016183
vt 0.016051 0.027224
vt 0.007832 0.040550
vt 0.001035 0.088833
vt 0.005014 0.105627
vt 0.011960 0.121701
vt 0.021606 0.136429
vt 0.033582 0.149252
vt 0.047427 0.159679
vt 0.062610 0.167299
vt 0.078546 0.171828
vt 0.063555 0.125292
vt 0.071716 0.129344
vt 0.080276 0.131846
vt 0.056103 0.119983
vt 0.049649 0.113535
vt 0.044442 0.106163
vt 0.040683 0.098145
vt 0.038516 0.089789
vt 0.038025 0.081420
vt 0.039228 0.073354
vt 0.042079 0.065909
vt 0.046468 0.059365
vt 0.052228 0.053973
vt 0.059136 0.049942
vt 0.066927 0.047431
vt 0.075302 0.046528
vt 0.083938 0.047277
vt 0.092504 0.049639
vt 0.100671 0.053535
vt 0.108125 0.058803
vt 0.114580 0.065251
vt 0.119787 0.072623
vt 0.123545 0.080645
vt 0.125712 0.088997
vt 0.126203 0.097370
vt 0.125000 0.105432
vt 0.122150 0.112881
vt 0.117760 0.119425
vt 0.112001 0.124812
vt 0.105092 0.128844
vt 0.097300 0.131396
vt 0.088918 0.132456
vt 0.072330 0.121860
vt 0.080614 0.124047
vt 0.072370 0.127600
vt 0.080380 0.129451
vt 0.064403 0.118825
vt 0.064681 0.125504
vt 0.057129 0.115311
vt 0.057599 0.123505
vt 0.050794 0.111294
vt 0.051400 0.121513
vt 0.045644 0.106862
vt 0.046328 0.119538
vt 0.041877 0.102190
vt 0.042578 0.117648
vt 0.039638 0.097454
vt 0.040293 0.115924
vt 0.039014 0.092836
vt 0.039561 0.114423
vt 0.040025 0.088514
vt 0.040411 0.113212
vt 0.042637 0.084652
vt 0.042808 0.112335
vt 0.046747 0.081405
vt 0.046662 0.111820
vt 0.052197 0.078890
vt 0.051826 0.111697
vt 0.058779 0.077210
vt 0.058099 0.111960
vt 0.066239 0.076427
vt 0.065239 0.112605
vt 0.074290 0.076568
vt 0.072975 0.113606
vt 0.082623 0.077632
vt 0.081009 0.114926
vt 0.090919 0.079576
vt 0.089030 0.116510
vt 0.098857 0.082327
vt 0.096732 0.118301
vt 0.106134 0.085775
vt 0.103819 0.120230
vt 0.112468 0.089791
vt 0.110016 0.122222
vt 0.117618 0.094224
vt 0.115088 0.124197
vt 0.121385 0.098896
vt 0.118838 0.126087
vt 0.123624 0.103636
vt 0.121123 0.127811
vt 0.124250 0.108254
vt 0.121855 0.129308
vt 0.123237 0.112575
vt 0.121005 0.130523
vt 0.120626 0.116434
vt 0.118608 0.131400
vt 0.116516 0.119681
vt 0.114754 0.131914
vt 0.111065 0.122196
vt 0.109591 0.132038
vt 0.104484 0.123876
vt 0.103319 0.131775
vt 0.097021 0.124725
vt 0.096174 0.131200
vt 0.088957 0.124867
vt 0.088423 0.130503
vt 0.615167 0.000177
vt 0.624591 0.000869
vt 0.633951 0.003390
vt 0.642890 0.007649
vt 0.651062 0.013477
vt 0.658154 0.020655
vt 0.663895 0.028905
vt 0.668062 0.037909
vt 0.670497 0.047324
vt 0.671104 0.056784
vt 0.669861 0.065929
vt 0.666816 0.074403
vt 0.662086 0.081886
vt 0.655852 0.088090
vt 0.648354 0.092771
vt 0.639881 0.095758
vt 0.630757 0.096925
vt 0.621333 0.096233
vt 0.611973 0.093713
vt 0.603035 0.089457
vt 0.594862 0.083625
vt 0.587769 0.076448
vt 0.582028 0.068197
vt 0.577861 0.059194
vt 0.575427 0.049778
vt 0.574820 0.040318
vt 0.576062 0.031174
vt 0.579107 0.022699
vt 0.583838 0.015216
vt 0.590071 0.009013
vt 0.597569 0.004331
vt 0.606044 0.001349
vt 0.621711 0.085199
vt 0.627838 0.086334
vt 0.629218 0.022837
vt 0.623889 0.021404
vt 0.603033 0.090029
vt 0.612112 0.095028
vt 0.621283 0.097710
vt 0.630531 0.098181
vt 0.639844 0.096325
vt 0.618524 0.021011
vt 0.613330 0.021677
vt 0.608505 0.023374
vt 0.604237 0.026041
vt 0.600687 0.029571
vt 0.597994 0.033832
vt 0.596260 0.038658
vt 0.595553 0.043864
vt 0.595899 0.049251
vt 0.597285 0.054612
vt 0.599657 0.059737
vt 0.602925 0.064433
vt 0.606963 0.068520
vt 0.611616 0.071838
vt 0.616700 0.074412
vt 0.622025 0.075988
vt 0.627395 0.076239
vt 0.632595 0.075426
vt 0.637419 0.073728
vt 0.641687 0.071061
vt 0.645236 0.067531
vt 0.647930 0.063270
vt 0.649664 0.058445
vt 0.650371 0.053239
vt 0.650025 0.047851
vt 0.648639 0.042491
vt 0.646267 0.037366
vt 0.642999 0.032669
vt 0.638960 0.028582
vt 0.634308 0.025265
vt 0.615577 0.084235
vt 0.581659 0.548125
vt 0.589600 0.549032
vt 0.633723 0.087593
vt 0.639143 0.088934
vt 0.643885 0.090301
vt 0.647770 0.091639
vt 0.650647 0.092907
vt 0.652407 0.094046
vt 0.652981 0.095015
vt 0.652348 0.095776
vt 0.650531 0.096306
vt 0.647601 0.096577
vt 0.643671 0.096581
vt 0.638889 0.096320
vt 0.633444 0.095799
vt 0.627540 0.095046
vt 0.621407 0.094083
vt 0.615280 0.092948
vt 0.609394 0.091688
vt 0.603975 0.090348
vt 0.599232 0.088981
vt 0.595348 0.087642
vt 0.592470 0.086374
vt 0.590710 0.085235
vt 0.590136 0.084267
vt 0.590770 0.083505
vt 0.592586 0.082975
vt 0.595516 0.082704
vt 0.599447 0.082700
vt 0.604227 0.082961
vt 0.609674 0.083482
vt 0.618242 0.556444
vt 0.623264 0.558176
vt 0.581257 0.559869
vt 0.573647 0.558239
vt 0.574013 0.547539
vt 0.612109 0.554676
vt 0.589180 0.561336
vt 0.566968 0.546959
vt 0.605107 0.552855
vt 0.597109 0.562581
vt 0.560787 0.546619
vt 0.597509 0.550837
vt 0.604742 0.563555
vt 0.555704 0.546625
vt 0.611783 0.564225
vt 0.551916 0.546977
vt 0.617964 0.564564
vt 0.549568 0.547657
vt 0.623047 0.564559
vt 0.548749 0.548646
vt 0.626834 0.564206
vt 0.549491 0.549898
vt 0.629183 0.563526
vt 0.551767 0.551372
vt 0.630002 0.562538
vt 0.555487 0.553007
vt 0.629260 0.561286
vt 0.560510 0.554740
vt 0.626984 0.559811
vt 0.566642 0.556508
vt 0.606388 0.583270
vt 0.597727 0.579148
vt 0.618949 0.661209
vt 0.624991 0.655199
vt 0.655355 0.681070
vt 0.644476 0.691892
vt 0.594632 0.669770
vt 0.603473 0.668636
vt 0.555204 0.584592
vt 0.549164 0.590601
vt 0.588655 0.576704
vt 0.611684 0.665745
vt 0.544580 0.597853
vt 0.541630 0.606063
vt 0.540425 0.614922
vt 0.629575 0.647952
vt 0.541014 0.624092
vt 0.632525 0.639737
vt 0.543372 0.633209
vt 0.633730 0.630878
vt 0.547411 0.641934
vt 0.633141 0.621713
vt 0.552974 0.649929
vt 0.630782 0.612592
vt 0.559848 0.656884
vt 0.626744 0.603867
vt 0.567767 0.662530
vt 0.579523 0.576035
vt 0.621181 0.595875
vt 0.576429 0.666657
vt 0.570682 0.577164
vt 0.614308 0.588921
vt 0.585500 0.669101
vt 0.562471 0.580055
vt 0.668925 0.653222
vt 0.671094 0.637269
vt 0.671104 0.636939
vt 0.668936 0.652896
vt 0.503059 0.608535
vt 0.505227 0.592578
vt 0.663611 0.668015
vt 0.504119 0.625041
vt 0.508367 0.641466
vt 0.515640 0.657181
vt 0.670033 0.620759
vt 0.525658 0.671574
vt 0.665785 0.604334
vt 0.538036 0.684099
vt 0.658512 0.588624
vt 0.552299 0.694271
vt 0.573471 0.538496
vt 0.589917 0.539699
vt 0.648494 0.574226
vt 0.567898 0.701699
vt 0.557549 0.540535
vt 0.636115 0.561705
vt 0.584235 0.706101
vt 0.542761 0.545740
vt 0.621853 0.551530
vt 0.600680 0.707304
vt 0.529676 0.553909
vt 0.606253 0.544101
vt 0.616603 0.705265
vt 0.518797 0.564731
vt 0.631391 0.700060
vt 0.510542 0.577790
vt 0.573482 0.538170
vt 0.557560 0.540209
vt 0.542772 0.545414
vt 0.529687 0.553582
vt 0.518807 0.564404
vt 0.510552 0.577459
vt 0.505239 0.592252
vt 0.503070 0.608205
vt 0.504130 0.624715
vt 0.508378 0.641140
vt 0.515651 0.656850
vt 0.525670 0.671248
vt 0.538048 0.683769
vt 0.552310 0.693944
vt 0.567909 0.701373
vt 0.584246 0.705775
vt 0.600691 0.706978
vt 0.616614 0.704939
vt 0.631402 0.699734
vt 0.644488 0.691565
vt 0.655366 0.680743
vt 0.663621 0.667684
vt 0.670044 0.620433
vt 0.665796 0.604008
vt 0.658523 0.588293
vt 0.648505 0.573900
vt 0.636127 0.561375
vt 0.621864 0.551203
vt 0.606264 0.543775
vt 0.589928 0.539373
vt 0.605753 0.584881
vt 0.597369 0.580929
vt 0.588594 0.578495
vt 0.613427 0.590059
vt 0.620094 0.596355
vt 0.625494 0.603557
vt 0.629423 0.611399
vt 0.631728 0.619569
vt 0.632321 0.627759
vt 0.631179 0.635651
vt 0.628346 0.642940
vt 0.623931 0.649352
vt 0.618103 0.654637
vt 0.611086 0.658592
vt 0.603152 0.661069
vt 0.594602 0.661965
vt 0.585768 0.661249
vt 0.576987 0.658955
vt 0.568598 0.655158
vt 0.560923 0.650016
vt 0.554257 0.643720
vt 0.548856 0.636518
vt 0.544927 0.628676
vt 0.542622 0.620507
vt 0.542029 0.612317
vt 0.543171 0.604424
vt 0.546004 0.597132
vt 0.550420 0.590723
vt 0.556247 0.585438
vt 0.563263 0.581479
vt 0.571200 0.578969
vt 0.579754 0.577919
vt 0.596823 0.588255
vt 0.588333 0.586126
vt 0.596720 0.582637
vt 0.588514 0.580838
vt 0.604957 0.591205
vt 0.604600 0.584674
vt 0.612429 0.594630
vt 0.611861 0.586616
vt 0.618946 0.598549
vt 0.618217 0.588553
vt 0.624258 0.602876
vt 0.623421 0.590475
vt 0.628158 0.607440
vt 0.627275 0.592316
vt 0.630498 0.612070
vt 0.629630 0.594003
vt 0.631187 0.616588
vt 0.630393 0.595464
vt 0.630199 0.620820
vt 0.629539 0.596652
vt 0.627572 0.624600
vt 0.627097 0.597519
vt 0.623407 0.627785
vt 0.623163 0.598025
vt 0.617864 0.630256
vt 0.617888 0.598159
vt 0.611156 0.631916
vt 0.611475 0.597911
vt 0.603540 0.632698
vt 0.604170 0.597296
vt 0.595310 0.632572
vt 0.596252 0.596328
vt 0.586781 0.631545
vt 0.588028 0.595055
vt 0.578283 0.629662
vt 0.579813 0.593517
vt 0.570140 0.626985
vt 0.571922 0.591782
vt 0.562666 0.623621
vt 0.564659 0.589905
vt 0.556149 0.619703
vt 0.558304 0.587972
vt 0.550837 0.615379
vt 0.553099 0.586046
vt 0.546937 0.610811
vt 0.549246 0.584205
vt 0.544597 0.606181
vt 0.546892 0.582522
vt 0.543908 0.601664
vt 0.546127 0.581058
vt 0.544896 0.597436
vt 0.546982 0.579869
vt 0.547523 0.593652
vt 0.549423 0.579006
vt 0.551688 0.590466
vt 0.553356 0.578496
vt 0.557231 0.587995
vt 0.558631 0.578362
vt 0.563939 0.586339
vt 0.565045 0.578610
vt 0.571557 0.585496
vt 0.572354 0.579160
vt 0.579798 0.585344
vt 0.580281 0.579826
vt 0.671458 0.389050
s 0
usemtl legs.001
f 1/1/1 3/1/1 4/2/1 2/2/1
f 5/3/2 7/3/2 8/4/2 6/4/2
f 7/3/3 4/2/3 3/1/3 8/4/3
f 6/4/4 1/1/4 2/2/4 5/3/4
f 6/4/5 8/4/5 3/1/5 1/1/5
f 2/2/6 4/2/6 7/3/6 5/3/6
f 10/5/3 9/6/3 40/7/3 39/8/3 38/9/3 37/10/3 36/11/3 35/12/3 34/13/3 33/14/3 32/15/3 31/16/3 30/17/3 29/18/3 28/19/3 27/20/3 26/21/3 25/22/3 24/23/3 23/24/3 22/25/3 21/26/3 20/27/3 19/28/3 18/29/3 17/30/3 16/31/3 15/32/3 14/33/3 13/34/3 12/35/3 11/36/3
f 63/16/7 64/15/8 128/15/9 127/16/9
f 9/6/3 10/5/10 41/5/11 42/6/12
f 36/11/3 37/10/12 69/10/13 68/11/10
f 23/24/3 24/23/10 56/23/14 55/24/10
f 10/5/3 11/36/10 43/36/15 41/5/12
f 37/10/3 38/9/10 70/9/16 69/10/12
f 24/23/3 25/22/10 57/22/17 56/23/10
f 11/36/3 12/35/10 44/35/18 43/36/12
f 38/9/3 39/8/10 71/8/19 70/9/12
f 25/22/20 26/21/10 58/21/21 57/22/10
f 12/35/3 13/34/12 45/34/22 44/35/12
f 39/8/3 40/7/12 72/7/23 71/8/12
f 26/21/3 27/20/10 59/20/24 58/21/10
f 13/34/3 14/33/10 46/33/25 45/34/12
f 40/7/3 9/6/12 42/6/26 72/7/12
f 27/20/3 28/19/12 60/19/27 59/20/10
f 14/33/3 15/32/12 47/32/28 46/33/12
f 28/19/3 29/18/12 61/18/29 60/19/10
f 15/32/30 16/31/10 48/31/31 47/32/12
f 29/18/3 30/17/10 62/17/32 61/18/10
f 16/31/3 17/30/12 49/30/33 48/31/12
f 30/17/3 31/16/10 63/16/34 62/17/10
f 17/30/3 18/29/10 50/29/35 49/30/12
f 31/16/3 32/15/12 64/15/36 63/16/10
f 18/29/3 19/28/12 51/28/37 50/29/12
f 32/15/3 33/14/10 65/14/38 64/15/10
f 19/28/3 20/27/12 52/27/39 51/28/12
f 33/14/3 34/13/12 66/13/40 65/14/10
f 20/27/30 21/26/10 53/26/41 52/27/12
f 34/13/3 35/12/10 67/12/42 66/13/10
f 21/26/3 22/25/10 54/25/43 53/26/10
f 35/12/3 36/11/10 68/11/44 67/12/10
f 22/25/3 23/24/10 55/24/45 54/25/10
f 138/37/46 168/38/46 104/39/46 74/40/46
f 50/29/47 51/28/48 115/28/49 114/29/49
f 64/15/50 65/14/51 129/14/52 128/15/52
f 51/28/53 52/27/54 116/27/55 115/28/55
f 65/14/56 66/13/57 130/13/58 129/14/58
f 52/27/59 53/26/60 117/26/61 116/27/61
f 66/13/62 67/12/63 131/12/64 130/13/64
f 53/26/65 54/25/66 118/25/67 117/26/67
f 67/12/68 68/11/69 132/11/70 131/12/70
f 54/25/71 55/24/72 119/41/73 118/25/73
f 42/6/74 41/5/75 105/5/76 106/6/76
f 68/11/77 69/10/78 133/10/79 132/11/79
f 55/24/80 56/23/81 120/42/82 119/41/82
f 41/5/83 43/36/84 107/36/85 105/5/85
f 69/10/86 70/9/87 134/9/88 133/10/88
f 56/23/89 57/22/90 121/43/91 120/42/91
f 43/36/92 44/35/93 108/35/94 107/36/94
f 70/9/95 71/8/96 135/8/97 134/9/97
f 57/22/98 58/21/99 122/44/100 121/43/100
f 44/35/101 45/34/102 109/34/103 108/35/103
f 71/8/104 72/7/105 136/7/106 135/8/106
f 58/21/107 59/20/108 123/45/109 122/44/109
f 45/34/110 46/33/111 110/33/112 109/34/112
f 72/7/113 42/6/114 106/6/115 136/7/115
f 59/20/116 60/19/117 124/19/118 123/45/118
f 46/33/119 47/32/120 111/32/121 110/33/121
f 60/19/122 61/18/123 125/18/124 124/19/124
f 47/32/125 48/31/126 112/31/127 111/32/127
f 61/18/128 62/17/129 126/17/130 125/18/130
f 48/31/131 49/30/132 113/30/133 112/31/133
f 62/17/134 63/16/135 127/16/136 126/17/136
f 49/30/137 50/29/138 114/29/139 113/30/139
f 73/46/3 74/40/3 106/6/3 105/5/3
f 75/47/3 73/46/3 105/5/3 107/36/3
f 76/48/3 75/47/3 107/36/3 108/35/3
f 77/49/3 76/48/3 108/35/3 109/34/3
f 78/50/3 77/49/3 109/34/3 110/33/3
f 79/51/3 78/50/3 110/33/3 111/32/3
f 80/52/3 79/51/3 111/32/3 112/31/3
f 81/53/3 80/52/3 112/31/3 113/30/3
f 82/54/3 81/53/3 113/30/3 114/29/3
f 83/55/140 82/54/3 114/29/3 115/28/3
f 84/56/3 83/55/141 115/28/3 116/27/3
f 85/57/3 84/56/3 116/27/3 117/26/3
f 86/58/3 85/57/3 117/26/3 118/25/3
f 87/59/142 86/58/142 118/25/142 119/41/142
f 88/60/143 87/59/143 119/41/143 120/42/143
f 89/61/144 88/60/144 120/42/144 121/43/144
f 90/62/145 89/61/145 121/43/145 122/44/145
f 91/63/146 90/62/146 122/44/146 123/45/146
f 92/64/147 91/63/147 123/45/147 124/19/147
f 93/65/3 92/64/3 124/19/3 125/18/3
f 94/66/3 93/65/3 125/18/3 126/17/3
f 95/67/3 94/66/3 126/17/3 127/16/3
f 96/68/3 95/67/3 127/16/3 128/15/3
f 97/69/3 96/68/3 128/15/3 129/14/3
f 98/70/3 97/69/3 129/14/3 130/13/3
f 99/71/3 98/70/3 130/13/3 131/12/3
f 100/72/3 99/71/3 131/12/3 132/11/3
f 101/73/3 100/72/3 132/11/3 133/10/3
f 102/74/3 101/73/3 133/10/3 134/9/3
f 103/75/3 102/74/3 134/9/3 135/8/3
f 104/39/3 103/75/3 135/8/3 136/7/3
f 74/40/3 104/39/3 136/7/3 106/6/3
f 138/37/148 137/76/148 169/77/148 170/78/148
f 168/38/149 167/79/149 103/75/149 104/39/149
f 167/79/150 166/80/150 102/74/150 103/75/150
f 166/80/151 165/81/151 101/73/151 102/74/151
f 165/81/152 164/82/152 100/72/152 101/73/152
f 164/82/153 163/83/153 99/71/153 100/72/153
f 163/83/154 162/84/154 98/70/154 99/71/154
f 162/84/155 161/85/155 97/69/155 98/70/155
f 161/85/156 160/86/156 96/68/156 97/69/156
f 160/86/157 159/87/157 95/67/157 96/68/157
f 159/87/158 158/88/158 94/66/158 95/67/158
f 158/88/159 157/89/159 93/65/159 94/66/159
f 157/89/160 156/90/160 92/64/160 93/65/160
f 156/90/161 155/91/161 91/63/161 92/64/161
f 155/91/162 154/92/162 90/62/162 91/63/162
f 154/92/163 153/93/163 89/61/163 90/62/163
f 153/93/164 152/94/164 88/60/164 89/61/164
f 152/94/165 151/95/165 87/59/165 88/60/165
f 151/95/166 150/96/166 86/58/166 87/59/166
f 150/96/167 149/97/167 85/57/167 86/58/167
f 149/97/168 148/98/168 84/56/168 85/57/168
f 148/98/169 147/99/169 83/55/170 84/56/169
f 147/99/171 146/100/171 82/54/171 83/55/172
f 146/100/173 145/101/173 81/53/173 82/54/173
f 145/101/174 144/102/174 80/52/174 81/53/174
f 144/102/175 143/103/175 79/51/175 80/52/175
f 143/103/176 142/104/176 78/50/176 79/51/176
f 142/104/177 141/105/177 77/49/177 78/50/177
f 141/105/178 140/106/178 76/48/178 77/49/178
f 140/106/179 139/107/179 75/47/179 76/48/179
f 139/107/180 137/76/180 73/46/180 75/47/180
f 137/76/181 138/37/181 74/40/181 73/46/181
f 164/82/182 165/81/182 197/108/182 196/109/182
f 151/95/183 152/94/183 184/110/183 183/111/183
f 137/76/184 139/107/184 171/112/184 169/77/184
f 165/81/185 166/80/185 198/113/185 197/108/185
f 152/94/186 153/93/186 185/114/186 184/110/186
f 139/107/187 140/106/187 172/115/187 171/112/187
f 166/80/188 167/79/188 199/116/188 198/113/188
f 153/93/189 154/92/189 186/117/189 185/114/189
f 140/106/190 141/105/190 173/118/190 172/115/190
f 167/79/191 168/38/191 200/119/191 199/116/191
f 154/92/192 155/91/192 187/120/192 186/117/192
f 141/105/193 142/104/193 174/121/193 173/118/193
f 168/38/194 138/37/194 170/78/194 200/119/194
f 155/91/195 156/90/195 188/122/195 187/120/195
f 142/104/196 143/103/196 175/123/196 174/121/196
f 156/90/197 157/89/197 189/124/197 188/122/197
f 143/103/198 144/102/198 176/125/198 175/123/198
f 157/89/199 158/88/199 190/126/199 189/124/199
f 144/102/200 145/101/200 177/127/200 176/125/200
f 158/88/201 159/87/201 191/128/201 190/126/201
f 145/101/202 146/100/202 178/129/202 177/127/202
f 159/87/203 160/86/203 192/130/203 191/128/203
f 146/100/204 147/99/204 179/131/204 178/129/204
f 160/86/205 161/85/205 193/132/205 192/130/205
f 147/99/206 148/98/206 180/133/206 179/131/206
f 161/85/207 162/84/207 194/134/207 193/132/207
f 148/98/208 149/97/208 181/135/208 180/133/208
f 162/84/209 163/83/209 195/136/209 194/134/209
f 149/97/210 150/96/210 182/137/210 181/135/210
f 163/83/211 164/82/211 196/109/211 195/136/211
f 150/96/212 151/95/212 183/111/212 182/137/212
f 231/138/213 232/139/213 264/139/213 263/138/213
f 253/140/214 254/141/214 286/142/214 285/143/214
f 218/144/215 219/145/215 251/145/215 250/144/215
f 205/146/216 206/147/216 238/147/216 237/146/216
f 232/139/217 202/148/217 234/148/217 264/139/217
f 219/145/218 220/149/219 252/149/218 251/145/218
f 206/147/220 207/150/220 239/150/220 238/147/220
f 220/149/221 221/140/222 253/140/222 252/149/222
f 207/150/223 208/151/223 240/151/223 239/150/223
f 221/140/224 222/141/224 254/141/224 253/140/224
f 208/151/133 209/152/133 241/152/133 240/151/133
f 222/141/225 223/153/225 255/153/225 254/141/225
f 209/152/139 210/154/139 242/154/139 241/152/139
f 223/153/226 224/155/226 256/155/226 255/153/226
f 210/154/227 211/156/227 243/156/227 242/154/227
f 224/155/228 225/157/228 257/157/228 256/155/228
f 211/156/55 212/158/55 244/158/55 243/156/55
f 225/157/229 226/159/229 258/159/229 257/157/229
f 212/158/230 213/160/230 245/160/230 244/158/230
f 226/159/231 227/161/231 259/161/231 258/159/231
f 213/160/232 214/162/232 246/162/232 245/160/232
f 227/161/70 228/163/70 260/163/70 259/161/70
f 214/162/233 215/164/233 247/164/233 246/162/233
f 202/148/234 201/165/234 233/165/234 234/148/234
f 228/163/235 229/166/235 261/166/235 260/163/235
f 215/164/236 216/167/236 248/167/236 247/164/236
f 201/165/85 203/168/85 235/168/85 233/165/85
f 229/166/237 230/169/237 262/169/237 261/166/237
f 216/167/238 217/170/238 249/170/238 248/167/238
f 203/168/239 204/171/239 236/171/239 235/168/239
f 230/169/240 231/138/240 263/138/240 262/169/240
f 217/170/241 218/144/241 250/144/241 249/170/241
f 204/171/103 205/146/103 237/146/103 236/171/103
f 288/172/242 289/173/242 321/174/242 320/175/242
f 240/151/214 241/152/214 273/176/214 272/177/214
f 254/141/214 255/153/214 287/178/214 286/142/214
f 241/152/214 242/154/214 274/179/214 273/176/214
f 255/153/214 256/155/214 288/172/214 287/178/214
f 242/154/214 243/156/214 275/180/214 274/179/214
f 256/155/214 257/157/214 289/173/214 288/172/214
f 243/156/214 244/158/214 276/181/214 275/180/214
f 257/157/214 258/159/214 290/182/214 289/173/214
f 244/158/214 245/160/214 277/183/214 276/181/214
f 258/159/214 259/161/214 291/184/214 290/182/214
f 245/160/214 246/162/214 278/185/214 277/183/214
f 259/161/214 260/163/214 292/186/214 291/184/214
f 246/162/214 247/164/214 279/187/214 278/185/214
f 234/148/214 233/165/214 265/188/214 266/189/214
f 260/163/214 261/166/214 293/190/214 292/186/214
f 247/164/214 248/167/214 280/191/214 279/187/214
f 233/165/214 235/168/214 267/192/214 265/188/214
f 261/166/214 262/169/214 294/193/214 293/190/214
f 248/167/214 249/170/214 281/194/214 280/191/214
f 235/168/214 236/171/214 268/195/214 267/192/214
f 262/169/214 263/138/214 295/196/214 294/193/214
f 249/170/214 250/144/214 282/197/214 281/194/214
f 236/171/214 237/146/214 269/198/214 268/195/214
f 263/138/214 264/139/214 296/199/214 295/196/214
f 250/144/214 251/145/214 283/200/214 282/197/214
f 237/146/214 238/147/214 270/201/214 269/198/214
f 264/139/214 234/148/214 266/189/214 296/199/214
f 251/145/214 252/149/214 284/202/214 283/200/214
f 238/147/214 239/150/214 271/203/214 270/201/214
f 252/149/214 253/140/214 285/143/214 284/202/214
f 239/150/214 240/151/214 272/177/214 271/203/214
f 297/204/243 299/205/243 300/206/243 301/207/243 302/208/243 303/209/243 304/210/243 305/211/243 306/212/243 307/213/243 308/214/243 309/215/243 310/216/243 311/217/243 312/218/243 313/219/243 314/220/243 315/221/243 316/222/243 317/223/243 318/224/243 319/225/243 320/175/243 321/174/243 322/226/243 323/227/243 324/228/243 325/229/243 326/230/243 327/231/243 328/232/243 298/233/243
f 275/180/244 276/181/244 308/214/244 307/213/244
f 289/173/245 290/182/245 322/226/245 321/174/245
f 276/181/246 277/183/246 309/215/246 308/214/246
f 290/182/247 291/184/247 323/227/247 322/226/247
f 277/183/248 278/185/248 310/216/248 309/215/248
f 291/184/249 292/186/249 324/228/249 323/227/249
f 278/185/250 279/187/250 311/217/250 310/216/250
f 266/189/251 265/188/251 297/204/251 298/233/251
f 292/186/252 293/190/252 325/229/252 324/228/252
f 279/187/253 280/191/253 312/218/253 311/217/253
f 265/188/254 267/192/254 299/205/254 297/204/254
f 293/190/255 294/193/255 326/230/255 325/229/255
f 280/191/256 281/194/256 313/219/256 312/218/256
f 267/192/257 268/195/257 300/206/257 299/205/257
f 294/193/258 295/196/258 327/231/258 326/230/258
f 281/194/259 282/197/259 314/220/259 313/219/259
f 268/195/260 269/198/260 301/207/260 300/206/260
f 295/196/261 296/199/261 328/232/261 327/231/261
f 282/197/262 283/200/262 315/221/262 314/220/262
f 269/198/263 270/201/263 302/208/263 301/207/263
f 296/199/264 266/189/264 298/233/264 328/232/264
f 283/200/265 284/202/265 316/222/265 315/221/265
f 270/201/266 271/203/266 303/209/266 302/208/266
f 284/202/267 285/143/267 317/223/267 316/222/267
f 271/203/268 272/177/268 304/210/268 303/209/268
f 285/143/269 286/142/269 318/224/269 317/223/269
f 272/177/270 273/176/270 305/211/270 304/210/270
f 286/142/271 287/178/271 319/225/271 318/224/271
f 273/176/272 274/179/272 306/212/272 305/211/272
f 287/178/273 288/172/273 320/175/273 319/225/273
f 274/179/274 275/180/274 307/213/274 306/212/274
f 232/139/275 231/138/275 337/234/275 334/235/275
f 202/148/276 232/139/276 334/235/276 329/236/276
f 231/138/277 230/169/277 340/237/277 337/234/277
f 230/169/278 229/166/278 343/238/278 340/237/278
f 229/166/279 228/163/279 346/239/279 343/238/279
f 228/163/280 227/161/280 349/240/280 346/239/280
f 227/161/281 226/159/281 352/241/281 349/240/281
f 226/159/282 225/157/282 355/242/282 352/241/282
f 225/157/283 224/155/283 358/243/283 355/242/283
f 224/155/284 223/153/284 361/244/284 358/243/284
f 223/153/285 222/141/285 364/245/285 361/244/285
f 222/141/286 221/140/286 367/246/286 364/245/286
f 221/140/287 220/149/288 370/247/287 367/246/287
f 220/149/289 219/145/290 373/248/290 370/247/290
f 219/145/291 218/144/291 376/249/291 373/248/291
f 218/144/292 217/170/292 379/250/292 376/249/292
f 217/170/293 216/167/293 382/251/293 379/250/293
f 216/167/294 215/164/294 385/252/294 382/251/294
f 215/164/295 214/162/295 388/253/295 385/252/295
f 214/162/296 213/160/296 391/254/296 388/253/296
f 213/160/297 212/158/297 394/255/297 391/254/297
f 212/158/298 211/156/298 397/256/298 394/255/298
f 211/156/299 210/154/299 400/257/299 397/256/299
f 210/154/300 209/152/300 403/258/300 400/257/300
f 209/152/301 208/151/301 406/259/301 403/258/301
f 208/151/302 207/150/302 409/260/302 406/259/302
f 207/150/303 206/147/303 412/261/303 409/260/303
f 206/147/304 205/146/304 415/262/304 412/261/304
f 205/146/305 204/171/305 418/263/306 415/262/305
f 204/171/307 203/168/307 421/264/307 418/263/308
f 203/168/309 201/165/309 424/265/309 421/264/309
f 201/165/310 202/148/310 329/236/310 424/265/310
f 329/236/311 334/235/311 333/266/311 330/267/311
f 330/267/312 333/266/312 332/268/312 331/269/312
f 331/269/313 332/268/313 200/119/313 170/78/313
f 334/235/314 337/234/314 336/270/314 333/266/314
f 333/266/315 336/270/315 335/271/315 332/268/315
f 332/268/316 335/271/316 199/116/316 200/119/316
f 337/234/317 340/237/317 339/272/318 336/270/317
f 336/270/319 339/272/320 338/273/319 335/271/319
f 335/271/321 338/273/321 198/113/321 199/116/321
f 340/237/322 343/238/322 342/274/322 339/272/323
f 339/272/324 342/274/325 341/275/325 338/273/325
f 338/273/326 341/275/326 197/108/326 198/113/326
f 343/238/327 346/239/327 345/276/327 342/274/327
f 342/274/328 345/276/328 344/277/328 341/275/328
f 341/275/329 344/277/329 196/109/329 197/108/329
f 346/239/330 349/240/330 348/278/330 345/276/330
f 345/276/331 348/278/331 347/279/331 344/277/331
f 344/277/332 347/279/332 195/136/332 196/109/332
f 349/240/333 352/241/333 351/280/333 348/278/333
f 348/278/334 351/280/334 350/281/334 347/279/334
f 347/279/335 350/281/335 194/134/335 195/136/335
f 352/241/336 355/242/336 354/282/336 351/280/336
f 351/280/337 354/282/337 353/283/337 350/281/337
f 350/281/338 353/283/338 193/132/338 194/134/338
f 355/242/339 358/243/339 357/284/339 354/282/339
f 354/282/340 357/284/340 356/285/340 353/283/340
f 353/283/341 356/285/341 192/130/341 193/132/341
f 358/243/342 361/244/342 360/286/342 357/284/342
f 357/284/343 360/286/343 359/287/343 356/285/343
f 356/285/344 359/287/344 191/128/344 192/130/344
f 361/244/345 364/245/345 363/288/345 360/286/345
f 360/286/346 363/288/346 362/289/346 359/287/346
f 359/287/347 362/289/347 190/126/347 191/128/347
f 364/245/348 367/246/348 366/290/348 363/288/348
f 363/288/349 366/290/349 365/291/349 362/289/349
f 362/289/350 365/291/350 189/124/350 190/126/350
f 367/246/351 370/247/351 369/292/351 366/290/351
f 366/290/352 369/292/352 368/293/352 365/291/352
f 365/291/353 368/293/353 188/122/353 189/124/353
f 370/247/354 373/248/354 372/294/354 369/292/354
f 369/292/355 372/294/355 371/295/355 368/293/355
f 368/293/356 371/295/356 187/120/356 188/122/356
f 373/248/357 376/249/357 375/296/357 372/294/357
f 372/294/358 375/296/358 374/297/358 371/295/358
f 371/295/359 374/297/359 186/117/359 187/120/359
f 376/249/360 379/250/360 378/298/360 375/296/360
f 375/296/361 378/298/361 377/299/361 374/297/361
f 374/297/362 377/299/362 185/114/362 186/117/362
f 379/250/363 382/251/363 381/300/363 378/298/363
f 378/298/364 381/300/364 380/301/364 377/299/364
f 377/299/365 380/301/365 184/110/365 185/114/365
f 382/251/366 385/252/366 384/302/366 381/300/366
f 381/300/367 384/302/367 383/303/367 380/301/367
f 380/301/368 383/303/368 183/111/368 184/110/368
f 385/252/369 388/253/369 387/304/369 384/302/369
f 384/302/370 387/304/370 386/305/370 383/303/370
f 383/303/371 386/305/371 182/137/371 183/111/371
f 388/253/372 391/254/372 390/306/372 387/304/372
f 387/304/373 390/306/373 389/307/373 386/305/373
f 386/305/374 389/307/374 181/135/374 182/137/374
f 391/254/375 394/255/375 393/308/375 390/306/375
f 390/306/376 393/308/376 392/309/376 389/307/376
f 389/307/377 392/309/377 180/133/377 181/135/377
f 394/255/378 397/256/378 396/310/378 393/308/378
f 393/308/379 396/310/379 395/311/379 392/309/379
f 392/309/380 395/311/380 179/131/380 180/133/380
f 397/256/381 400/257/381 399/312/381 396/310/381
f 396/310/382 399/312/382 398/313/382 395/311/382
f 395/311/383 398/313/383 178/129/383 179/131/383
f 400/257/384 403/258/384 402/314/384 399/312/384
f 399/312/385 402/314/385 401/315/385 398/313/385
f 398/313/386 401/315/386 177/127/386 178/129/386
f 403/258/387 406/259/387 405/316/387 402/314/387
f 402/314/388 405/316/388 404/317/388 401/315/388
f 401/315/389 404/317/389 176/125/389 177/127/389
f 406/259/390 409/260/390 408/318/390 405/316/390
f 405/316/391 408/318/391 407/319/391 404/317/391
f 404/317/392 407/319/392 175/123/392 176/125/392
f 409/260/393 412/261/393 411/320/393 408/318/393
f 408/318/394 411/320/394 410/321/394 407/319/394
f 407/319/395 410/321/395 174/121/395 175/123/395
f 412/261/396 415/262/396 414/322/396 411/320/396
f 411/320/397 414/322/397 413/323/397 410/321/397
f 410/321/398 413/323/398 173/118/398 174/121/398
f 415/262/399 418/263/400 417/324/401 414/322/399
f 414/322/402 417/324/403 416/325/402 413/323/402
f 413/323/404 416/325/404 172/115/404 173/118/404
f 418/263/405 421/264/406 420/326/406 417/324/407
f 417/324/408 420/326/409 419/327/409 416/325/409
f 416/325/410 419/327/410 171/112/410 172/115/410
f 421/264/411 424/265/411 423/328/411 420/326/411
f 420/326/412 423/328/412 422/329/412 419/327/412
f 419/327/413 422/329/413 169/77/413 171/112/413
f 424/265/414 329/236/414 330/267/414 423/328/414
f 423/328/415 330/267/415 331/269/415 422/329/415
f 422/329/416 331/269/416 170/78/416 169/77/416
f 426/330/417 425/331/417 456/332/417 455/333/417 454/334/417 453/335/417 452/336/418 451/337/418 450/338/417 449/339/417 448/340/417 447/341/417 446/342/417 445/343/417 444/344/417 443/345/417 442/346/417 441/347/417 440/348/417 439/349/417 438/350/417 437/351/417 436/352/418 435/353/418 434/354/417 433/355/417 432/356/417 431/357/417 430/358/417 429/359/417 428/360/417 427/361/417
f 479/341/419 480/340/420 544/340/421 543/341/421
f 425/331/3 426/330/12 457/330/422 458/331/10
f 452/336/20 453/335/10 485/335/423 484/336/10
f 439/349/3 440/348/10 472/348/424 471/349/12
f 426/330/3 427/361/10 459/361/425 457/330/10
f 453/335/3 454/334/10 486/334/426 485/335/10
f 440/348/3 441/347/10 473/347/427 472/348/12
f 427/361/3 428/360/12 460/360/428 459/361/10
f 454/334/3 455/333/10 487/333/429 486/334/10
f 441/347/3 442/346/12 474/346/430 473/347/12
f 428/360/3 429/359/10 461/359/431 460/360/10
f 455/333/3 456/332/10 488/332/432 487/333/10
f 442/346/3 443/345/10 475/345/433 474/346/12
f 429/359/3 430/358/10 462/358/434 461/359/10
f 456/332/20 425/331/10 458/331/435 488/332/10
f 443/345/3 444/344/12 476/344/436 475/345/12
f 430/358/3 431/357/10 463/357/437 462/358/10
f 444/344/30 445/343/10 477/343/438 476/344/12
f 431/357/3 432/356/12 464/356/439 463/357/10
f 445/343/3 446/342/12 478/342/440 477/343/12
f 432/356/3 433/355/12 465/355/441 464/356/10
f 446/342/3 447/341/12 479/341/442 478/342/12
f 433/355/3 434/354/12 466/354/443 465/355/10
f 447/341/3 448/340/10 480/340/444 479/341/12
f 434/354/3 435/353/12 467/353/445 466/354/10
f 448/340/20 449/339/12 481/339/446 480/340/12
f 435/353/3 436/352/10 468/352/447 467/353/10
f 449/339/448 450/338/10 482/338/449 481/339/12
f 436/352/3 437/351/10 469/351/450 468/352/12
f 450/338/448 451/337/10 483/337/451 482/338/12
f 437/351/3 438/350/10 470/350/452 469/351/12
f 451/337/3 452/336/12 484/336/453 483/337/12
f 438/350/448 439/349/12 471/349/454 470/350/12
f 554/362/455 584/363/455 520/364/455 490/365/455
f 466/354/456 467/353/457 531/353/458 530/354/458
f 480/340/459 481/339/460 545/339/461 544/340/461
f 467/353/462 468/352/463 532/352/464 531/353/464
f 481/339/465 482/338/466 546/338/467 545/339/467
f 468/352/468 469/351/469 533/351/470 532/352/470
f 482/338/471 483/337/472 547/337/473 546/338/473
f 469/351/474 470/350/475 534/350/476 533/351/476
f 483/337/477 484/336/478 548/336/479 547/337/479
f 470/350/480 471/349/481 535/366/482 534/350/482
f 458/331/483 457/330/484 521/330/485 522/331/485
f 484/336/486 485/335/487 549/335/488 548/336/488
f 471/349/489 472/348/490 536/367/491 535/366/491
f 457/330/492 459/361/493 523/361/494 521/330/494
f 485/335/495 486/334/496 550/334/497 549/335/497
f 472/348/498 473/347/499 537/368/500 536/367/500
f 459/361/501 460/360/502 524/360/503 523/361/503
f 486/334/504 487/333/505 551/333/506 550/334/506
f 473/347/507 474/346/508 538/369/509 537/368/509
f 460/360/510 461/359/511 525/359/512 524/360/512
f 487/333/513 488/332/514 552/332/515 551/333/515
f 474/346/516 475/345/517 539/370/518 538/369/518
f 461/359/519 462/358/520 526/358/521 525/359/521
f 488/332/522 458/331/523 522/331/524 552/332/524
f 475/345/525 476/344/526 540/344/527 539/370/527
f 462/358/528 463/357/529 527/357/530 526/358/530
f 476/344/531 477/343/532 541/343/533 540/344/533
f 463/357/534 464/356/535 528/356/536 527/357/536
f 477/343/537 478/342/538 542/342/539 541/343/539
f 464/356/540 465/355/541 529/355/542 528/356/542
f 478/342/543 479/341/544 543/341/545 542/342/545
f 465/355/546 466/354/547 530/354/548 529/355/548
f 489/371/3 490/365/3 522/331/3 521/330/3
f 491/372/3 489/371/3 521/330/3 523/361/3
f 492/373/3 491/372/3 523/361/3 524/360/3
f 493/374/3 492/373/3 524/360/3 525/359/3
f 494/375/3 493/374/3 525/359/3 526/358/3
f 495/376/3 494/375/3 526/358/3 527/357/3
f 496/377/3 495/376/3 527/357/3 528/356/3
f 497/378/3 496/377/3 528/356/3 529/355/3
f 498/379/3 497/378/3 529/355/3 530/354/3
f 499/380/3 498/379/3 530/354/3 531/353/3
f 500/381/3 499/380/3 531/353/3 532/352/3
f 501/382/549 500/381/3 532/352/3 533/351/3
f 502/383/3 501/382/550 533/351/3 534/350/3
f 503/384/551 502/383/551 534/350/551 535/366/551
f 504/385/552 503/384/552 535/366/552 536/367/552
f 505/386/553 504/385/553 536/367/553 537/368/553
f 506/387/554 505/386/554 537/368/554 538/369/554
f 507/388/555 506/387/555 538/369/555 539/370/555
f 508/389/556 507/388/556 539/370/556 540/344/556
f 509/390/3 508/389/3 540/344/3 541/343/3
f 510/391/3 509/390/3 541/343/3 542/342/3
f 511/392/3 510/391/3 542/342/3 543/341/3
f 512/393/557 511/392/3 543/341/3 544/340/3
f 513/394/3 512/393/558 544/340/3 545/339/3
f 514/395/3 513/394/3 545/339/3 546/338/3
f 515/396/3 514/395/3 546/338/3 547/337/3
f 516/397/3 515/396/3 547/337/3 548/336/3
f 517/398/3 516/397/3 548/336/3 549/335/3
f 518/399/3 517/398/3 549/335/3 550/334/3
f 519/400/3 518/399/3 550/334/3 551/333/3
f 520/364/3 519/400/3 551/333/3 552/332/3
f 490/365/3 520/364/3 552/332/3 522/331/3
f 554/362/559 553/401/559 585/402/559 586/403/559
f 584/363/560 583/404/560 519/400/560 520/364/560
f 583/404/561 582/405/561 518/399/561 519/400/561
f 582/405/562 581/406/562 517/398/562 518/399/562
f 581/406/563 580/407/563 516/397/563 517/398/563
f 580/407/564 579/408/564 515/396/564 516/397/564
f 579/408/565 578/409/565 514/395/565 515/396/565
f 578/409/566 577/410/566 513/394/566 514/395/566
f 577/410/567 576/411/567 512/393/568 513/394/567
f 576/411/569 575/412/569 511/392/569 512/393/570
f 575/412/571 574/413/571 510/391/571 511/392/571
f 574/413/572 573/414/572 509/390/572 510/391/572
f 573/414/573 572/415/573 508/389/573 509/390/573
f 572/415/574 571/416/574 507/388/574 508/389/574
f 571/416/575 570/417/575 506/387/575 507/388/575
f 570/417/576 569/418/576 505/386/576 506/387/576
f 569/418/577 568/419/577 504/385/577 505/386/577
f 568/419/578 567/420/578 503/384/578 504/385/578
f 567/420/579 566/421/579 502/383/579 503/384/579
f 566/421/580 565/422/580 501/382/581 502/383/580
f 565/422/582 564/423/582 500/381/582 501/382/583
f 564/423/584 563/424/584 499/380/584 500/381/584
f 563/424/585 562/425/585 498/379/585 499/380/585
f 562/425/586 561/426/586 497/378/586 498/379/586
f 561/426/587 560/427/587 496/377/587 497/378/587
f 560/427/588 559/428/588 495/376/588 496/377/588
f 559/428/589 558/429/589 494/375/589 495/376/589
f 558/429/590 557/430/590 493/374/590 494/375/590
f 557/430/591 556/431/591 492/373/591 493/374/591
f 556/431/592 555/432/592 491/372/592 492/373/592
f 555/432/593 553/401/593 489/371/593 491/372/593
f 553/401/594 554/362/594 490/365/594 489/371/594
f 580/407/595 581/406/595 613/433/595 612/434/595
f 567/420/596 568/419/596 600/435/596 599/436/596
f 553/401/597 555/432/597 587/437/597 585/402/597
f 581/406/598 582/405/598 614/438/598 613/433/598
f 568/419/599 569/418/599 601/439/599 600/435/599
f 555/432/600 556/431/600 588/440/600 587/437/600
f 582/405/601 583/404/601 615/441/601 614/438/601
f 569/418/602 570/417/602 602/442/602 601/439/602
f 556/431/603 557/430/603 589/443/603 588/440/603
f 583/404/604 584/363/604 616/444/604 615/441/604
f 570/417/605 571/416/605 603/445/605 602/442/605
f 557/430/606 558/429/606 590/446/606 589/443/606
f 584/363/607 554/362/607 586/403/607 616/444/607
f 571/416/608 572/415/608 604/447/608 603/445/608
f 558/429/609 559/428/609 591/448/609 590/446/609
f 572/415/610 573/414/610 605/449/610 604/447/610
f 559/428/611 560/427/611 592/450/611 591/448/611
f 573/414/612 574/413/612 606/451/612 605/449/612
f 560/427/613 561/426/613 593/452/613 592/450/613
f 574/413/614 575/412/614 607/453/614 606/451/614
f 561/426/615 562/425/615 594/454/615 593/452/615
f 575/412/616 576/411/616 608/455/616 607/453/616
f 562/425/617 563/424/617 595/456/617 594/454/617
f 576/411/618 577/410/618 609/457/618 608/455/618
f 563/424/619 564/423/619 596/458/619 595/456/619
f 577/410/620 578/409/620 610/459/620 609/457/620
f 564/423/621 565/422/621 597/460/621 596/458/621
f 578/409/622 579/408/622 611/461/622 610/459/622
f 565/422/623 566/421/623 598/462/623 597/460/623
f 579/408/624 580/407/624 612/434/624 611/461/624
f 566/421/625 567/420/625 599/436/625 598/462/625
f 647/463/515 648/464/515 680/464/515 679/463/515
f 669/465/626 670/466/626 702/467/626 701/468/626
f 634/469/627 635/470/627 667/470/627 666/469/627
f 621/471/628 622/472/628 654/472/628 653/471/628
f 648/464/629 618/473/629 650/473/629 680/464/629
f 635/470/630 636/474/630 668/474/630 667/470/630
f 622/472/631 623/475/631 655/475/631 654/472/631
f 636/474/632 637/465/632 669/465/632 668/474/632
f 623/475/536 624/476/536 656/476/536 655/475/536
f 637/465/633 638/466/633 670/466/633 669/465/633
f 624/476/542 625/477/542 657/477/542 656/476/542
f 638/466/634 639/478/635 671/478/634 670/466/634
f 625/477/636 626/479/636 658/479/636 657/477/636
f 639/478/637 640/480/638 672/480/638 671/478/638
f 626/479/639 627/481/639 659/481/639 658/479/639
f 640/480/640 641/482/640 673/482/640 672/480/640
f 627/481/641 628/483/641 660/483/641 659/481/641
f 641/482/642 642/484/642 674/484/642 673/482/642
f 628/483/643 629/485/643 661/485/643 660/483/643
f 642/484/644 643/486/644 675/486/644 674/484/644
f 629/485/645 630/487/645 662/487/645 661/485/645
f 643/486/646 644/488/646 676/488/646 675/486/646
f 630/487/647 631/489/647 663/489/647 662/487/647
f 618/473/648 617/490/648 649/490/648 650/473/648
f 644/488/649 645/491/649 677/491/649 676/488/649
f 631/489/650 632/492/650 664/492/650 663/489/650
f 617/490/651 619/493/651 651/493/651 649/490/651
f 645/491/497 646/494/497 678/494/497 677/491/497
f 632/492/652 633/495/652 665/495/652 664/492/652
f 619/493/653 620/496/653 652/496/653 651/493/653
f 646/494/654 647/463/654 679/463/654 678/494/654
f 633/495/655 634/469/655 666/469/655 665/495/655
f 620/496/656 621/471/656 653/471/656 652/496/656
f 704/497/657 705/498/657 737/499/657 736/500/657
f 656/476/626 657/477/626 689/501/626 688/502/658
f 670/466/626 671/478/626 703/503/626 702/467/626
f 657/477/626 658/479/626 690/504/626 689/501/626
f 671/478/626 672/480/626 704/497/626 703/503/626
f 658/479/626 659/481/626 691/505/626 690/504/626
f 672/480/626 673/482/626 705/498/626 704/497/626
f 659/481/626 660/483/626 692/506/626 691/505/626
f 673/482/626 674/484/626 706/507/626 705/498/626
f 660/483/659 661/485/659 693/508/659 692/506/659
f 674/484/626 675/486/626 707/509/626 706/507/626
f 661/485/626 662/487/626 694/510/626 693/508/626
f 675/486/626 676/488/626 708/511/626 707/509/626
f 662/487/659 663/489/659 695/512/659 694/510/659
f 650/473/659 649/490/659 681/513/659 682/514/659
f 676/488/659 677/491/659 709/515/659 708/511/659
f 663/489/626 664/492/626 696/516/626 695/512/626
f 649/490/626 651/493/626 683/517/626 681/513/626
f 677/491/626 678/494/626 710/518/626 709/515/626
f 664/492/626 665/495/626 697/519/626 696/516/626
f 651/493/626 652/496/626 684/520/626 683/517/626
f 678/494/626 679/463/626 711/521/626 710/518/626
f 665/495/626 666/469/626 698/522/626 697/519/626
f 652/496/626 653/471/626 685/523/626 684/520/626
f 679/463/659 680/464/659 712/524/659 711/521/659
f 666/469/626 667/470/626 699/525/626 698/522/626
f 653/471/626 654/472/626 686/526/626 685/523/626
f 680/464/626 650/473/626 682/514/626 712/524/626
f 667/470/626 668/474/626 700/527/626 699/525/626
f 654/472/626 655/475/626 687/528/626 686/526/626
f 668/474/626 669/465/626 701/468/626 700/527/626
f 655/475/626 656/476/626 688/502/660 687/528/626
f 713/529/661 715/530/661 716/531/661 717/532/661 718/533/661 719/534/661 720/535/661 721/536/661 722/537/661 723/538/661 724/539/661 725/540/661 726/541/661 727/542/661 728/543/661 729/544/661 730/545/661 731/546/661 732/547/661 733/548/661 734/549/661 735/550/661 736/500/661 737/499/661 738/551/661 739/552/661 740/553/661 741/554/661 742/555/661 743/556/661 744/557/661 714/558/661
f 691/505/662 692/506/662 724/539/662 723/538/662
f 705/498/663 706/507/663 738/551/663 737/499/663
f 692/506/664 693/508/664 725/540/664 724/539/664
f 706/507/665 707/509/665 739/552/665 738/551/665
f 693/508/666 694/510/666 726/541/666 725/540/666
f 707/509/667 708/511/667 740/553/667 739/552/667
f 694/510/668 695/512/668 727/542/668 726/541/668
f 682/514/669 681/513/669 713/529/669 714/558/669
f 708/511/670 709/515/670 741/554/670 740/553/670
f 695/512/671 696/516/671 728/543/671 727/542/671
f 681/513/672 683/517/672 715/530/672 713/529/672
f 709/515/673 710/518/673 742/555/673 741/554/673
f 696/516/674 697/519/674 729/544/674 728/543/674
f 683/517/675 684/520/675 716/531/675 715/530/675
f 710/518/676 711/521/676 743/556/676 742/555/676
f 697/519/677 698/522/677 730/545/677 729/544/677
f 684/520/678 685/523/678 717/532/678 716/531/678
f 711/521/679 712/524/679 744/557/679 743/556/679
f 698/522/680 699/525/680 731/546/680 730/545/680
f 685/523/681 686/526/681 718/533/681 717/532/681
f 712/524/682 682/514/682 714/558/682 744/557/682
f 699/525/683 700/527/683 732/547/683 731/546/683
f 686/526/684 687/528/684 719/534/684 718/533/684
f 700/527/685 701/468/685 733/548/685 732/547/685
f 687/528/686 688/502/687 720/535/686 719/534/686
f 701/468/688 702/467/688 734/549/688 733/548/688
f 688/502/689 689/501/690 721/536/690 720/535/690
f 702/467/691 703/503/691 735/550/691 734/549/691
f 689/501/692 690/504/692 722/537/692 721/536/692
f 703/503/693 704/497/693 736/500/693 735/550/693
f 690/504/694 691/505/694 723/538/694 722/537/694
f 648/464/695 647/463/695 753/559/695 750/560/695
f 618/473/696 648/464/696 750/560/696 745/561/696
f 647/463/697 646/494/697 756/562/697 753/559/697
f 646/494/698 645/491/698 759/563/698 756/562/698
f 645/491/699 644/488/699 762/564/699 759/563/699
f 644/488/700 643/486/700 765/565/700 762/564/700
f 643/486/701 642/484/701 768/566/701 765/565/701
f 642/484/702 641/482/702 771/567/702 768/566/702
f 641/482/703 640/480/703 774/568/703 771/567/703
f 640/480/704 639/478/705 777/569/704 774/568/704
f 639/478/706 638/466/707 780/570/707 777/569/707
f 638/466/708 637/465/708 783/571/708 780/570/708
f 637/465/709 636/474/709 786/572/709 783/571/709
f 636/474/710 635/470/710 789/573/710 786/572/710
f 635/470/711 634/469/711 792/574/711 789/573/711
f 634/469/712 633/495/712 795/575/712 792/574/712
f 633/495/713 632/492/713 798/576/713 795/575/713
f 632/492/714 631/489/714 801/577/714 798/576/714
f 631/489/715 630/487/715 804/578/715 801/577/715
f 630/487/716 629/485/716 807/579/716 804/578/716
f 629/485/717 628/483/717 810/580/717 807/579/717
f 628/483/718 627/481/718 813/581/718 810/580/718
f 627/481/719 626/479/719 816/582/719 813/581/719
f 626/479/720 625/477/720 819/583/720 816/582/720
f 625/477/721 624/476/721 822/584/721 819/583/721
f 624/476/722 623/475/722 825/585/722 822/584/722
f 623/475/723 622/472/723 828/586/723 825/585/723
f 622/472/724 621/471/724 831/587/724 828/586/724
f 621/471/725 620/496/725 834/588/725 831/587/725
f 620/496/726 619/493/726 837/589/726 834/588/726
f 619/493/727 617/490/727 840/590/727 837/589/727
f 617/490/728 618/473/728 745/561/728 840/590/728
f 745/561/729 750/560/729 749/591/729 746/592/729
f 746/592/730 749/591/730 748/593/730 747/594/730
f 747/594/731 748/593/731 616/444/731 586/403/731
f 750/560/732 753/559/732 752/595/733 749/591/732
f 749/591/734 752/595/735 751/596/734 748/593/734
f 748/593/736 751/596/736 615/441/736 616/444/736
f 753/559/737 756/562/737 755/597/737 752/595/738
f 752/595/739 755/597/740 754/598/740 751/596/740
f 751/596/741 754/598/741 614/438/741 615/441/741
f 756/562/742 759/563/742 758/599/742 755/597/742
f 755/597/743 758/599/743 757/600/743 754/598/743
f 754/598/744 757/600/744 613/433/744 614/438/744
f 759/563/745 762/564/745 761/601/745 758/599/745
f 758/599/746 761/601/746 760/602/746 757/600/746
f 757/600/747 760/602/747 612/434/747 613/433/747
f 762/564/748 765/565/748 764/603/748 761/601/748
f 761/601/749 764/603/749 763/604/749 760/602/749
f 760/602/750 763/604/750 611/461/750 612/434/750
f 765/565/751 768/566/751 767/605/751 764/603/751
f 764/603/752 767/605/752 766/606/752 763/604/752
f 763/604/753 766/606/753 610/459/753 611/461/753
f 768/566/754 771/567/754 770/607/754 767/605/754
f 767/605/755 770/607/755 769/608/755 766/606/755
f 766/606/756 769/608/756 609/457/756 610/459/756
f 771/567/757 774/568/757 773/609/757 770/607/757
f 770/607/758 773/609/758 772/610/758 769/608/758
f 769/608/759 772/610/759 608/455/759 609/457/759
f 774/568/760 777/569/760 776/611/760 773/609/760
f 773/609/761 776/611/761 775/612/761 772/610/761
f 772/610/762 775/612/762 607/453/762 608/455/762
f 777/569/763 780/570/763 779/613/763 776/611/763
f 776/611/764 779/613/764 778/614/764 775/612/764
f 775/612/765 778/614/765 606/451/765 607/453/765
f 780/570/766 783/571/766 782/615/766 779/613/766
f 779/613/767 782/615/767 781/616/767 778/614/767
f 778/614/768 781/616/768 605/449/768 606/451/768
f 783/571/769 786/572/769 785/617/769 782/615/769
f 782/615/770 785/617/770 784/618/770 781/616/770
f 781/616/771 784/618/771 604/447/771 605/449/771
f 786/572/772 789/573/772 788/619/772 785/617/772
f 785/617/773 788/619/773 787/620/773 784/618/773
f 784/618/774 787/620/774 603/445/774 604/447/774
f 789/573/775 792/574/775 791/621/775 788/619/775
f 788/619/776 791/621/776 790/622/776 787/620/776
f 787/620/777 790/622/777 602/442/777 603/445/777
f 792/574/778 795/575/778 794/623/778 791/621/778
f 791/621/779 794/623/779 793/624/779 790/622/779
f 790/622/780 793/624/780 601/439/780 602/442/780
f 795/575/781 798/576/781 797/625/781 794/623/781
f 794/623/782 797/625/782 796/626/782 793/624/782
f 793/624/783 796/626/783 600/435/783 601/439/783
f 798/576/784 801/577/784 800/627/784 797/625/784
f 797/625/785 800/627/785 799/628/785 796/626/785
f 796/626/786 799/628/786 599/436/786 600/435/786
f 801/577/787 804/578/787 803/629/787 800/627/787
f 800/627/788 803/629/788 802/630/788 799/628/788
f 799/628/789 802/630/789 598/462/789 599/436/789
f 804/578/790 807/579/790 806/631/790 803/629/790
f 803/629/791 806/631/791 805/632/791 802/630/791
f 802/630/792 805/632/792 597/460/792 598/462/792
f 807/579/793 810/580/793 809/633/793 806/631/793
f 806/631/794 809/633/794 808/634/794 805/632/794
f 805/632/795 808/634/795 596/458/795 597/460/795
f 810/580/796 813/581/796 812/635/796 809/633/796
f 809/633/797 812/635/797 811/636/797 808/634/797
f 808/634/798 811/636/798 595/456/798 596/458/798
f 813/581/799 816/582/799 815/637/799 812/635/799
f 812/635/800 815/637/800 814/638/800 811/636/800
f 811/636/801 814/638/801 594/454/801 595/456/801
f 816/582/802 819/583/802 818/639/802 815/637/802
f 815/637/803 818/639/803 817/640/803 814/638/803
f 814/638/804 817/640/804 593/452/804 594/454/804
f 819/583/805 822/584/805 821/641/805 818/639/805
f 818/639/806 821/641/806 820/642/806 817/640/806
f 817/640/807 820/642/807 592/450/807 593/452/807
f 822/584/808 825/585/808 824/643/808 821/641/808
f 821/641/809 824/643/809 823/644/809 820/642/809
f 820/642/810 823/644/810 591/448/810 592/450/810
f 825/585/811 828/586/811 827/645/811 824/643/811
f 824/643/812 827/645/812 826/646/812 823/644/812
f 823/644/813 826/646/813 590/446/813 591/448/813
f 828/586/814 831/587/814 830/647/814 827/645/814
f 827/645/815 830/647/815 829/648/815 826/646/815
f 826/646/816 829/648/816 589/443/816 590/446/816
f 831/587/817 834/588/817 833/649/818 830/647/817
f 830/647/819 833/649/820 832/650/819 829/648/819
f 829/648/821 832/650/821 588/440/821 589/443/821
f 834/588/822 837/589/822 836/651/822 833/649/823
f 833/649/824 836/651/825 835/652/825 832/650/825
f 832/650/826 835/652/826 587/437/826 588/440/826
f 837/589/827 840/590/827 839/653/827 836/651/827
f 836/651/828 839/653/828 838/654/828 835/652/828
f 835/652/829 838/654/829 585/402/829 587/437/829
f 840/590/830 745/561/830 746/592/830 839/653/830
f 839/653/831 746/592/831 747/594/831 838/654/831
f 838/654/832 747/594/832 586/403/832 585/402/832
f 842/655/833 841/656/833 872/657/833 871/658/833 870/659/833 869/660/833 868/661/833 867/662/833 866/663/833 865/664/833 864/665/833 863/666/833 862/667/833 861/668/834 860/669/833 859/670/833 858/671/833 857/672/833 856/673/833 855/674/833 854/675/833 853/676/833 852/677/833 851/678/833 850/679/833 849/680/833 848/681/833 847/682/833 846/683/833 845/684/834 844/685/833 843/686/833
f 895/666/835 896/665/836 960/665/837 959/666/837
f 841/656/3 842/655/10 873/655/838 874/656/10
f 868/661/3 869/660/10 901/660/29 900/661/10
f 855/674/20 856/673/12 888/673/839 887/674/12
f 842/655/3 843/686/10 875/686/42 873/655/10
f 869/660/3 870/659/10 902/659/32 901/660/10
f 856/673/3 857/672/12 889/672/840 888/673/12
f 843/686/3 844/685/10 876/685/44 875/686/10
f 870/659/3 871/658/12 903/658/34 902/659/10
f 857/672/3 858/671/10 890/671/841 889/672/12
f 844/685/3 845/684/10 877/684/842 876/685/10
f 871/658/3 872/657/12 904/657/36 903/658/10
f 858/671/3 859/670/12 891/670/843 890/671/12
f 845/684/3 846/683/10 878/683/16 877/684/12
f 872/657/3 841/656/10 874/656/38 904/657/10
f 859/670/3 860/669/10 892/669/844 891/670/12
f 846/683/448 847/682/10 879/682/19 878/683/12
f 860/669/20 861/668/10 893/668/41 892/669/12
f 847/682/448 848/681/12 880/681/23 879/682/12
f 861/668/3 862/667/10 894/667/845 893/668/10
f 848/681/3 849/680/12 881/680/26 880/681/12
f 862/667/3 863/666/10 895/666/846 894/667/10
f 849/680/3 850/679/10 882/679/11 881/680/12
f 863/666/847 864/665/10 896/665/848 895/666/10
f 850/679/3 851/678/12 883/678/15 882/679/12
f 864/665/847 865/664/10 897/664/849 896/665/10
f 851/678/3 852/677/10 884/677/18 883/678/12
f 865/664/3 866/663/12 898/663/850 897/664/10
f 852/677/3 853/676/10 885/676/22 884/677/12
f 866/663/3 867/662/12 899/662/851 898/663/10
f 853/676/3 854/675/12 886/675/852 885/676/12
f 867/662/3 868/661/10 900/661/853 899/662/10
f 854/675/3 855/674/12 887/674/854 886/675/12
f 970/687/855 1000/688/855 936/689/855 906/690/855
f 882/679/83 883/678/84 947/678/856 946/679/856
f 896/665/857 897/664/858 961/664/859 960/665/859
f 883/678/92 884/677/93 948/677/94 947/678/94
f 897/664/860 898/663/861 962/663/862 961/664/862
f 884/677/863 885/676/864 949/676/865 948/677/865
f 898/663/866 899/662/867 963/662/868 962/663/868
f 885/676/110 886/675/869 950/675/112 949/676/112
f 899/662/870 900/661/871 964/661/872 963/662/872
f 886/675/873 887/674/874 951/691/875 950/675/875
f 874/656/56 873/655/876 937/655/877 938/656/877
f 900/661/878 901/660/879 965/660/124 964/661/124
f 887/674/880 888/673/881 952/692/882 951/691/882
f 873/655/883 875/686/63 939/686/64 937/655/64
f 901/660/128 902/659/884 966/659/130 965/660/130
f 888/673/885 889/672/886 953/693/887 952/692/887
f 875/686/68 876/685/69 940/685/70 939/686/70
f 902/659/888 903/658/135 967/658/225 966/659/225
f 889/672/889 890/671/890 954/694/891 953/693/891
f 876/685/892 877/684/78 941/684/893 940/685/893
f 903/658/894 904/657/895 968/657/9 967/658/9
f 890/671/896 891/670/897 955/695/898 954/694/898
f 877/684/899 878/683/900 942/683/901 941/684/901
f 904/657/50 874/656/902 938/656/903 968/657/903
f 891/670/904 892/669/905 956/669/906 955/695/906
f 878/683/907 879/682/96 943/682/97 942/683/97
f 892/669/908 893/668/909 957/668/910 956/669/910
f 879/682/911 880/681/912 944/681/213 943/682/213
f 893/668/913 894/667/914 958/667/67 957/668/67
f 880/681/113 881/680/915 945/680/916 944/681/916
f 894/667/917 895/666/918 959/666/919 958/667/919
f 881/680/920 882/679/921 946/679/76 945/680/76
f 905/696/922 906/690/3 938/656/3 937/655/3
f 907/697/3 905/696/923 937/655/3 939/686/3
f 908/698/3 907/697/3 939/686/3 940/685/3
f 909/699/3 908/698/3 940/685/3 941/684/3
f 910/700/3 909/699/3 941/684/3 942/683/3
f 911/701/3 910/700/3 942/683/3 943/682/3
f 912/702/3 911/701/3 943/682/3 944/681/3
f 913/703/3 912/702/3 944/681/3 945/680/3
f 914/704/3 913/703/3 945/680/3 946/679/3
f 915/705/3 914/704/3 946/679/3 947/678/3
f 916/706/3 915/705/3 947/678/3 948/677/3
f 917/707/3 916/706/3 948/677/3 949/676/3
f 918/708/3 917/707/3 949/676/3 950/675/3
f 919/709/924 918/708/924 950/675/924 951/691/924
f 920/710/925 919/709/925 951/691/925 952/692/925
f 921/711/926 920/710/926 952/692/926 953/693/926
f 922/712/927 921/711/927 953/693/927 954/694/927
f 923/713/928 922/712/928 954/694/928 955/695/928
f 924/714/929 923/713/929 955/695/929 956/669/929
f 925/715/3 924/714/3 956/669/3 957/668/3
f 926/716/3 925/715/3 957/668/3 958/667/3
f 927/717/3 926/716/3 958/667/3 959/666/3
f 928/718/3 927/717/3 959/666/3 960/665/3
f 929/719/3 928/718/3 960/665/3 961/664/3
f 930/720/3 929/719/3 961/664/3 962/663/3
f 931/721/3 930/720/3 962/663/3 963/662/3
f 932/722/3 931/721/3 963/662/3 964/661/3
f 933/723/3 932/722/3 964/661/3 965/660/3
f 934/724/3 933/723/3 965/660/3 966/659/3
f 935/725/3 934/724/3 966/659/3 967/658/3
f 936/689/3 935/725/3 967/658/3 968/657/3
f 906/690/3 936/689/3 968/657/3 938/656/3
f 970/687/930 969/726/930 1001/727/930 1002/728/930
f 1000/688/931 999/729/931 935/725/931 936/689/931
f 999/729/932 998/730/932 934/724/932 935/725/932
f 998/730/933 997/731/933 933/723/933 934/724/933
f 997/731/934 996/732/934 932/722/934 933/723/934
f 996/732/935 995/733/935 931/721/935 932/722/935
f 995/733/936 994/734/936 930/720/936 931/721/936
f 994/734/937 993/735/937 929/719/937 930/720/937
f 993/735/938 992/736/938 928/718/938 929/719/938
f 992/736/939 991/737/939 927/717/939 928/718/939
f 991/737/940 990/738/940 926/716/940 927/717/940
f 990/738/941 989/739/941 925/715/941 926/716/941
f 989/739/942 988/740/942 924/714/942 925/715/942
f 988/740/943 987/741/943 923/713/943 924/714/943
f 987/741/944 986/742/944 922/712/944 923/713/944
f 986/742/945 985/743/945 921/711/945 922/712/945
f 985/743/946 984/744/946 920/710/946 921/711/946
f 984/744/947 983/745/947 919/709/947 920/710/947
f 983/745/948 982/746/948 918/708/948 919/709/948
f 982/746/949 981/747/950 917/707/949 918/708/949
f 981/747/951 980/748/952 916/706/952 917/707/952
f 980/748/953 979/749/953 915/705/953 916/706/953
f 979/749/954 978/750/954 914/704/954 915/705/954
f 978/750/955 977/751/955 913/703/955 914/704/955
f 977/751/956 976/752/956 912/702/956 913/703/956
f 976/752/957 975/753/957 911/701/957 912/702/957
f 975/753/958 974/754/958 910/700/958 911/701/958
f 974/754/959 973/755/959 909/699/959 910/700/959
f 973/755/960 972/756/960 908/698/960 909/699/960
f 972/756/961 971/757/961 907/697/961 908/698/961
f 971/757/962 969/726/962 905/696/963 907/697/962
f 969/726/964 970/687/964 906/690/964 905/696/965
f 996/732/966 997/731/966 1029/758/966 1028/759/966
f 983/745/967 984/744/967 1016/760/967 1015/761/967
f 969/726/968 971/757/968 1003/762/968 1001/727/968
f 997/731/969 998/730/969 1030/763/969 1029/758/969
f 984/744/970 985/743/970 1017/764/970 1016/760/970
f 971/757/971 972/756/971 1004/765/971 1003/762/971
f 998/730/972 999/729/972 1031/766/972 1030/763/972
f 985/743/973 986/742/973 1018/767/973 1017/764/973
f 972/756/974 973/755/974 1005/768/974 1004/765/974
f 999/729/975 1000/688/975 1032/769/975 1031/766/975
f 986/742/976 987/741/976 1019/770/976 1018/767/976
f 973/755/977 974/754/977 1006/771/977 1005/768/977
f 1000/688/978 970/687/978 1002/728/978 1032/769/978
f 987/741/979 988/740/979 1020/772/979 1019/770/979
f 974/754/980 975/753/980 1007/773/980 1006/771/980
f 988/740/981 989/739/981 1021/774/981 1020/772/981
f 975/753/982 976/752/982 1008/775/982 1007/773/982
f 989/739/983 990/738/983 1022/776/983 1021/774/983
f 976/752/984 977/751/984 1009/777/984 1008/775/984
f 990/738/985 991/737/985 1023/778/985 1022/776/985
f 977/751/986 978/750/986 1010/779/986 1009/777/986
f 991/737/987 992/736/987 1024/780/987 1023/778/987
f 978/750/988 979/749/988 1011/781/988 1010/779/988
f 992/736/989 993/735/989 1025/782/989 1024/780/989
f 979/749/990 980/748/990 1012/783/990 1011/781/990
f 993/735/991 994/734/991 1026/784/991 1025/782/991
f 980/748/992 981/747/993 1013/785/992 1012/783/992
f 994/734/994 995/733/994 1027/786/994 1026/784/994
f 981/747/995 982/746/996 1014/787/996 1013/785/996
f 995/733/997 996/732/997 1028/759/997 1027/786/997
f 982/746/998 983/745/998 1015/761/998 1014/787/998
f 1063/788/226 1064/789/226 1096/789/226 1095/788/226
f 1085/790/999 1086/791/999 1118/792/999 1117/793/999
f 1050/794/227 1051/795/227 1083/795/227 1082/794/227
f 1037/796/901 1038/797/901 1070/797/901 1069/796/901
f 1064/789/52 1034/798/52 1066/798/52 1096/789/52
f 1051/795/1000 1052/799/1000 1084/799/1000 1083/795/1000
f 1038/797/1001 1039/800/1001 1071/800/1001 1070/797/1001
f 1052/799/1002 1053/790/1002 1085/790/1002 1084/799/1002
f 1039/800/213 1040/801/213 1072/801/213 1071/800/213
f 1053/790/1003 1054/791/1003 1086/791/1003 1085/790/1003
f 1040/801/115 1041/802/115 1073/802/115 1072/801/115
f 1054/791/1004 1055/803/1004 1087/803/1004 1086/791/1004
f 1041/802/76 1042/804/76 1074/804/76 1073/802/76
f 1055/803/236 1056/805/236 1088/805/236 1087/803/236
f 1042/804/85 1043/806/85 1075/806/85 1074/804/85
f 1056/805/859 1057/807/859 1089/807/859 1088/805/859
f 1043/806/1005 1044/808/1005 1076/808/1005 1075/806/1005
f 1057/807/862 1058/809/862 1090/809/862 1089/807/862
f 1044/808/1006 1045/810/1006 1077/810/1006 1076/808/1006
f 1058/809/215 1059/811/215 1091/811/215 1090/809/215
f 1045/810/1007 1046/812/1007 1078/812/1007 1077/810/1007
f 1059/811/1008 1060/813/1008 1092/813/1008 1091/811/1008
f 1046/812/220 1047/814/220 1079/814/220 1078/812/220
f 1034/798/58 1033/815/58 1065/815/58 1066/798/58
f 1060/813/124 1061/816/124 1093/816/124 1092/813/124
f 1047/814/223 1048/817/223 1080/817/223 1079/814/223
f 1033/815/231 1035/818/231 1067/818/231 1065/815/231
f 1061/816/1009 1062/819/1009 1094/819/224 1093/816/1009
f 1048/817/1010 1049/820/1010 1081/820/1010 1080/817/1010
f 1035/818/1011 1036/821/1011 1068/821/1011 1067/818/1011
f 1062/819/136 1063/788/136 1095/788/136 1094/819/1012
f 1049/820/1013 1050/794/1013 1082/794/1013 1081/820/1013
f 1036/821/1014 1037/796/1014 1069/796/1014 1068/821/1014
f 1120/822/1015 1121/823/1015 1153/824/1015 1152/825/1015
f 1072/801/999 1073/802/999 1105/826/999 1104/827/999
f 1086/791/999 1087/803/999 1119/828/999 1118/792/999
f 1073/802/999 1074/804/999 1106/829/999 1105/826/999
f 1087/803/999 1088/805/999 1120/822/999 1119/828/999
f 1074/804/999 1075/806/999 1107/830/999 1106/829/999
f 1088/805/999 1089/807/999 1121/823/999 1120/822/999
f 1075/806/999 1076/808/999 1108/831/999 1107/830/999
f 1089/807/999 1090/809/999 1122/832/999 1121/823/999
f 1076/808/999 1077/810/999 1109/833/999 1108/831/999
f 1090/809/999 1091/811/999 1123/834/999 1122/832/999
f 1077/810/999 1078/812/999 1110/835/999 1109/833/999
f 1091/811/999 1092/813/999 1124/836/999 1123/834/999
f 1078/812/999 1079/814/999 1111/837/999 1110/835/999
f 1066/798/999 1065/815/999 1097/838/999 1098/839/999
f 1092/813/999 1093/816/999 1125/840/999 1124/836/999
f 1079/814/999 1080/817/999 1112/841/999 1111/837/999
f 1065/815/999 1067/818/999 1099/842/999 1097/838/999
f 1093/816/999 1094/819/1016 1126/843/999 1125/840/999
f 1080/817/999 1081/820/999 1113/844/999 1112/841/999
f 1067/818/999 1068/821/999 1100/845/999 1099/842/999
f 1094/819/1017 1095/788/999 1127/846/999 1126/843/999
f 1081/820/999 1082/794/999 1114/847/999 1113/844/999
f 1068/821/999 1069/796/999 1101/848/999 1100/845/999
f 1095/788/999 1096/789/999 1128/849/999 1127/846/999
f 1082/794/999 1083/795/999 1115/850/999 1114/847/999
f 1069/796/999 1070/797/999 1102/851/999 1101/848/999
f 1096/789/999 1066/798/999 1098/839/999 1128/849/999
f 1083/795/999 1084/799/999 1116/852/999 1115/850/999
f 1070/797/999 1071/800/999 1103/853/999 1102/851/999
f 1084/799/999 1085/790/999 1117/793/999 1116/852/999
f 1071/800/999 1072/801/999 1104/827/999 1103/853/999
f 1129/854/1018 1131/855/1018 1132/856/1018 1133/857/1018 1134/858/1018 1135/859/1018 1136/860/1018 1137/861/1018 1138/862/1018 1139/863/1018 1140/864/1018 1141/865/1018 1142/866/1018 1143/867/1018 1144/868/1018 1145/869/1018 1146/870/1018 1147/871/1018 1148/872/1018 1149/873/1018 1150/874/1018 1151/875/1018 1152/825/1018 1153/824/1018 1154/876/1018 1155/877/1018 1156/878/1018 1157/879/1018 1158/880/1018 1159/881/1018 1160/882/1018 1130/883/1018
f 1107/830/1019 1108/831/1019 1140/864/1019 1139/863/1019
f 1121/823/1020 1122/832/1020 1154/876/1020 1153/824/1020
f 1108/831/1021 1109/833/1021 1141/865/1021 1140/864/1021
f 1122/832/1022 1123/834/1022 1155/877/1022 1154/876/1022
f 1109/833/1023 1110/835/1023 1142/866/1023 1141/865/1023
f 1123/834/1024 1124/836/1024 1156/878/1024 1155/877/1024
f 1110/835/1025 1111/837/1025 1143/867/1025 1142/866/1025
f 1098/839/1026 1097/838/1026 1129/854/1026 1130/883/1026
f 1124/836/1027 1125/840/1027 1157/879/1027 1156/878/1027
f 1111/837/1028 1112/841/1028 1144/868/1028 1143/867/1028
f 1097/838/1029 1099/842/1029 1131/855/1029 1129/854/1029
f 1125/840/1030 1126/843/1030 1158/880/1030 1157/879/1030
f 1112/841/1031 1113/844/1031 1145/869/1031 1144/868/1031
f 1099/842/1032 1100/845/1032 1132/856/1032 1131/855/1032
f 1126/843/1033 1127/846/1033 1159/881/1033 1158/880/1033
f 1113/844/1034 1114/847/1034 1146/870/1034 1145/869/1034
f 1100/845/1035 1101/848/1035 1133/857/1035 1132/856/1035
f 1127/846/1036 1128/849/1036 1160/882/1036 1159/881/1036
f 1114/847/1037 1115/850/1037 1147/871/1037 1146/870/1037
f 1101/848/1038 1102/851/1038 1134/858/1038 1133/857/1038
f 1128/849/1039 1098/839/1039 1130/883/1039 1160/882/1039
f 1115/850/1040 1116/852/1040 1148/872/1040 1147/871/1040
f 1102/851/1041 1103/853/1041 1135/859/1041 1134/858/1041
f 1116/852/1042 1117/793/1042 1149/873/1042 1148/872/1042
f 1103/853/1043 1104/827/1043 1136/860/1043 1135/859/1043
f 1117/793/1044 1118/792/1044 1150/874/1044 1149/873/1044
f 1104/827/1045 1105/826/1045 1137/861/1045 1136/860/1045
f 1118/792/1046 1119/828/1046 1151/875/1046 1150/874/1046
f 1105/826/1047 1106/829/1047 1138/862/1047 1137/861/1047
f 1119/828/1048 1120/822/1048 1152/825/1048 1151/875/1048
f 1106/829/1049 1107/830/1049 1139/863/1049 1138/862/1049
f 1064/789/1050 1063/788/1050 1169/884/1050 1166/885/1050
f 1034/798/1051 1064/789/1051 1166/885/1051 1161/886/1051
f 1063/788/1052 1062/819/1052 1172/887/1052 1169/884/1052
f 1062/819/1053 1061/816/1053 1175/888/1053 1172/887/1053
f 1061/816/1054 1060/813/1054 1178/889/1054 1175/888/1054
f 1060/813/1055 1059/811/1055 1181/890/1055 1178/889/1055
f 1059/811/1056 1058/809/1056 1184/891/1056 1181/890/1056
f 1058/809/1057 1057/807/1057 1187/892/1057 1184/891/1057
f 1057/807/1058 1056/805/1058 1190/893/1058 1187/892/1058
f 1056/805/1059 1055/803/1059 1193/894/1059 1190/893/1059
f 1055/803/1060 1054/791/1060 1196/895/1060 1193/894/1060
f 1054/791/1061 1053/790/1061 1199/896/1061 1196/895/1061
f 1053/790/1062 1052/799/1062 1202/897/1062 1199/896/1062
f 1052/799/1063 1051/795/1063 1205/898/1063 1202/897/1063
f 1051/795/1064 1050/794/1064 1208/899/1064 1205/898/1064
f 1050/794/1065 1049/820/1065 1211/900/1065 1208/899/1065
f 1049/820/1066 1048/817/1066 1214/901/1066 1211/900/1066
f 1048/817/1067 1047/814/1067 1217/902/1067 1214/901/1067
f 1047/814/1068 1046/812/1068 1220/903/1068 1217/902/1068
f 1046/812/1069 1045/810/1069 1223/904/1069 1220/903/1069
f 1045/810/1070 1044/808/1070 1226/905/1070 1223/904/1070
f 1044/808/1071 1043/806/1071 1229/906/1071 1226/905/1071
f 1043/806/1072 1042/804/1072 1232/907/1072 1229/906/1072
f 1042/804/1073 1041/802/1073 1235/908/1073 1232/907/1073
f 1041/802/1074 1040/801/1074 1238/909/1074 1235/908/1074
f 1040/801/1075 1039/800/1075 1241/910/1075 1238/909/1075
f 1039/800/1076 1038/797/1076 1244/911/1077 1241/910/1076
f 1038/797/1078 1037/796/1078 1247/912/1078 1244/911/1079
f 1037/796/1080 1036/821/1080 1250/913/1080 1247/912/1080
f 1036/821/1081 1035/818/1081 1253/914/1081 1250/913/1081
f 1035/818/1082 1033/815/1082 1256/915/1082 1253/914/1082
f 1033/815/1083 1034/798/1083 1161/886/1083 1256/915/1083
f 1161/886/1084 1166/885/1084 1165/916/1084 1162/917/1084
f 1162/917/1085 1165/916/1085 1164/918/1085 1163/919/1085
f 1163/919/1086 1164/918/1086 1032/769/1086 1002/728/1086
f 1166/885/1087 1169/884/1087 1168/920/1087 1165/916/1087
f 1165/916/1088 1168/920/1088 1167/921/1088 1164/918/1088
f 1164/918/1089 1167/921/1089 1031/766/1089 1032/769/1089
f 1169/884/1090 1172/887/1090 1171/922/1090 1168/920/1090
f 1168/920/1091 1171/922/1091 1170/923/1091 1167/921/1091
f 1167/921/1092 1170/923/1092 1030/763/1092 1031/766/1092
f 1172/887/1093 1175/888/1093 1174/924/1093 1171/922/1093
f 1171/922/1094 1174/924/1094 1173/925/1094 1170/923/1094
f 1170/923/1095 1173/925/1095 1029/758/1095 1030/763/1095
f 1175/888/1096 1178/889/1096 1177/926/1096 1174/924/1096
f 1174/924/1097 1177/926/1097 1176/927/1097 1173/925/1097
f 1173/925/1098 1176/927/1098 1028/759/1098 1029/758/1098
f 1178/889/1099 1181/890/1099 1180/928/1099 1177/926/1099
f 1177/926/1100 1180/928/1100 1179/929/1100 1176/927/1100
f 1176/927/1101 1179/929/1101 1027/786/1101 1028/759/1101
f 1181/890/1102 1184/891/1102 1183/930/1102 1180/928/1102
f 1180/928/1103 1183/930/1103 1182/931/1103 1179/929/1103
f 1179/929/1104 1182/931/1104 1026/784/1104 1027/786/1104
f 1184/891/1105 1187/892/1105 1186/932/1105 1183/930/1105
f 1183/930/1106 1186/932/1106 1185/933/1106 1182/931/1106
f 1182/931/1107 1185/933/1107 1025/782/1107 1026/784/1107
f 1187/892/1108 1190/893/1108 1189/934/1108 1186/932/1108
f 1186/932/1109 1189/934/1109 1188/935/1109 1185/933/1109
f 1185/933/1110 1188/935/1110 1024/780/1110 1025/782/1110
f 1190/893/1111 1193/894/1111 1192/936/1111 1189/934/1111
f 1189/934/1112 1192/936/1112 1191/937/1112 1188/935/1112
f 1188/935/1113 1191/937/1113 1023/778/1113 1024/780/1113
f 1193/894/1114 1196/895/1114 1195/938/1114 1192/936/1114
f 1192/936/1115 1195/938/1115 1194/939/1115 1191/937/1115
f 1191/937/1116 1194/939/1116 1022/776/1116 1023/778/1116
f 1196/895/1117 1199/896/1117 1198/940/1117 1195/938/1117
f 1195/938/1118 1198/940/1118 1197/941/1118 1194/939/1118
f 1194/939/1119 1197/941/1119 1021/774/1119 1022/776/1119
f 1199/896/1120 1202/897/1120 1201/942/1120 1198/940/1120
f 1198/940/1121 1201/942/1121 1200/943/1121 1197/941/1121
f 1197/941/1122 1200/943/1122 1020/772/1122 1021/774/1122
f 1202/897/1123 1205/898/1123 1204/944/1123 1201/942/1123
f 1201/942/1124 1204/944/1124 1203/945/1124 1200/943/1124
f 1200/943/1125 1203/945/1125 1019/770/1125 1020/772/1125
f 1205/898/1126 1208/899/1126 1207/946/1126 1204/944/1126
f 1204/944/1127 1207/946/1127 1206/947/1127 1203/945/1127
f 1203/945/1128 1206/947/1128 1018/767/1128 1019/770/1128
f 1208/899/1129 1211/900/1129 1210/948/1129 1207/946/1129
f 1207/946/1130 1210/948/1130 1209/949/1130 1206/947/1130
f 1206/947/1131 1209/949/1131 1017/764/1131 1018/767/1131
f 1211/900/1132 1214/901/1132 1213/950/1132 1210/948/1132
f 1210/948/1133 1213/950/1133 1212/951/1133 1209/949/1133
f 1209/949/1134 1212/951/1134 1016/760/1134 1017/764/1134
f 1214/901/1135 1217/902/1135 1216/952/1135 1213/950/1135
f 1213/950/1136 1216/952/1136 1215/953/1136 1212/951/1136
f 1212/951/1137 1215/953/1137 1015/761/1137 1016/760/1137
f 1217/902/1138 1220/903/1138 1219/954/1138 1216/952/1138
f 1216/952/1139 1219/954/1139 1218/955/1139 1215/953/1139
f 1215/953/1140 1218/955/1140 1014/787/1140 1015/761/1140
f 1220/903/1141 1223/904/1141 1222/956/1141 1219/954/1141
f 1219/954/1142 1222/956/1142 1221/957/1142 1218/955/1142
f 1218/955/1143 1221/957/1143 1013/785/1143 1014/787/1143
f 1223/904/1144 1226/905/1144 1225/958/1144 1222/956/1144
f 1222/956/1145 1225/958/1145 1224/959/1145 1221/957/1145
f 1221/957/1146 1224/959/1146 1012/783/1146 1013/785/1146
f 1226/905/1147 1229/906/1147 1228/960/1147 1225/958/1147
f 1225/958/1148 1228/960/1148 1227/961/1148 1224/959/1148
f 1224/959/1149 1227/961/1149 1011/781/1149 1012/783/1149
f 1229/906/1150 1232/907/1150 1231/962/1150 1228/960/1150
f 1228/960/1151 1231/962/1151 1230/963/1151 1227/961/1151
f 1227/961/1152 1230/963/1152 1010/779/1152 1011/781/1152
f 1232/907/1153 1235/908/1153 1234/964/1153 1231/962/1153
f 1231/962/1154 1234/964/1154 1233/965/1154 1230/963/1154
f 1230/963/1155 1233/965/1155 1009/777/1155 1010/779/1155
f 1235/908/1156 1238/909/1156 1237/966/1156 1234/964/1156
f 1234/964/1157 1237/966/1157 1236/967/1157 1233/965/1157
f 1233/965/1158 1236/967/1158 1008/775/1158 1009/777/1158
f 1238/909/1159 1241/910/1159 1240/968/1159 1237/966/1159
f 1237/966/1160 1240/968/1160 1239/969/1160 1236/967/1160
f 1236/967/1161 1239/969/1161 1007/773/1161 1008/775/1161
f 1241/910/1162 1244/911/1163 1243/970/1162 1240/968/1162
f 1240/968/1164 1243/970/1164 1242/971/1164 1239/969/1164
f 1239/969/1165 1242/971/1165 1006/771/1165 1007/773/1165
f 1244/911/1166 1247/912/1167 1246/972/1167 1243/970/1167
f 1243/970/1168 1246/972/1168 1245/973/1168 1242/971/1168
f 1242/971/1169 1245/973/1169 1005/768/1169 1006/771/1169
f 1247/912/1170 1250/913/1170 1249/974/1170 1246/972/1170
f 1246/972/1171 1249/974/1171 1248/975/1171 1245/973/1171
f 1245/973/1172 1248/975/1172 1004/765/1172 1005/768/1172
f 1250/913/1173 1253/914/1173 1252/976/1173 1249/974/1173
f 1249/974/1174 1252/976/1174 1251/977/1174 1248/975/1174
f 1248/975/1175 1251/977/1175 1003/762/1175 1004/765/1175
f 1253/914/1176 1256/915/1176 1255/978/1176 1252/976/1176
f 1252/976/1177 1255/978/1177 1254/979/1177 1251/977/1177
f 1251/977/1178 1254/979/1178 1001/727/1178 1003/762/1178
f 1256/915/1179 1161/886/1179 1162/917/1179 1255/978/1179
f 1255/978/1180 1162/917/1180 1163/919/1180 1254/979/1180
f 1254/979/1181 1163/919/1181 1002/728/1181 1001/727/1181
f 1258/980/417 1257/981/417 1288/982/417 1287/983/417 1286/984/417 1285/985/417 1284/986/417 1283/987/417 1282/988/417 1281/989/417 1280/990/417 1279/991/417 1278/992/1182 1277/993/418 1276/994/418 1275/995/417 1274/996/417 1273/997/417 1272/998/417 1271/999/417 1270/1000/417 1269/1001/417 1268/1002/417 1267/1003/417 1266/1004/417 1265/1005/417 1264/1006/417 1263/1007/417 1262/1008/1182 1261/1009/418 1260/1010/418 1259/1011/417
f 1311/991/1183 1312/990/1184 1376/990/1185 1375/991/1185
f 1257/981/3 1258/980/10 1289/980/1186 1290/981/12
f 1284/986/3 1285/985/12 1317/985/1187 1316/986/12
f 1271/999/3 1272/998/12 1304/998/1188 1303/999/10
f 1258/980/3 1259/1011/12 1291/1011/1189 1289/980/12
f 1285/985/20 1286/984/12 1318/984/1190 1317/985/12
f 1272/998/3 1273/997/12 1305/997/1191 1304/998/10
f 1259/1011/3 1260/1010/12 1292/1010/1192 1291/1011/12
f 1286/984/3 1287/983/10 1319/983/1193 1318/984/12
f 1273/997/3 1274/996/12 1306/996/1194 1305/997/10
f 1260/1010/30 1261/1009/10 1293/1009/1195 1292/1010/12
f 1287/983/20 1288/982/12 1320/982/1196 1319/983/12
f 1274/996/3 1275/995/12 1307/995/1197 1306/996/10
f 1261/1009/1198 1262/1008/1198 1294/1008/1198 1293/1009/1198
f 1288/982/448 1257/981/12 1290/981/1199 1320/982/12
f 1275/995/3 1276/994/10 1308/994/1200 1307/995/10
f 1262/1008/3 1263/1007/10 1295/1007/1201 1294/1008/10
f 1276/994/3 1277/993/12 1309/993/1202 1308/994/10
f 1263/1007/20 1264/1006/12 1296/1006/1203 1295/1007/10
f 1277/993/1198 1278/992/1198 1310/992/1198 1309/993/1198
f 1264/1006/3 1265/1005/10 1297/1005/1204 1296/1006/10
f 1278/992/3 1279/991/12 1311/991/1205 1310/992/12
f 1265/1005/3 1266/1004/12 1298/1004/1206 1297/1005/10
f 1279/991/3 1280/990/10 1312/990/1207 1311/991/12
f 1266/1004/3 1267/1003/12 1299/1003/1208 1298/1004/10
f 1280/990/3 1281/989/10 1313/989/1209 1312/990/12
f 1267/1003/3 1268/1002/12 1300/1002/1210 1299/1003/10
f 1281/989/3 1282/988/10 1314/988/1211 1313/989/12
f 1268/1002/3 1269/1001/12 1301/1001/1212 1300/1002/10
f 1282/988/3 1283/987/12 1315/987/1213 1314/988/12
f 1269/1001/3 1270/1000/12 1302/1000/1214 1301/1001/10
f 1283/987/3 1284/986/10 1316/986/1215 1315/987/12
f 1270/1000/3 1271/999/12 1303/999/1216 1302/1000/10
f 1386/1012/1217 1416/1013/1217 1352/1014/1217 1322/1015/1217
f 1298/1004/1218 1299/1003/1219 1363/1003/1220 1362/1004/1220
f 1312/990/1221 1313/989/1222 1377/989/1223 1376/990/1223
f 1299/1003/1224 1300/1002/1225 1364/1002/1226 1363/1003/1226
f 1313/989/1227 1314/988/1228 1378/988/1229 1377/989/1229
f 1300/1002/1230 1301/1001/1231 1365/1001/1232 1364/1002/1232
f 1314/988/1233 1315/987/1234 1379/987/1235 1378/988/1235
f 1301/1001/1236 1302/1000/1237 1366/1000/1238 1365/1001/1238
f 1315/987/1239 1316/986/1240 1380/986/1241 1379/987/1241
f 1302/1000/1242 1303/999/1243 1367/1016/1244 1366/1000/1244
f 1290/981/1245 1289/980/1246 1353/980/1247 1354/981/1247
f 1316/986/1248 1317/985/1249 1381/985/1250 1380/986/1250
f 1303/999/1251 1304/998/1252 1368/1017/1253 1367/1016/1253
f 1289/980/1254 1291/1011/1255 1355/1011/1256 1353/980/1256
f 1317/985/1257 1318/984/1258 1382/984/1259 1381/985/1259
f 1304/998/1260 1305/997/1261 1369/1018/1262 1368/1017/1262
f 1291/1011/1263 1292/1010/1264 1356/1010/1265 1355/1011/1265
f 1318/984/1266 1319/983/1267 1383/983/1268 1382/984/1268
f 1305/997/1269 1306/996/1270 1370/1019/1271 1369/1018/1271
f 1292/1010/1272 1293/1009/1273 1357/1009/1274 1356/1010/1274
f 1319/983/1275 1320/982/1276 1384/982/1277 1383/983/1277
f 1306/996/1278 1307/995/1279 1371/1020/1280 1370/1019/1280
f 1293/1009/1281 1294/1008/1282 1358/1008/1283 1357/1009/1283
f 1320/982/1284 1290/981/1285 1354/981/1286 1384/982/1286
f 1307/995/1287 1308/994/1288 1372/994/1289 1371/1020/1289
f 1294/1008/1290 1295/1007/1291 1359/1007/1292 1358/1008/1292
f 1308/994/1293 1309/993/1294 1373/993/1295 1372/994/1295
f 1295/1007/1296 1296/1006/1297 1360/1006/1298 1359/1007/1298
f 1309/993/1299 1310/992/1300 1374/992/1301 1373/993/1301
f 1296/1006/1302 1297/1005/1303 1361/1005/1304 1360/1006/1304
f 1310/992/1305 1311/991/1306 1375/991/1307 1374/992/1307
f 1297/1005/1308 1298/1004/1309 1362/1004/1310 1361/1005/1310
f 1321/1021/3 1322/1015/3 1354/981/3 1353/980/3
f 1323/1022/3 1321/1021/3 1353/980/3 1355/1011/3
f 1324/1023/3 1323/1022/3 1355/1011/3 1356/1010/3
f 1325/1024/3 1324/1023/3 1356/1010/3 1357/1009/3
f 1326/1025/3 1325/1024/3 1357/1009/3 1358/1008/3
f 1327/1026/3 1326/1025/3 1358/1008/3 1359/1007/3
f 1328/1027/3 1327/1026/3 1359/1007/3 1360/1006/3
f 1329/1028/3 1328/1027/3 1360/1006/3 1361/1005/3
f 1330/1029/3 1329/1028/3 1361/1005/3 1362/1004/3
f 1331/1030/3 1330/1029/3 1362/1004/3 1363/1003/3
f 1332/1031/3 1331/1030/3 1363/1003/3 1364/1002/3
f 1333/1032/3 1332/1031/3 1364/1002/3 1365/1001/3
f 1334/1033/3 1333/1032/3 1365/1001/3 1366/1000/3
f 1335/1034/1311 1334/1033/1311 1366/1000/1311 1367/1016/1311
f 1336/1035/1312 1335/1034/1312 1367/1016/1312 1368/1017/1312
f 1337/1036/1313 1336/1035/1313 1368/1017/1313 1369/1018/1313
f 1338/1037/1314 1337/1036/1314 1369/1018/1314 1370/1019/1314
f 1339/1038/1315 1338/1037/1315 1370/1019/1315 1371/1020/1315
f 1340/1039/1316 1339/1038/1316 1371/1020/1316 1372/994/1316
f 1341/1040/3 1340/1039/3 1372/994/3 1373/993/3
f 1342/1041/3 1341/1040/3 1373/993/3 1374/992/3
f 1343/1042/3 1342/1041/3 1374/992/3 1375/991/3
f 1344/1043/3 1343/1042/3 1375/991/3 1376/990/3
f 1345/1044/3 1344/1043/3 1376/990/3 1377/989/3
f 1346/1045/3 1345/1044/3 1377/989/3 1378/988/3
f 1347/1046/3 1346/1045/3 1378/988/3 1379/987/3
f 1348/1047/3 1347/1046/3 1379/987/3 1380/986/3
f 1349/1048/3 1348/1047/3 1380/986/3 1381/985/3
f 1350/1049/3 1349/1048/3 1381/985/3 1382/984/3
f 1351/1050/3 1350/1049/3 1382/984/3 1383/983/3
f 1352/1014/3 1351/1050/3 1383/983/3 1384/982/3
f 1322/1015/3 1352/1014/3 1384/982/3 1354/981/3
f 1386/1012/1317 1385/1051/1317 1417/1052/1317 1418/1053/1317
f 1416/1013/1318 1415/1054/1318 1351/1050/1318 1352/1014/1318
f 1415/1054/1319 1414/1055/1319 1350/1049/1319 1351/1050/1319
f 1414/1055/1320 1413/1056/1320 1349/1048/1320 1350/1049/1320
f 1413/1056/1321 1412/1057/1322 1348/1047/1321 1349/1048/1321
f 1412/1057/1323 1411/1058/1324 1347/1046/1324 1348/1047/1324
f 1411/1058/1325 1410/1059/1325 1346/1045/1325 1347/1046/1325
f 1410/1059/1326 1409/1060/1326 1345/1044/1326 1346/1045/1326
f 1409/1060/1327 1408/1061/1327 1344/1043/1327 1345/1044/1327
f 1408/1061/1328 1407/1062/1328 1343/1042/1328 1344/1043/1328
f 1407/1062/1329 1406/1063/1329 1342/1041/1329 1343/1042/1329
f 1406/1063/1330 1405/1064/1330 1341/1040/1330 1342/1041/1330
f 1405/1064/1331 1404/1065/1331 1340/1039/1331 1341/1040/1331
f 1404/1065/1332 1403/1066/1332 1339/1038/1332 1340/1039/1332
f 1403/1066/1333 1402/1067/1333 1338/1037/1333 1339/1038/1333
f 1402/1067/1334 1401/1068/1334 1337/1036/1334 1338/1037/1334
f 1401/1068/1335 1400/1069/1335 1336/1035/1335 1337/1036/1335
f 1400/1069/1336 1399/1070/1336 1335/1034/1336 1336/1035/1336
f 1399/1070/1337 1398/1071/1337 1334/1033/1337 1335/1034/1337
f 1398/1071/1338 1397/1072/1338 1333/1032/1338 1334/1033/1338
f 1397/1072/1339 1396/1073/1339 1332/1031/1339 1333/1032/1339
f 1396/1073/1340 1395/1074/1340 1331/1030/1340 1332/1031/1340
f 1395/1074/1341 1394/1075/1341 1330/1029/1341 1331/1030/1341
f 1394/1075/1342 1393/1076/1342 1329/1028/1342 1330/1029/1342
f 1393/1076/1343 1392/1077/1343 1328/1027/1343 1329/1028/1343
f 1392/1077/1344 1391/1078/1344 1327/1026/1344 1328/1027/1344
f 1391/1078/1345 1390/1079/1345 1326/1025/1345 1327/1026/1345
f 1390/1079/1346 1389/1080/1346 1325/1024/1346 1326/1025/1346
f 1389/1080/1347 1388/1081/1347 1324/1023/1347 1325/1024/1347
f 1388/1081/1348 1387/1082/1348 1323/1022/1348 1324/1023/1348
f 1387/1082/1349 1385/1051/1349 1321/1021/1349 1323/1022/1349
f 1385/1051/1350 1386/1012/1350 1322/1015/1350 1321/1021/1350
f 1412/1057/1351 1413/1056/1352 1445/1083/1352 1444/1084/1352
f 1399/1070/1353 1400/1069/1353 1432/1085/1353 1431/1086/1353
f 1385/1051/1354 1387/1082/1354 1419/1087/1354 1417/1052/1354
f 1413/1056/1355 1414/1055/1355 1446/1088/1355 1445/1083/1355
f 1400/1069/1356 1401/1068/1356 1433/1089/1356 1432/1085/1356
f 1387/1082/1357 1388/1081/1357 1420/1090/1357 1419/1087/1357
f 1414/1055/1358 1415/1054/1358 1447/1091/1358 1446/1088/1358
f 1401/1068/1359 1402/1067/1359 1434/1092/1359 1433/1089/1359
f 1388/1081/1360 1389/1080/1360 1421/1093/1360 1420/1090/1360
f 1415/1054/1361 1416/1013/1361 1448/1094/1361 1447/1091/1361
f 1402/1067/1362 1403/1066/1362 1435/1095/1362 1434/1092/1362
f 1389/1080/1363 1390/1079/1363 1422/1096/1363 1421/1093/1363
f 1416/1013/1364 1386/1012/1364 1418/1053/1364 1448/1094/1364
f 1403/1066/1365 1404/1065/1365 1436/1097/1365 1435/1095/1365
f 1390/1079/1366 1391/1078/1366 1423/1098/1366 1422/1096/1366
f 1404/1065/1367 1405/1064/1367 1437/1099/1367 1436/1097/1367
f 1391/1078/1368 1392/1077/1368 1424/1100/1368 1423/1098/1368
f 1405/1064/1369 1406/1063/1369 1438/1101/1369 1437/1099/1369
f 1392/1077/1370 1393/1076/1370 1425/1102/1370 1424/1100/1370
f 1406/1063/1371 1407/1062/1371 1439/1103/1371 1438/1101/1371
f 1393/1076/1372 1394/1075/1372 1426/1104/1372 1425/1102/1372
f 1407/1062/1373 1408/1061/1373 1440/1105/1373 1439/1103/1373
f 1394/1075/1374 1395/1074/1374 1427/1106/1374 1426/1104/1374
f 1408/1061/1375 1409/1060/1375 1441/1107/1375 1440/1105/1375
f 1395/1074/1376 1396/1073/1376 1428/1108/1376 1427/1106/1376
f 1409/1060/1377 1410/1059/1377 1442/1109/1377 1441/1107/1377
f 1396/1073/1378 1397/1072/1378 1429/1110/1378 1428/1108/1378
f 1410/1059/1379 1411/1058/1379 1443/1111/1379 1442/1109/1379
f 1397/1072/1380 1398/1071/1380 1430/1112/1380 1429/1110/1380
f 1411/1058/1381 1412/1057/1382 1444/1084/1381 1443/1111/1381
f 1398/1071/1383 1399/1070/1383 1431/1086/1383 1430/1112/1383
f 1479/1113/1384 1480/1114/1384 1512/1114/1384 1511/1113/1384
f 1501/1115/1385 1502/1116/1385 1534/1117/1385 1533/1118/1385
f 1466/1119/1386 1467/1120/1386 1499/1120/1386 1498/1119/1386
f 1453/1121/1387 1454/1122/1387 1486/1122/1387 1485/1121/1387
f 1480/1114/1388 1450/1123/1388 1482/1123/1388 1512/1114/1388
f 1467/1120/1389 1468/1124/1389 1500/1124/1389 1499/1120/1389
f 1454/1122/1390 1455/1125/1390 1487/1125/1390 1486/1122/1390
f 1468/1124/1391 1469/1115/1391 1501/1115/1391 1500/1124/1391
f 1455/1125/1392 1456/1126/1392 1488/1126/1392 1487/1125/1392
f 1469/1115/1393 1470/1116/1393 1502/1116/1393 1501/1115/1393
f 1456/1126/1394 1457/1127/1394 1489/1127/1394 1488/1126/1394
f 1470/1116/1395 1471/1128/1395 1503/1128/1395 1502/1116/1395
f 1457/1127/1396 1458/1129/1396 1490/1129/1396 1489/1127/1396
f 1471/1128/1397 1472/1130/1397 1504/1130/1397 1503/1128/1397
f 1458/1129/1398 1459/1131/1398 1491/1131/1398 1490/1129/1398
f 1472/1130/1223 1473/1132/1223 1505/1132/1223 1504/1130/1223
f 1459/1131/1399 1460/1133/1399 1492/1133/1399 1491/1131/1399
f 1473/1132/1400 1474/1134/1400 1506/1134/1400 1505/1132/1400
f 1460/1133/1232 1461/1135/1232 1493/1135/1232 1492/1133/1232
f 1474/1134/1401 1475/1136/1401 1507/1136/1401 1506/1134/1401
f 1461/1135/1238 1462/1137/1238 1494/1137/1238 1493/1135/1238
f 1475/1136/1241 1476/1138/1241 1508/1138/1241 1507/1136/1241
f 1462/1137/1402 1463/1139/1402 1495/1139/1402 1494/1137/1402
f 1450/1123/1403 1449/1140/1403 1481/1140/1403 1482/1123/1403
f 1476/1138/1404 1477/1141/1404 1509/1141/1404 1508/1138/1404
f 1463/1139/1405 1464/1142/1405 1496/1142/1405 1495/1139/1405
f 1449/1140/1406 1451/1143/1406 1483/1143/1406 1481/1140/1406
f 1477/1141/1259 1478/1144/1259 1510/1144/1259 1509/1141/1259
f 1464/1142/1407 1465/1145/1407 1497/1145/1407 1496/1142/1407
f 1451/1143/1408 1452/1146/1408 1484/1146/1408 1483/1143/1408
f 1478/1144/1409 1479/1113/1409 1511/1113/1409 1510/1144/1409
f 1465/1145/1410 1466/1119/1410 1498/1119/1410 1497/1145/1410
f 1452/1146/1274 1453/1121/1274 1485/1121/1274 1484/1146/1274
f 1536/1147/1411 1537/1148/1411 1569/1149/1411 1568/1150/1411
f 1488/1126/1385 1489/1127/1385 1521/1151/1385 1520/1152/1385
f 1502/1116/1385 1503/1128/1385 1535/1153/1385 1534/1117/1385
f 1489/1127/1385 1490/1129/1385 1522/1154/1385 1521/1151/1385
f 1503/1128/1385 1504/1130/1385 1536/1147/1385 1535/1153/1385
f 1490/1129/1385 1491/1131/1385 1523/1155/1385 1522/1154/1385
f 1504/1130/1385 1505/1132/1385 1537/1148/1385 1536/1147/1385
f 1491/1131/1385 1492/1133/1385 1524/1156/1385 1523/1155/1385
f 1505/1132/1385 1506/1134/1385 1538/1157/1385 1537/1148/1385
f 1492/1133/1385 1493/1135/1385 1525/1158/1385 1524/1156/1385
f 1506/1134/1385 1507/1136/1385 1539/1159/1385 1538/1157/1385
f 1493/1135/1385 1494/1137/1385 1526/1160/1385 1525/1158/1385
f 1507/1136/1385 1508/1138/1385 1540/1161/1385 1539/1159/1385
f 1494/1137/1385 1495/1139/1385 1527/1162/1385 1526/1160/1385
f 1482/1123/1385 1481/1140/1385 1513/1163/1385 1514/1164/1385
f 1508/1138/1385 1509/1141/1385 1541/1165/1385 1540/1161/1385
f 1495/1139/1385 1496/1142/1385 1528/1166/1385 1527/1162/1385
f 1481/1140/1385 1483/1143/1385 1515/1167/1385 1513/1163/1385
f 1509/1141/1385 1510/1144/1385 1542/1168/1385 1541/1165/1385
f 1496/1142/1385 1497/1145/1385 1529/1169/1385 1528/1166/1385
f 1483/1143/1385 1484/1146/1385 1516/1170/1385 1515/1167/1385
f 1510/1144/1385 1511/1113/1385 1543/1171/1385 1542/1168/1385
f 1497/1145/1385 1498/1119/1385 1530/1172/1385 1529/1169/1385
f 1484/1146/1385 1485/1121/1385 1517/1173/1385 1516/1170/1385
f 1511/1113/1385 1512/1114/1385 1544/1174/1385 1543/1171/1385
f 1498/1119/1385 1499/1120/1385 1531/1175/1385 1530/1172/1385
f 1485/1121/1385 1486/1122/1385 1518/1176/1385 1517/1173/1385
f 1512/1114/1385 1482/1123/1385 1514/1164/1385 1544/1174/1385
f 1499/1120/1385 1500/1124/1385 1532/1177/1385 1531/1175/1385
f 1486/1122/1385 1487/1125/1385 1519/1178/1385 1518/1176/1385
f 1500/1124/1385 1501/1115/1385 1533/1118/1385 1532/1177/1385
f 1487/1125/1385 1488/1126/1385 1520/1152/1385 1519/1178/1385
f 1545/1179/1412 1547/1180/1412 1548/1181/1412 1549/1182/1412 1550/1183/1412 1551/1184/1412 1552/1185/1412 1553/1186/1412 1554/1187/1412 1555/1188/1412 1556/1189/1412 1557/1190/1412 1558/1191/1412 1559/1192/1412 1560/1193/1412 1561/1194/1412 1562/1195/1412 1563/1196/1412 1564/1197/1412 1565/1198/1412 1566/1199/1412 1567/1200/1412 1568/1150/1412 1569/1149/1412 1570/1201/1412 1571/1202/1412 1572/1203/1412 1573/1204/1412 1574/1205/1412 1575/1206/1412 1576/1207/1412 1546/1208/1412
f 1523/1155/1413 1524/1156/1413 1556/1189/1413 1555/1188/1413
f 1537/1148/1414 1538/1157/1414 1570/1201/1414 1569/1149/1414
f 1524/1156/1415 1525/1158/1415 1557/1190/1415 1556/1189/1415
f 1538/1157/1416 1539/1159/1416 1571/1202/1416 1570/1201/1416
f 1525/1158/1417 1526/1160/1417 1558/1191/1417 1557/1190/1417
f 1539/1159/1418 1540/1161/1418 1572/1203/1418 1571/1202/1418
f 1526/1160/1419 1527/1162/1419 1559/1192/1419 1558/1191/1419
f 1514/1164/1420 1513/1163/1420 1545/1179/1420 1546/1208/1420
f 1540/1161/1421 1541/1165/1421 1573/1204/1421 1572/1203/1421
f 1527/1162/1422 1528/1166/1422 1560/1193/1422 1559/1192/1422
f 1513/1163/1423 1515/1167/1423 1547/1180/1423 1545/1179/1423
f 1541/1165/1424 1542/1168/1424 1574/1205/1424 1573/1204/1424
f 1528/1166/1425 1529/1169/1425 1561/1194/1425 1560/1193/1425
f 1515/1167/1426 1516/1170/1426 1548/1181/1426 1547/1180/1426
f 1542/1168/1427 1543/1171/1427 1575/1206/1427 1574/1205/1427
f 1529/1169/1428 1530/1172/1428 1562/1195/1428 1561/1194/1428
f 1516/1170/1429 1517/1173/1429 1549/1182/1429 1548/1181/1429
f 1543/1171/1430 1544/1174/1430 1576/1207/1430 1575/1206/1430
f 1530/1172/1431 1531/1175/1431 1563/1196/1431 1562/1195/1431
f 1517/1173/1432 1518/1176/1432 1550/1183/1432 1549/1182/1432
f 1544/1174/1433 1514/1164/1433 1546/1208/1433 1576/1207/1433
f 1531/1175/1434 1532/1177/1434 1564/1197/1434 1563/1196/1434
f 1518/1176/1435 1519/1178/1435 1551/1184/1435 1550/1183/1435
f 1532/1177/1436 1533/1118/1436 1565/1198/1436 1564/1197/1436
f 1519/1178/1437 1520/1152/1437 1552/1185/1437 1551/1184/1437
f 1533/1118/1438 1534/1117/1438 1566/1199/1438 1565/1198/1438
f 1520/1152/1439 1521/1151/1439 1553/1186/1439 1552/1185/1439
f 1534/1117/1440 1535/1153/1440 1567/1200/1440 1566/1199/1440
f 1521/1151/1441 1522/1154/1441 1554/1187/1441 1553/1186/1441
f 1535/1153/1442 1536/1147/1442 1568/1150/1442 1567/1200/1442
f 1522/1154/1443 1523/1155/1443 1555/1188/1443 1554/1187/1443
f 1480/1114/1444 1479/1113/1444 1585/1209/1444 1582/1210/1444
f 1450/1123/1445 1480/1114/1445 1582/1210/1445 1577/1211/1445
f 1479/1113/1446 1478/1144/1446 1588/1212/1446 1585/1209/1446
f 1478/1144/1447 1477/1141/1447 1591/1213/1447 1588/1212/1447
f 1477/1141/1448 1476/1138/1448 1594/1214/1449 1591/1213/1448
f 1476/1138/1450 1475/1136/1450 1597/1215/1450 1594/1214/1451
f 1475/1136/1452 1474/1134/1452 1600/1216/1452 1597/1215/1452
f 1474/1134/1453 1473/1132/1453 1603/1217/1453 1600/1216/1453
f 1473/1132/1454 1472/1130/1454 1606/1218/1454 1603/1217/1454
f 1472/1130/1455 1471/1128/1455 1609/1219/1455 1606/1218/1455
f 1471/1128/1456 1470/1116/1456 1612/1220/1456 1609/1219/1456
f 1470/1116/1457 1469/1115/1457 1615/1221/1457 1612/1220/1457
f 1469/1115/1458 1468/1124/1458 1618/1222/1458 1615/1221/1458
f 1468/1124/1459 1467/1120/1459 1621/1223/1459 1618/1222/1459
f 1467/1120/1460 1466/1119/1460 1624/1224/1460 1621/1223/1460
f 1466/1119/1461 1465/1145/1461 1627/1225/1461 1624/1224/1461
f 1465/1145/1462 1464/1142/1462 1630/1226/1462 1627/1225/1462
f 1464/1142/1463 1463/1139/1463 1633/1227/1463 1630/1226/1463
f 1463/1139/1464 1462/1137/1464 1636/1228/1464 1633/1227/1464
f 1462/1137/1465 1461/1135/1465 1639/1229/1465 1636/1228/1465
f 1461/1135/1466 1460/1133/1466 1642/1230/1466 1639/1229/1466
f 1460/1133/1467 1459/1131/1467 1645/1231/1467 1642/1230/1467
f 1459/1131/1468 1458/1129/1468 1648/1232/1468 1645/1231/1468
f 1458/1129/1469 1457/1127/1469 1651/1233/1469 1648/1232/1469
f 1457/1127/1470 1456/1126/1470 1654/1234/1470 1651/1233/1470
f 1456/1126/1471 1455/1125/1471 1657/1235/1471 1654/1234/1471
f 1455/1125/1472 1454/1122/1472 1660/1236/1472 1657/1235/1472
f 1454/1122/1473 1453/1121/1473 1663/1237/1473 1660/1236/1473
f 1453/1121/1474 1452/1146/1474 1666/1238/1474 1663/1237/1474
f 1452/1146/1475 1451/1143/1475 1669/1239/1475 1666/1238/1475
f 1451/1143/1476 1449/1140/1476 1672/1240/1476 1669/1239/1476
f 1449/1140/1477 1450/1123/1477 1577/1211/1477 1672/1240/1477
f 1577/1211/1478 1582/1210/1478 1581/1241/1478 1578/1242/1478
f 1578/1242/1479 1581/1241/1479 1580/1243/1479 1579/1244/1479
f 1579/1244/1480 1580/1243/1480 1448/1094/1480 1418/1053/1480
f 1582/1210/1481 1585/1209/1481 1584/1245/1481 1581/1241/1481
f 1581/1241/1482 1584/1245/1482 1583/1246/1482 1580/1243/1482
f 1580/1243/1483 1583/1246/1483 1447/1091/1483 1448/1094/1483
f 1585/1209/1484 1588/1212/1484 1587/1247/1484 1584/1245/1484
f 1584/1245/1485 1587/1247/1485 1586/1248/1485 1583/1246/1485
f 1583/1246/1486 1586/1248/1486 1446/1088/1486 1447/1091/1486
f 1588/1212/1487 1591/1213/1487 1590/1249/1487 1587/1247/1487
f 1587/1247/1488 1590/1249/1488 1589/1250/1488 1586/1248/1488
f 1586/1248/1489 1589/1250/1489 1445/1083/1489 1446/1088/1489
f 1591/1213/1490 1594/1214/1491 1593/1251/1490 1590/1249/1490
f 1590/1249/1492 1593/1251/1492 1592/1252/1492 1589/1250/1492
f 1589/1250/1493 1592/1252/1493 1444/1084/1493 1445/1083/1493
f 1594/1214/1494 1597/1215/1495 1596/1253/1495 1593/1251/1495
f 1593/1251/1496 1596/1253/1496 1595/1254/1496 1592/1252/1496
f 1592/1252/1497 1595/1254/1497 1443/1111/1497 1444/1084/1497
f 1597/1215/1498 1600/1216/1498 1599/1255/1498 1596/1253/1498
f 1596/1253/1499 1599/1255/1499 1598/1256/1499 1595/1254/1499
f 1595/1254/1500 1598/1256/1500 1442/1109/1500 1443/1111/1500
f 1600/1216/1501 1603/1217/1501 1602/1257/1501 1599/1255/1501
f 1599/1255/1502 1602/1257/1502 1601/1258/1502 1598/1256/1502
f 1598/1256/1503 1601/1258/1503 1441/1107/1503 1442/1109/1503
f 1603/1217/1504 1606/1218/1504 1605/1259/1504 1602/1257/1504
f 1602/1257/1505 1605/1259/1505 1604/1260/1505 1601/1258/1505
f 1601/1258/1506 1604/1260/1506 1440/1105/1506 1441/1107/1506
f 1606/1218/1507 1609/1219/1507 1608/1261/1507 1605/1259/1507
f 1605/1259/1508 1608/1261/1508 1607/1262/1508 1604/1260/1508
f 1604/1260/1509 1607/1262/1509 1439/1103/1509 1440/1105/1509
f 1609/1219/1510 1612/1220/1510 1611/1263/1510 1608/1261/1510
f 1608/1261/1511 1611/1263/1511 1610/1264/1511 1607/1262/1511
f 1607/1262/1512 1610/1264/1512 1438/1101/1512 1439/1103/1512
f 1612/1220/1513 1615/1221/1513 1614/1265/1513 1611/1263/1513
f 1611/1263/1514 1614/1265/1514 1613/1266/1514 1610/1264/1514
f 1610/1264/1515 1613/1266/1515 1437/1099/1515 1438/1101/1515
f 1615/1221/1516 1618/1222/1516 1617/1267/1516 1614/1265/1516
f 1614/1265/1517 1617/1267/1517 1616/1268/1517 1613/1266/1517
f 1613/1266/1518 1616/1268/1518 1436/1097/1518 1437/1099/1518
f 1618/1222/1519 1621/1223/1519 1620/1269/1519 1617/1267/1519
f 1617/1267/1520 1620/1269/1520 1619/1270/1520 1616/1268/1520
f 1616/1268/1521 1619/1270/1521 1435/1095/1521 1436/1097/1521
f 1621/1223/1522 1624/1224/1522 1623/1271/1522 1620/1269/1522
f 1620/1269/1523 1623/1271/1523 1622/1272/1523 1619/1270/1523
f 1619/1270/1524 1622/1272/1524 1434/1092/1524 1435/1095/1524
f 1624/1224/1525 1627/1225/1525 1626/1273/1525 1623/1271/1525
f 1623/1271/1526 1626/1273/1526 1625/1274/1526 1622/1272/1526
f 1622/1272/1527 1625/1274/1527 1433/1089/1527 1434/1092/1527
f 1627/1225/1528 1630/1226/1528 1629/1275/1528 1626/1273/1528
f 1626/1273/1529 1629/1275/1529 1628/1276/1529 1625/1274/1529
f 1625/1274/1530 1628/1276/1530 1432/1085/1530 1433/1089/1530
f 1630/1226/1531 1633/1227/1531 1632/1277/1531 1629/1275/1531
f 1629/1275/1532 1632/1277/1532 1631/1278/1532 1628/1276/1532
f 1628/1276/1533 1631/1278/1533 1431/1086/1533 1432/1085/1533
f 1633/1227/1534 1636/1228/1534 1635/1279/1534 1632/1277/1534
f 1632/1277/1535 1635/1279/1535 1634/1280/1535 1631/1278/1535
f 1631/1278/1536 1634/1280/1536 1430/1112/1536 1431/1086/1536
f 1636/1228/1537 1639/1229/1537 1638/1281/1537 1635/1279/1537
f 1635/1279/1538 1638/1281/1538 1637/1282/1538 1634/1280/1538
f 1634/1280/1539 1637/1282/1539 1429/1110/1539 1430/1112/1539
f 1639/1229/1540 1642/1230/1540 1641/1283/1540 1638/1281/1540
f 1638/1281/1541 1641/1283/1541 1640/1284/1541 1637/1282/1541
f 1637/1282/1542 1640/1284/1542 1428/1108/1542 1429/1110/1542
f 1642/1230/1543 1645/1231/1543 1644/1285/1543 1641/1283/1543
f 1641/1283/1544 1644/1285/1544 1643/1286/1544 1640/1284/1544
f 1640/1284/1545 1643/1286/1545 1427/1106/1545 1428/1108/1545
f 1645/1231/1546 1648/1232/1546 1647/1287/1546 1644/1285/1546
f 1644/1285/1547 1647/1287/1547 1646/1288/1547 1643/1286/1547
f 1643/1286/1548 1646/1288/1548 1426/1104/1548 1427/1106/1548
f 1648/1232/1549 1651/1233/1549 1650/1289/1549 1647/1287/1549
f 1647/1287/1550 1650/1289/1550 1649/1290/1550 1646/1288/1550
f 1646/1288/1551 1649/1290/1551 1425/1102/1551 1426/1104/1551
f 1651/1233/1552 1654/1234/1552 1653/1291/1552 1650/1289/1552
f 1650/1289/1553 1653/1291/1553 1652/1292/1553 1649/1290/1553
f 1649/1290/1554 1652/1292/1554 1424/1100/1554 1425/1102/1554
f 1654/1234/1555 1657/1235/1555 1656/1293/1555 1653/1291/1555
f 1653/1291/1556 1656/1293/1556 1655/1294/1556 1652/1292/1556
f 1652/1292/1557 1655/1294/1557 1423/1098/1557 1424/1100/1557
f 1657/1235/1558 1660/1236/1558 1659/1295/1558 1656/1293/1558
f 1656/1293/1559 1659/1295/1559 1658/1296/1559 1655/1294/1559
f 1655/1294/1560 1658/1296/1560 1422/1096/1560 1423/1098/1560
f 1660/1236/1561 1663/1237/1561 1662/1297/1562 1659/1295/1561
f 1659/1295/1563 1662/1297/1564 1661/1298/1563 1658/1296/1563
f 1658/1296/1565 1661/1298/1565 1421/1093/1565 1422/1096/1565
f 1663/1237/1566 1666/1238/1566 1665/1299/1566 1662/1297/1567
f 1662/1297/1568 1665/1299/1569 1664/1300/1569 1661/1298/1569
f 1661/1298/1570 1664/1300/1570 1420/1090/1570 1421/1093/1570
f 1666/1238/1571 1669/1239/1571 1668/1301/1572 1665/1299/1571
f 1665/1299/1573 1668/1301/1574 1667/1302/1573 1664/1300/1573
f 1664/1300/1575 1667/1302/1575 1419/1087/1575 1420/1090/1575
f 1669/1239/1576 1672/1240/1576 1671/1303/1576 1668/1301/1577
f 1668/1301/1578 1671/1303/1579 1670/1304/1579 1667/1302/1579
f 1667/1302/1580 1670/1304/1580 1417/1052/1580 1419/1087/1580
f 1672/1240/1581 1577/1211/1581 1578/1242/1581 1671/1303/1581
f 1671/1303/1582 1578/1242/1582 1579/1244/1582 1670/1304/1582
f 1670/1304/1583 1579/1244/1583 1418/1053/1583 1417/1052/1583
s 1
usemtl legs
f 1674/1305/1584 1676/1305/1584 1679/1305/1584 1677/1305/1584
f 1678/1305/1585 1680/1305/1585 1675/1305/1585 1673/1305/1585
f 1678/1305/4 1673/1305/4 1674/1305/4 1677/1305/4
f 1679/1305/3 1676/1305/3 1675/1305/3 1680/1305/3
f 1677/1305/12 1679/1305/12 1680/1305/12 1678/1305/12
f 1673/1305/10 1675/1305/10 1676/1305/10 1674/1305/10
