# Blender 4.3.2
# www.blender.org
mtllib legs3.mtl
o groundhot_legs_temp
v -61.034061 11.420387 -4.699402
v -60.249184 11.420387 7.829442
v -61.034061 12.069851 -4.699402
v -60.249184 12.069851 7.829442
v -72.448410 11.420386 8.593637
v -73.233261 11.420386 -3.935187
v -72.448410 12.069850 8.593637
v -73.233261 12.069850 -3.935187
v -88.601318 4.576689 -14.435764
v -88.773880 4.576689 -14.142502
v -88.885895 4.576689 -13.821323
v -88.933075 4.576689 -13.484455
v -88.913589 4.576689 -13.144882
v -88.828247 4.576689 -12.815594
v -88.680344 4.576689 -12.509277
v -88.475494 4.576689 -12.237722
v -88.221642 4.576689 -12.011242
v -87.928421 4.576689 -11.838796
v -87.607239 4.576689 -11.726781
v -87.270348 4.576689 -11.679582
v -86.930740 4.576689 -11.699002
v -86.601486 4.576689 -11.784280
v -86.295174 4.576689 -11.932185
v -86.023590 4.576689 -12.137010
v -85.797150 4.576689 -12.390988
v -85.624641 4.576689 -12.684117
v -85.512657 4.576689 -13.005316
v -85.465477 4.576689 -13.342182
v -85.484856 4.576689 -13.681850
v -85.570190 4.576689 -14.011137
v -85.718124 4.576689 -14.317474
v -85.922974 4.576689 -14.589029
v -86.176888 4.576689 -14.815376
v -86.470047 4.576689 -14.987955
v -86.791229 4.576689 -15.099972
v -87.128098 4.576689 -15.147150
v -87.467705 4.576689 -15.127729
v -87.797058 4.576689 -15.042358
v -88.103378 4.576689 -14.894453
v -88.374939 4.576689 -14.689608
v -88.773880 4.576689 -14.142502
v -88.601318 4.576689 -14.435764
v -88.885895 4.576689 -13.821323
v -88.933075 4.576689 -13.484455
v -88.913589 4.576689 -13.144882
v -88.828247 4.576689 -12.815594
v -88.680344 4.576689 -12.509277
v -88.475494 4.576689 -12.237722
v -88.221642 4.576689 -12.011242
v -87.928421 4.576689 -11.838796
v -87.607239 4.576689 -11.726781
v -87.270348 4.576689 -11.679582
v -86.930740 4.576689 -11.699002
v -86.601486 4.576689 -11.784280
v -86.295174 4.576689 -11.932185
v -86.023590 4.576689 -12.137010
v -85.797150 4.576689 -12.390988
v -85.624641 4.576689 -12.684117
v -85.512657 4.576689 -13.005316
v -85.465477 4.576689 -13.342182
v -85.484856 4.576689 -13.681850
v -85.570190 4.576689 -14.011137
v -85.718124 4.576689 -14.317474
v -85.922974 4.576689 -14.589029
v -86.176888 4.576689 -14.815376
v -86.470047 4.576689 -14.987955
v -86.791229 4.576689 -15.099972
v -87.128098 4.576689 -15.147150
v -87.467705 4.576689 -15.127729
v -87.797058 4.576689 -15.042358
v -88.103378 4.576689 -14.894453
v -88.374939 4.576689 -14.689608
v -88.095757 5.177835 -13.828503
v -87.997490 5.177835 -13.995457
v -88.159500 5.177835 -13.645628
v -88.186371 5.177835 -13.453841
v -88.175255 5.177835 -13.260535
v -88.126755 5.177835 -13.072958
v -88.042511 5.177835 -12.898600
v -87.925926 5.177835 -12.743941
v -87.781311 5.177835 -12.615099
v -87.614456 5.177835 -12.516817
v -87.431564 5.177835 -12.453096
v -87.239769 5.177835 -12.426177
v -87.046341 5.177835 -12.437340
v -86.858917 5.177835 -12.485871
v -86.684502 5.177835 -12.570068
v -86.525574 5.179371 -12.683536
v -86.392517 5.180822 -12.825126
v -86.298470 5.179371 -12.994981
v -86.239021 5.177835 -13.180992
v -86.212181 5.177835 -13.372798
v -86.223190 5.177835 -13.566196
v -86.271774 5.177835 -13.753660
v -86.356041 5.177835 -13.928040
v -86.472626 5.177835 -14.082699
v -86.617126 5.177835 -14.211634
v -86.784096 5.177835 -14.309820
v -86.966995 5.177835 -14.373541
v -87.158760 5.177835 -14.400440
v -87.352097 5.177835 -14.389391
v -87.539635 5.177835 -14.340769
v -87.714020 5.177835 -14.256550
v -87.868652 5.177835 -14.139948
v -88.773880 5.177835 -14.142502
v -88.601318 5.177835 -14.435764
v -88.885895 5.177835 -13.821323
v -88.933075 5.177835 -13.484455
v -88.913589 5.177835 -13.144882
v -88.828247 5.177835 -12.815594
v -88.680344 5.177835 -12.509277
v -88.475494 5.177835 -12.237722
v -88.221642 5.177835 -12.011242
v -87.928421 5.177835 -11.838796
v -87.607239 5.177835 -11.726781
v -87.270348 5.177835 -11.679582
v -86.930740 5.177835 -11.699002
v -86.601486 5.177835 -11.784280
v -86.277977 5.185291 -11.920519
v -85.981911 5.222713 -12.114819
v -85.753708 5.246048 -12.359305
v -85.590775 5.222713 -12.651213
v -85.496208 5.185291 -12.992624
v -85.465477 5.177835 -13.342182
v -85.484856 5.177835 -13.681850
v -85.570190 5.177835 -14.011137
v -85.718124 5.177835 -14.317474
v -85.922974 5.177835 -14.589029
v -86.176888 5.177835 -14.815376
v -86.470047 5.177835 -14.987955
v -86.791229 5.177835 -15.099972
v -87.128098 5.177835 -15.147150
v -87.467705 5.177835 -15.127729
v -87.797058 5.177835 -15.042358
v -88.103378 5.177835 -14.894453
v -88.374939 5.177835 -14.689608
v -86.249352 8.378166 -12.447206
v -86.121643 8.399708 -12.627606
v -86.367058 8.314377 -12.270166
v -86.470428 8.210787 -12.103093
v -86.555290 8.071377 -11.952545
v -86.618454 7.901501 -11.824400
v -86.657593 7.707691 -11.723254
v -86.671066 7.497398 -11.653312
v -86.658401 7.278702 -11.617190
v -86.620132 7.060003 -11.616168
v -86.557655 6.849709 -11.650379
v -86.473328 6.655903 -11.718575
v -86.370590 6.486031 -11.817865
v -86.253227 6.346615 -11.944710
v -86.125725 6.243027 -12.094188
v -85.993179 6.179234 -12.260406
v -85.860458 6.157696 -12.437148
v -85.732834 6.179234 -12.617434
v -85.615013 6.243027 -12.794567
v -85.511757 6.346615 -12.961547
v -85.426865 6.486031 -13.112074
v -85.363655 6.655903 -13.240355
v -85.324585 6.849709 -13.341384
v -85.311111 7.060003 -13.411328
v -85.323784 7.278702 -13.447451
v -85.362045 7.497398 -13.448473
v -85.424530 7.707691 -13.414260
v -85.508781 7.901501 -13.346179
v -85.611557 8.071377 -13.246754
v -85.728958 8.210787 -13.119928
v -85.856354 8.314377 -12.970544
v -85.989014 8.378166 -12.804234
v -72.172943 10.323442 -2.279141
v -72.023811 10.365379 -2.510414
v -72.308525 10.226744 -2.050722
v -72.434486 10.093840 -1.841122
v -72.540062 9.920395 -1.653841
v -72.618736 9.709045 -1.494244
v -72.667343 9.467922 -1.368578
v -72.684143 9.206282 -1.281509
v -72.668388 8.934193 -1.236508
v -72.620758 8.662100 -1.235287
v -72.542992 8.400463 -1.277900
v -72.438202 8.159338 -1.362598
v -72.310272 7.947989 -1.486277
v -72.164261 7.774542 -1.644079
v -72.005745 7.645658 -1.829934
v -71.840759 7.566292 -2.036738
v -71.675697 7.539494 -2.256575
v -71.516769 7.566292 -2.481055
v -71.370300 7.645658 -2.701363
v -71.241806 7.774542 -2.909114
v -71.136200 7.947989 -3.096374
v -71.057556 8.159338 -3.255991
v -71.008942 8.400463 -3.381657
v -70.992149 8.662100 -3.468727
v -71.007874 8.934193 -3.513707
v -71.055534 9.206287 -3.514949
v -71.133301 9.467922 -3.472336
v -71.238091 9.709045 -3.387637
v -71.365997 9.920395 -3.263937
v -71.512032 10.093840 -3.106156
v -71.673088 10.226744 -2.922150
v -71.849121 10.323442 -2.723231
v -71.401741 10.690803 -1.666163
v -71.240784 10.690438 -1.939614
v -71.506180 10.691890 -1.366686
v -71.550247 10.693650 -1.052514
v -71.532082 10.696015 -0.735898
v -71.452606 10.698900 -0.428860
v -71.314682 10.702190 -0.143265
v -71.123711 10.705763 0.109973
v -70.887070 10.709478 0.321107
v -70.613693 10.713195 0.481871
v -70.314194 10.716763 0.586281
v -70.000137 10.720053 0.630267
v -69.683472 10.722940 0.612094
v -69.376495 10.725307 0.532574
v -69.090805 10.727069 0.394587
v -68.837601 10.728149 0.203593
v -68.626442 10.728516 -0.033254
v -68.465576 10.728149 -0.306592
v -68.361137 10.727069 -0.606068
v -68.317093 10.725308 -0.920261
v -68.335236 10.722941 -1.236856
v -68.414742 10.720054 -1.543915
v -68.552635 10.716763 -1.829490
v -68.743607 10.713196 -2.082727
v -68.980247 10.709479 -2.293861
v -69.253624 10.705764 -2.454626
v -69.553116 10.702191 -2.559036
v -69.867172 10.698900 -2.603021
v -70.183838 10.696015 -2.584848
v -70.490852 10.693650 -2.505349
v -70.776505 10.691890 -2.367341
v -71.029716 10.690803 -2.176348
v -71.401741 11.185499 -1.666163
v -71.240784 11.185134 -1.939614
v -71.506180 11.186585 -1.366686
v -71.550247 11.188346 -1.052514
v -71.532082 11.190707 -0.735898
v -71.452606 11.193597 -0.428860
v -71.314682 11.196887 -0.143265
v -71.123711 11.200455 0.109973
v -70.887070 11.204170 0.321107
v -70.613693 11.207885 0.481871
v -70.314194 11.211458 0.586281
v -70.000137 11.214748 0.630267
v -69.683472 11.217636 0.612094
v -69.376495 11.219999 0.532574
v -69.090805 11.221761 0.394587
v -68.837601 11.222846 0.203593
v -68.626442 11.223211 -0.033254
v -68.465576 11.222846 -0.306592
v -68.361137 11.221761 -0.606068
v -68.317093 11.220000 -0.920261
v -68.335236 11.217637 -1.236856
v -68.414742 11.214749 -1.543915
v -68.552635 11.211459 -1.829490
v -68.743607 11.207886 -2.082727
v -68.980247 11.204171 -2.293861
v -69.253624 11.200456 -2.454626
v -69.553116 11.196888 -2.559036
v -69.867172 11.193597 -2.603021
v -70.183838 11.190707 -2.584848
v -70.490852 11.188346 -2.505349
v -70.776505 11.186585 -2.367341
v -71.029716 11.185499 -2.176348
v -72.577538 11.170539 -2.210579
v -72.287819 11.169888 -2.702929
v -72.765663 11.172494 -1.671203
v -72.844940 11.175665 -1.105517
v -72.812363 11.179926 -0.535244
v -72.669182 11.185120 0.017759
v -72.420815 11.191049 0.532082
v -72.076927 11.197483 0.988115
v -71.650642 11.204170 1.368255
v -71.158371 11.210861 1.657915
v -70.619041 11.217291 1.845921
v -70.053413 11.223224 1.925157
v -69.483116 11.228424 1.892422
v -68.930183 11.232677 1.749098
v -68.415817 11.235851 1.500675
v -67.959778 11.237802 1.156659
v -67.579575 11.238458 0.730288
v -67.289856 11.237802 0.237939
v -67.101730 11.235851 -0.301438
v -67.022453 11.232677 -0.867123
v -67.055031 11.228425 -1.437397
v -67.198219 11.223225 -1.990399
v -67.446587 11.217292 -2.504722
v -67.790474 11.210862 -2.960756
v -68.216759 11.204171 -3.340896
v -68.709023 11.197484 -3.630555
v -69.248352 11.191050 -3.818562
v -69.813980 11.185130 -3.897797
v -70.384285 11.179926 -3.865062
v -70.937210 11.175665 -3.721738
v -71.451576 11.172494 -3.473316
v -71.907616 11.170539 -3.129299
v -72.586830 11.519461 -2.217351
v -72.297104 11.518805 -2.709701
v -72.774956 11.521415 -1.677975
v -72.854233 11.524586 -1.112290
v -72.821655 11.528847 -0.542016
v -72.678467 11.534041 0.010987
v -72.430099 11.539970 0.525309
v -72.086182 11.546399 0.981364
v -71.659927 11.553091 1.361483
v -71.167664 11.559782 1.651142
v -70.628326 11.566212 1.839149
v -70.062706 11.572141 1.918385
v -69.492401 11.577340 1.885649
v -68.939468 11.581597 1.742325
v -68.425110 11.584767 1.493903
v -67.969040 11.586722 1.149907
v -67.588867 11.587374 0.723516
v -67.299118 11.586722 0.231187
v -67.111023 11.584767 -0.308210
v -67.031738 11.581597 -0.873896
v -67.064323 11.577341 -1.444169
v -67.207504 11.572142 -1.997172
v -67.455872 11.566213 -2.511495
v -67.799759 11.559783 -2.967528
v -68.226044 11.553092 -3.347669
v -68.718285 11.546400 -3.637307
v -69.257645 11.539971 -3.825334
v -69.823273 11.534045 -3.904570
v -70.393570 11.528847 -3.871834
v -70.946503 11.524586 -3.728510
v -71.460861 11.521415 -3.480089
v -71.916901 11.519461 -3.136071
v -71.190079 10.295277 -1.902636
v -70.974129 10.534243 -1.745168
v -71.123833 10.533928 -1.854159
v -70.944733 10.495049 -2.076499
v -70.781204 10.504730 -1.969823
v -70.983902 10.284193 -2.130198
v -70.763817 10.400206 -2.283905
v -70.570053 10.425772 -2.167226
v -70.740021 10.250322 -2.315947
v -70.595276 10.263998 -2.473626
v -70.355408 10.304958 -2.334668
v -70.471703 10.194370 -2.455429
v -70.440918 10.084690 -2.635108
v -70.141403 10.144037 -2.462438
v -70.186920 10.118866 -2.541363
v -70.304657 9.866199 -2.760747
v -69.934319 9.947958 -2.544457
v -69.895447 10.026865 -2.569876
v -70.191917 9.616922 -2.845581
v -69.742233 9.724247 -2.577543
v -69.608574 9.921898 -2.539777
v -70.106827 9.346445 -2.886516
v -69.572540 9.481508 -2.560283
v -69.337318 9.808002 -2.452294
v -70.052795 9.065161 -2.881854
v -69.431557 9.229069 -2.493608
v -69.092133 9.689562 -2.310685
v -70.031837 8.783875 -2.831838
v -69.324997 8.976631 -2.379777
v -68.882317 9.571119 -2.120510
v -70.044800 8.513399 -2.738304
v -69.256691 8.733892 -2.223490
v -68.716095 9.457228 -1.888986
v -70.091080 8.264126 -2.605003
v -69.229469 8.510191 -2.030485
v -68.599731 9.352264 -1.625047
v -70.169067 8.045637 -2.436882
v -69.244247 8.314106 -1.808240
v -68.537766 9.260265 -1.338811
v -70.275627 7.866327 -2.240540
v -69.300476 8.153185 -1.565423
v -68.532524 9.184759 -1.041396
v -70.406677 7.733091 -2.023480
v -69.396072 8.033615 -1.311166
v -68.584297 9.128660 -0.744010
v -70.557281 7.651039 -1.793971
v -69.527252 7.959982 -1.055449
v -68.690956 9.094114 -0.458369
v -70.721626 7.623339 -1.560871
v -69.689064 7.935122 -0.807933
v -68.848549 9.082445 -0.195210
v -70.893234 7.651039 -1.333243
v -69.875175 7.959982 -0.578312
v -69.050926 9.094114 0.035292
v -71.065720 7.733091 -1.119689
v -70.078629 8.033615 -0.375124
v -69.290367 9.128664 0.224282
v -71.232323 7.866331 -0.928555
v -70.291405 8.153191 -0.206488
v -69.557686 9.184765 0.364490
v -71.386681 8.045641 -0.767073
v -70.505402 8.314116 -0.078717
v -69.842468 9.260273 0.450425
v -71.522911 8.264130 -0.641413
v -70.712463 8.510201 0.003324
v -70.133942 9.352274 0.478937
v -71.635681 8.513403 -0.556600
v -70.904579 8.733908 0.036388
v -70.420792 9.457235 0.448859
v -71.720749 8.783878 -0.515645
v -71.074265 8.976646 0.019128
v -70.692078 9.571133 0.361356
v -71.774803 9.065165 -0.520327
v -71.215225 9.229084 -0.047526
v -70.937256 9.689571 0.219747
v -71.795761 9.346451 -0.570343
v -71.321777 9.481518 -0.161357
v -71.147072 9.808016 0.029572
v -71.782799 9.616926 -0.663878
v -71.390091 9.724257 -0.317645
v -71.313301 9.921907 -0.201953
v -71.736496 9.866205 -0.797157
v -71.417343 9.947968 -0.510670
v -71.429657 10.026871 -0.465891
v -71.658531 10.084694 -0.965299
v -71.402557 10.144047 -0.732915
v -71.491623 10.118870 -0.752127
v -71.551971 10.264002 -1.161641
v -71.346329 10.304966 -0.975733
v -71.496864 10.194376 -1.049543
v -71.422859 10.400206 -1.380113
v -71.252533 10.425777 -1.231298
v -71.446091 10.250328 -1.347656
v -71.280693 10.495049 -1.615771
v -71.129128 10.504730 -1.492686
v -71.343796 10.284199 -1.636652
v -42.523262 4.405302 16.304382
v -42.386192 4.405302 15.979127
v -42.315186 4.405302 15.633279
v -42.312996 4.405302 15.280190
v -42.379665 4.405302 14.933445
v -42.512783 4.405302 14.606491
v -42.707108 4.405302 14.311711
v -42.955177 4.405302 14.060476
v -43.247581 4.405302 13.862617
v -43.572884 4.405302 13.725430
v -43.918728 4.405302 13.654422
v -44.271721 4.405302 13.652217
v -44.618450 4.405302 13.718985
v -44.945503 4.405302 13.852118
v -45.240189 4.405302 14.046377
v -45.491417 4.405302 14.294498
v -45.689384 4.405302 14.586869
v -45.826454 4.405302 14.912124
v -45.897461 4.405302 15.257972
v -45.899677 4.405302 15.611040
v -45.832981 4.405302 15.957807
v -45.699860 4.405302 16.284760
v -45.505562 4.405302 16.579519
v -45.257412 4.405302 16.830641
v -44.965088 4.405302 17.028612
v -44.639793 4.405302 17.165802
v -44.293941 4.405302 17.236809
v -43.940926 4.405302 17.239035
v -43.594193 4.405302 17.172268
v -43.267174 4.405302 17.039112
v -42.972454 4.405302 16.844872
v -42.721252 4.405302 16.596731
v -42.386192 4.405302 15.979127
v -42.523262 4.405302 16.304382
v -42.315186 4.405302 15.633279
v -42.312996 4.405302 15.280190
v -42.379665 4.405302 14.933445
v -42.512783 4.405302 14.606491
v -42.707108 4.405302 14.311711
v -42.955177 4.405302 14.060476
v -43.247581 4.405302 13.862617
v -43.572884 4.405302 13.725430
v -43.918728 4.405302 13.654422
v -44.271721 4.405302 13.652217
v -44.618450 4.405302 13.718985
v -44.945503 4.405302 13.852118
v -45.240189 4.405302 14.046377
v -45.491417 4.405302 14.294498
v -45.689384 4.405302 14.586869
v -45.826454 4.405302 14.912124
v -45.897461 4.405302 15.257972
v -45.899677 4.405302 15.611040
v -45.832981 4.405302 15.957807
v -45.699860 4.405302 16.284760
v -45.505562 4.405302 16.579519
v -45.257412 4.405302 16.830641
v -44.965088 4.405302 17.028612
v -44.639793 4.405302 17.165802
v -44.293941 4.405302 17.236809
v -43.940926 4.405302 17.239035
v -43.594193 4.405302 17.172268
v -43.267174 4.405302 17.039112
v -42.972454 4.405302 16.844872
v -42.721252 4.405302 16.596731
v -43.126968 5.029215 15.749309
v -43.205017 5.029215 15.934497
v -43.086510 5.029215 15.552418
v -43.085266 5.029215 15.351370
v -43.123268 5.029215 15.153997
v -43.199036 5.029215 14.967836
v -43.309700 5.029215 14.800037
v -43.450981 5.029215 14.657047
v -43.617355 5.029215 14.544281
v -43.802612 5.029215 14.466269
v -43.999527 5.029215 14.425840
v -44.200481 5.029215 14.424530
v -44.397919 5.029215 14.462618
v -44.584129 5.029215 14.538390
v -44.751869 5.029215 14.648924
v -44.899773 5.030804 14.787539
v -45.017174 5.032314 14.951536
v -45.090561 5.030804 15.139250
v -45.126129 5.029215 15.338833
v -45.127403 5.029215 15.539861
v -45.089401 5.029215 15.737233
v -45.013611 5.029215 15.923413
v -44.902969 5.029215 16.091190
v -44.761688 5.029215 16.234184
v -44.595314 5.029215 16.346951
v -44.410027 5.029215 16.424982
v -44.213146 5.029215 16.465389
v -44.012108 5.029215 16.466583
v -43.814724 5.029215 16.428633
v -43.628544 5.029215 16.352840
v -43.460716 5.029215 16.242193
v -43.317757 5.029215 16.101019
v -42.386192 5.029215 15.979127
v -42.523262 5.029215 16.304382
v -42.315186 5.029215 15.633279
v -42.312996 5.029215 15.280190
v -42.379665 5.029215 14.933445
v -42.512783 5.029215 14.606491
v -42.707108 5.029215 14.311711
v -42.955177 5.029215 14.060476
v -43.247581 5.029215 13.862617
v -43.572884 5.029215 13.725430
v -43.918728 5.029215 13.654422
v -44.271721 5.029215 13.652217
v -44.618450 5.029215 13.718985
v -44.945503 5.029215 13.852118
v -45.259476 5.036951 14.036679
v -45.537376 5.075788 14.277393
v -45.738373 5.100010 14.560220
v -45.865913 5.075788 14.882998
v -45.916138 5.036951 15.247143
v -45.899677 5.029215 15.611040
v -45.832981 5.029215 15.957807
v -45.699860 5.029215 16.284760
v -45.505562 5.029215 16.579519
v -45.257412 5.029215 16.830641
v -44.965088 5.029215 17.028612
v -44.639793 5.029215 17.165802
v -44.293941 5.029215 17.236809
v -43.940926 5.029215 17.239035
v -43.594193 5.029215 17.172268
v -43.267174 5.029215 17.039112
v -42.972454 5.029215 16.844872
v -42.721252 5.029215 16.596731
v -45.216450 8.350748 14.582454
v -45.323002 8.373102 14.785608
v -45.119682 8.284540 14.384036
v -45.036453 8.177027 14.198086
v -44.969772 8.032333 14.031486
v -44.922440 7.856030 13.890928
v -44.896152 7.654879 13.781629
v -44.891869 7.436621 13.707774
v -44.909893 7.209642 13.672289
v -44.949440 6.982662 13.676616
v -45.009048 6.764404 13.720423
v -45.086266 6.563255 13.802014
v -45.178383 6.386946 13.918468
v -45.281631 6.242258 14.065034
v -45.392166 6.134739 14.236307
v -45.505733 6.068531 14.425621
v -45.617889 6.046179 14.625563
v -45.724411 6.068531 14.828738
v -45.821209 6.134739 15.027135
v -45.904438 6.242258 15.213084
v -45.971085 6.386946 15.379707
v -46.018425 6.563255 15.520265
v -46.044708 6.764404 15.629564
v -46.048992 6.982662 15.703418
v -46.030998 7.209642 15.738882
v -45.991417 7.436621 15.734578
v -45.931839 7.654879 15.690748
v -45.854595 7.856024 15.609178
v -45.762478 8.032333 15.492722
v -45.659225 8.177027 15.346160
v -45.548691 8.284540 15.174885
v -45.435127 8.350748 14.985572
v -61.151894 10.323442 5.839550
v -61.269108 10.365379 6.088689
v -61.047867 10.226744 5.595279
v -60.950771 10.093840 5.370742
v -60.870941 9.920395 5.171142
v -60.814167 9.709045 5.002559
v -60.782669 9.467922 4.871572
v -60.777596 9.206282 4.783109
v -60.799129 8.934193 4.740527
v -60.846512 8.662100 4.745601
v -60.917908 8.400463 4.798093
v -61.010559 8.159338 4.896007
v -61.120899 7.947989 5.035480
v -61.244774 7.774542 5.211341
v -61.377224 7.645658 5.416558
v -61.513386 7.566292 5.643503
v -61.647823 7.539494 5.883225
v -61.775555 7.566292 6.126793
v -61.891541 7.645658 6.364610
v -61.991341 7.774542 6.587526
v -62.071171 7.947989 6.787126
v -62.127945 8.159338 6.955710
v -62.159527 8.400463 7.086809
v -62.164597 8.662100 7.175273
v -62.142982 8.934193 7.217741
v -62.095600 9.206287 7.212667
v -62.024204 9.467922 7.160175
v -61.931553 9.709045 7.062262
v -61.821213 9.920395 6.922788
v -61.697422 10.093840 6.747041
v -61.562103 10.226744 6.543218
v -61.414062 10.323442 6.322841
v -61.997646 10.690804 5.334370
v -62.120827 10.690439 5.626637
v -61.933811 10.691891 5.023613
v -61.931873 10.693651 4.706474
v -61.991776 10.696016 4.395032
v -62.111301 10.698901 4.101206
v -62.285843 10.702191 3.836386
v -62.508663 10.705764 3.610722
v -62.771343 10.709479 3.432965
v -63.063560 10.713196 3.309775
v -63.374191 10.716763 3.245946
v -63.691353 10.720054 3.244035
v -64.002831 10.722941 3.304044
v -64.296577 10.725308 3.423585
v -64.561432 10.727069 3.598233
v -64.787102 10.728149 3.821177
v -64.964874 10.728516 4.083762
v -65.088165 10.728149 4.376122
v -65.151917 10.727069 4.686765
v -65.153938 10.725308 5.004019
v -65.094009 10.722941 5.315480
v -64.974510 10.720054 5.609285
v -64.799881 10.716763 5.873991
v -64.577042 10.713196 6.099677
v -64.314468 10.709479 6.277527
v -64.022247 10.705764 6.400717
v -63.711506 10.702191 6.464452
v -63.394432 10.698901 6.466478
v -63.082985 10.696016 6.406447
v -62.789154 10.693651 6.286793
v -62.524380 10.691891 6.112259
v -62.298710 10.690804 5.889315
v -61.997646 11.185500 5.334370
v -62.120827 11.185135 5.626637
v -61.933811 11.186586 5.023613
v -61.931873 11.188347 4.706474
v -61.991776 11.190708 4.395032
v -62.111301 11.193598 4.101206
v -62.285843 11.196888 3.836386
v -62.508663 11.200456 3.610722
v -62.771343 11.204171 3.432965
v -63.063560 11.207886 3.309775
v -63.374191 11.211459 3.245946
v -63.691353 11.214749 3.244035
v -64.002831 11.217637 3.304044
v -64.296577 11.220000 3.423585
v -64.561432 11.221761 3.598233
v -64.787102 11.222846 3.821177
v -64.964874 11.223211 4.083762
v -65.088165 11.222846 4.376122
v -65.151917 11.221761 4.686765
v -65.153938 11.220000 5.004019
v -65.094009 11.217637 5.315480
v -64.974510 11.214749 5.609285
v -64.799881 11.211459 5.873991
v -64.577042 11.207886 6.099677
v -64.314468 11.204171 6.277527
v -64.022247 11.200456 6.400717
v -63.711506 11.196888 6.464452
v -63.394432 11.193598 6.466478
v -63.082985 11.190708 6.406447
v -62.789154 11.188347 6.286793
v -62.524380 11.186586 6.112259
v -62.298710 11.185500 5.889315
v -60.760029 11.170540 5.718070
v -60.981926 11.169889 6.244514
v -60.645069 11.172495 5.158505
v -60.641468 11.175666 4.587209
v -60.749439 11.179927 4.026370
v -60.964687 11.185121 3.497271
v -61.279041 11.191050 3.020360
v -61.680347 11.197484 2.613923
v -62.153275 11.204171 2.293679
v -62.679607 11.210862 2.071864
v -63.239140 11.217292 1.957101
v -63.810291 11.223225 1.953605
v -64.371201 11.228425 2.061612
v -64.900253 11.232677 2.276980
v -65.377060 11.235851 2.591367
v -65.783493 11.237802 2.992849
v -66.103806 11.238458 3.465863
v -66.325699 11.237802 3.992309
v -66.440659 11.235851 4.551872
v -66.444176 11.232677 5.123055
v -66.336288 11.228425 5.684008
v -66.121040 11.223225 6.213107
v -65.806686 11.217292 6.690017
v -65.405296 11.210862 7.096340
v -64.932457 11.204171 7.416698
v -64.406151 11.197484 7.638492
v -63.846588 11.191050 7.753276
v -63.275436 11.185131 7.756772
v -62.714527 11.179927 7.648766
v -62.185471 11.175666 7.433398
v -61.708557 11.172495 7.118918
v -61.302231 11.170540 6.717529
v -60.749912 11.519462 5.723526
v -60.971809 11.518806 6.249971
v -60.634979 11.521416 5.163941
v -60.631435 11.524587 4.592780
v -60.739323 11.528848 4.031826
v -60.954571 11.534042 3.502728
v -61.268925 11.539971 3.025817
v -61.670315 11.546400 2.619494
v -62.143242 11.553092 2.299250
v -62.669491 11.559783 2.077321
v -63.229050 11.566213 1.962537
v -63.800205 11.572142 1.959041
v -64.361084 11.577341 2.067069
v -64.890144 11.581597 2.282437
v -65.367058 11.584767 2.596916
v -65.773407 11.586722 2.998285
v -66.093689 11.587374 3.471320
v -66.315613 11.586722 3.997744
v -66.430542 11.584767 4.557329
v -66.434174 11.581597 5.128605
v -66.326172 11.577341 5.689465
v -66.110924 11.572142 6.218563
v -65.796600 11.566213 6.695454
v -65.395294 11.559783 7.101890
v -64.922363 11.553092 7.422134
v -64.396034 11.546400 7.643950
v -63.836555 11.539971 7.758847
v -63.265320 11.534046 7.762228
v -62.704437 11.528848 7.654202
v -62.175385 11.524587 7.438833
v -61.698551 11.521416 7.124468
v -61.292114 11.519462 6.722985
v -62.176014 10.295277 5.596694
v -62.410995 10.534243 5.469335
v -62.248138 10.533928 5.557543
v -62.396172 10.495049 5.801665
v -62.572426 10.504730 5.717651
v -62.350304 10.284193 5.849774
v -62.547985 10.400206 6.031163
v -62.755520 10.425772 5.941271
v -62.567318 10.250322 6.066114
v -62.689953 10.263998 6.241656
v -62.946114 10.304958 6.135683
v -62.814804 10.194370 6.239985
v -62.821548 10.084690 6.422184
v -63.141327 10.144037 6.290768
v -63.085686 10.118866 6.362935
v -62.939892 9.866199 6.564726
v -63.335583 9.947958 6.399422
v -63.370777 10.026865 6.429790
v -63.040451 9.616922 6.663854
v -63.521633 9.724247 6.457681
v -63.659138 9.921898 6.438056
v -63.119278 9.346445 6.715643
v -63.692173 9.481508 6.463191
v -63.939522 9.808002 6.387206
v -63.173492 9.065161 6.718177
v -63.840630 9.229069 6.415679
v -64.201431 9.689562 6.279483
v -63.200863 8.783875 6.671336
v -63.961452 8.976631 6.317103
v -64.434547 9.571119 6.118749
v -63.200466 8.513399 6.577019
v -64.049820 8.733892 6.171149
v -64.630013 9.457228 5.911285
v -63.172173 8.264126 6.438636
v -64.102394 8.510191 5.983401
v -64.780350 9.352264 5.665160
v -63.117229 8.045637 6.261733
v -64.117203 8.314106 5.761223
v -64.879745 9.260265 5.389681
v -63.037693 7.866327 6.053019
v -64.093651 8.153185 5.513076
v -64.924324 9.184759 5.095524
v -62.936531 7.733091 5.820450
v -64.032639 8.033615 5.248437
v -64.912498 9.128660 4.793972
v -62.817680 7.651039 5.573025
v -63.936562 7.959982 4.977601
v -64.844620 9.094114 4.496637
v -62.685703 7.623339 5.320162
v -63.809032 7.935122 4.710848
v -64.723328 9.082445 4.214861
v -62.545738 7.651039 5.071725
v -63.654903 7.959982 4.458426
v -64.553268 9.094114 3.959568
v -62.403133 7.733091 4.837259
v -63.480282 8.033615 4.230202
v -64.340973 9.128664 3.740484
v -62.263351 7.866331 4.625697
v -63.291729 8.153191 4.034824
v -64.094650 9.184765 3.566114
v -62.131783 8.045641 4.445148
v -63.096516 8.314116 3.879739
v -63.823769 9.260273 3.443164
v -62.013443 8.264130 4.302606
v -62.902176 8.510201 3.770971
v -63.538677 9.352274 3.376309
v -61.912853 8.513403 4.203498
v -62.716209 8.733908 3.712826
v -63.250317 9.457235 3.368044
v -61.834026 8.783878 4.151710
v -62.545670 8.976646 3.707316
v -62.969933 9.571133 3.418893
v -61.779842 9.065165 4.149155
v -62.397129 9.229084 3.754714
v -62.708023 9.689571 3.526616
v -61.752357 9.346451 4.195902
v -62.276390 9.481518 3.853404
v -62.474907 9.808016 3.687351
v -61.752834 9.616926 4.290334
v -62.188019 9.724257 3.999357
v -62.279446 9.921907 3.894814
v -61.781048 9.866205 4.428603
v -62.135368 9.947968 4.186991
v -62.129105 10.026871 4.140940
v -61.835991 10.084694 4.605505
v -62.120560 10.144047 4.409170
v -62.029739 10.118870 4.416397
v -61.915638 10.264002 4.814313
v -62.144104 10.304966 4.657317
v -61.985134 10.194376 4.710576
v -62.014698 10.400206 5.048066
v -62.203159 10.425777 4.923036
v -61.995880 10.250328 5.012741
v -62.124313 10.495049 5.300480
v -62.290852 10.504730 5.198591
v -62.058956 10.284199 5.312705
v -49.981014 4.653404 -20.336361
v -50.286293 4.653404 -20.516027
v -50.620735 4.653404 -20.632658
v -50.971535 4.653404 -20.681791
v -51.325157 4.653404 -20.661589
v -51.668091 4.653404 -20.572680
v -51.987076 4.653404 -20.418648
v -52.269829 4.653402 -20.205389
v -52.505634 4.653402 -19.940960
v -52.685230 4.653402 -19.635719
v -52.801918 4.653402 -19.301191
v -52.851055 4.653402 -18.950388
v -52.830780 4.653402 -18.596806
v -52.741905 4.653402 -18.253939
v -52.587879 4.653402 -17.934959
v -52.374588 4.653402 -17.652180
v -52.110199 4.653402 -17.416447
v -51.804920 4.653402 -17.236782
v -51.470448 4.653404 -17.120134
v -51.119675 4.653404 -17.071018
v -50.766056 4.653404 -17.091221
v -50.423203 4.653404 -17.180017
v -50.104221 4.653404 -17.334045
v -49.821381 4.653404 -17.547421
v -49.585663 4.653404 -17.811737
v -49.405983 4.653404 -18.117090
v -49.289375 4.653404 -18.451508
v -49.240242 4.653404 -18.802309
v -49.260429 4.653404 -19.156004
v -49.349304 4.653404 -19.498869
v -49.503304 4.653404 -19.817833
v -49.716621 4.653404 -20.100630
v -50.286293 4.653404 -20.516027
v -49.981014 4.653404 -20.336361
v -50.620735 4.653404 -20.632658
v -50.971535 4.653404 -20.681791
v -51.325157 4.653404 -20.661589
v -51.668091 4.653404 -20.572680
v -51.987076 4.653404 -20.418648
v -52.269829 4.653402 -20.205389
v -52.505634 4.653402 -19.940960
v -52.685230 4.653402 -19.635719
v -52.801918 4.653402 -19.301191
v -52.851055 4.653402 -18.950388
v -52.830780 4.653402 -18.596806
v -52.741905 4.653402 -18.253939
v -52.587879 4.653402 -17.934959
v -52.374588 4.653402 -17.652180
v -52.110199 4.653402 -17.416447
v -51.804920 4.653402 -17.236782
v -51.470448 4.653404 -17.120134
v -51.119675 4.653404 -17.071018
v -50.766056 4.653404 -17.091221
v -50.423203 4.653404 -17.180017
v -50.104221 4.653404 -17.334045
v -49.821381 4.653404 -17.547421
v -49.585663 4.653404 -17.811737
v -49.405983 4.653404 -18.117090
v -49.289375 4.653404 -18.451508
v -49.240242 4.653404 -18.802309
v -49.260429 4.653404 -19.156004
v -49.349304 4.653404 -19.498869
v -49.503304 4.653404 -19.817833
v -49.716621 4.653404 -20.100630
v -50.613335 5.279375 -19.809841
v -50.439461 5.279375 -19.707664
v -50.803741 5.279375 -19.876245
v -51.003479 5.279375 -19.904243
v -51.204796 5.279375 -19.892729
v -51.400005 5.279375 -19.842197
v -51.581596 5.279375 -19.754501
v -51.742649 5.279375 -19.632980
v -51.876877 5.279375 -19.482477
v -51.979141 5.279373 -19.308661
v -52.045525 5.279373 -19.118282
v -52.073502 5.279373 -18.918575
v -52.062019 5.279373 -18.717148
v -52.011436 5.279373 -18.521948
v -51.923717 5.279373 -18.340336
v -51.805519 5.280968 -18.174904
v -51.658150 5.282484 -18.036373
v -51.481201 5.280968 -17.938412
v -51.287525 5.279375 -17.876429
v -51.087818 5.279375 -17.848452
v -50.886497 5.279375 -17.859968
v -50.691204 5.279375 -17.910612
v -50.509613 5.279375 -17.998306
v -50.348648 5.279375 -18.119717
v -50.214417 5.279375 -18.270224
v -50.112156 5.279375 -18.444036
v -50.045685 5.279375 -18.634527
v -50.017708 5.279375 -18.834236
v -50.029274 5.279375 -19.035547
v -50.079857 5.279375 -19.230749
v -50.167549 5.279375 -19.412340
v -50.289017 5.279375 -19.573349
v -50.286293 5.279375 -20.516027
v -49.981014 5.279375 -20.336361
v -50.620735 5.279375 -20.632658
v -50.971535 5.279375 -20.681791
v -51.325157 5.279375 -20.661589
v -51.668091 5.279375 -20.572680
v -51.987076 5.279375 -20.418648
v -52.269829 5.279373 -20.205389
v -52.505634 5.279373 -19.940960
v -52.685230 5.279373 -19.635719
v -52.801918 5.279373 -19.301191
v -52.851055 5.279373 -18.950388
v -52.830780 5.279373 -18.596806
v -52.741905 5.279373 -18.253939
v -52.600136 5.287136 -17.917013
v -52.397785 5.326103 -17.608702
v -52.143188 5.350405 -17.371206
v -51.839226 5.326103 -17.201405
v -51.483788 5.287138 -17.102980
v -51.119675 5.279375 -17.071018
v -50.766056 5.279375 -17.091221
v -50.423203 5.279375 -17.180017
v -50.104221 5.279375 -17.334045
v -49.821381 5.279375 -17.547421
v -49.585663 5.279375 -17.811737
v -49.405983 5.279375 -18.117090
v -49.289375 5.279375 -18.451508
v -49.240242 5.279375 -18.802309
v -49.260429 5.279375 -19.156004
v -49.349304 5.279375 -19.498869
v -49.503304 5.279375 -19.817833
v -49.716621 5.279375 -20.100630
v -52.051647 8.611868 -17.887280
v -51.863815 8.634300 -17.754328
v -52.236038 8.545443 -18.009869
v -52.409935 8.437574 -18.117470
v -52.566727 8.292404 -18.205795
v -52.700283 8.115519 -18.271589
v -52.805462 7.913702 -18.312325
v -52.878288 7.694729 -18.326330
v -52.915970 7.466997 -18.313139
v -52.916927 7.239267 -18.273342
v -52.881329 7.020288 -18.208282
v -52.810471 6.818478 -18.120481
v -52.706909 6.641588 -18.013550
v -52.574883 6.496418 -17.891266
v -52.419266 6.388546 -17.758595
v -52.246178 6.322123 -17.620508
v -52.062168 6.299696 -17.482315
v -51.874367 6.322123 -17.349384
v -51.689941 6.388548 -17.226776
v -51.516052 6.496420 -17.119173
v -51.359257 6.641590 -17.030849
v -51.225784 6.818480 -16.964941
v -51.120522 7.020290 -16.924318
v -51.047695 7.239269 -16.910313
v -51.010098 7.466999 -16.923393
v -51.009056 7.694731 -16.963301
v -51.044655 7.913704 -17.028358
v -51.115601 8.115520 -17.116047
v -51.219070 8.292406 -17.223097
v -51.351105 8.437576 -17.345379
v -51.506714 8.545444 -17.478050
v -51.679836 8.611870 -17.616159
v -62.664772 10.323448 -3.633142
v -62.433365 10.365383 -3.483950
v -62.893177 10.226744 -3.768622
v -63.102806 10.093843 -3.894601
v -63.290073 9.920395 -4.000260
v -63.449612 9.709045 -4.078893
v -63.575264 9.467922 -4.127578
v -63.662319 9.206287 -4.144279
v -63.707298 8.934193 -4.128553
v -63.708519 8.662104 -4.080918
v -63.666008 8.400463 -4.003138
v -63.581238 8.159338 -3.898385
v -63.457596 7.947989 -3.770523
v -63.299828 7.774546 -3.624410
v -63.113964 7.645662 -3.465839
v -62.907112 7.566292 -3.300865
v -62.687225 7.539494 -3.135812
v -62.462849 7.566292 -2.976913
v -62.242535 7.645662 -2.830400
v -62.034737 7.774546 -2.701914
v -61.847412 7.947989 -2.596389
v -61.687874 8.159338 -2.517757
v -61.562191 8.400469 -2.469051
v -61.475140 8.662104 -2.452351
v -61.430157 8.934193 -2.468077
v -61.428936 9.206287 -2.515711
v -61.471451 9.467922 -2.593491
v -61.556248 9.709045 -2.698265
v -61.679890 9.920395 -2.826127
v -61.837715 10.093843 -2.972105
v -62.021778 10.226744 -3.133204
v -62.220570 10.323448 -3.309232
v -63.277664 10.690804 -2.861873
v -63.004322 10.690444 -2.700953
v -63.577190 10.691891 -2.966303
v -63.891308 10.693651 -3.010332
v -64.207947 10.696016 -2.992313
v -64.515038 10.698901 -2.912700
v -64.800644 10.702196 -2.774827
v -65.053848 10.705764 -2.583833
v -65.264862 10.709479 -2.347235
v -65.425705 10.713196 -2.073876
v -65.530144 10.716763 -1.774400
v -65.574104 10.720057 -1.460320
v -65.556023 10.722947 -1.143592
v -65.476372 10.725308 -0.836605
v -65.338425 10.727069 -0.550989
v -65.147423 10.728155 -0.297731
v -64.910637 10.728516 -0.086669
v -64.637291 10.728155 0.074251
v -64.337769 10.727069 0.178681
v -64.023651 10.725308 0.222709
v -63.707012 10.722947 0.204691
v -63.399921 10.720057 0.125078
v -63.114319 10.716763 -0.012795
v -62.861111 10.713196 -0.203789
v -62.650013 10.709479 -0.440501
v -62.489250 10.705764 -0.713746
v -62.384815 10.702196 -1.013222
v -62.340855 10.698906 -1.327302
v -62.358940 10.696016 -1.644031
v -62.438587 10.693651 -1.951017
v -62.576538 10.691891 -2.236633
v -62.767540 10.690804 -2.489892
v -63.277664 11.185500 -2.861873
v -63.004322 11.185140 -2.700953
v -63.577190 11.186586 -2.966303
v -63.891308 11.188347 -3.010332
v -64.207947 11.190713 -2.992313
v -64.515038 11.193598 -2.912700
v -64.800644 11.196888 -2.774827
v -65.053848 11.200459 -2.583833
v -65.264862 11.204175 -2.347235
v -65.425705 11.207891 -2.073876
v -65.530144 11.211459 -1.774400
v -65.574104 11.214754 -1.460320
v -65.556023 11.217637 -1.143592
v -65.476372 11.220004 -0.836605
v -65.338425 11.221766 -0.550989
v -65.147423 11.222846 -0.297731
v -64.910637 11.223211 -0.086669
v -64.637291 11.222846 0.074251
v -64.337769 11.221766 0.178681
v -64.023651 11.220004 0.222709
v -63.707016 11.217637 0.204691
v -63.399921 11.214754 0.125078
v -63.114319 11.211459 -0.012795
v -62.861111 11.207891 -0.203789
v -62.650013 11.204175 -0.440501
v -62.489254 11.200459 -0.713746
v -62.384815 11.196888 -1.013222
v -62.340855 11.193602 -1.327302
v -62.358940 11.190713 -1.644031
v -62.438587 11.188347 -1.951017
v -62.576538 11.186586 -2.236633
v -62.767540 11.185500 -2.489892
v -62.733208 11.170545 -4.037730
v -62.240860 11.169889 -3.748009
v -63.272655 11.172495 -4.225820
v -63.838341 11.175671 -4.305098
v -64.408615 11.179932 -4.272517
v -64.961548 11.185121 -4.129369
v -65.475937 11.191055 -3.880969
v -65.931953 11.197484 -3.537107
v -66.312073 11.204171 -3.110850
v -66.601791 11.210868 -2.618501
v -66.789780 11.217296 -2.079196
v -66.868942 11.223225 -1.513605
v -66.836281 11.228425 -0.943269
v -66.692955 11.232681 -0.390338
v -66.444534 11.235851 0.124026
v -66.100525 11.237802 0.580142
v -65.674072 11.238458 0.960231
v -65.181839 11.237802 1.250046
v -64.642387 11.235851 1.438135
v -64.076706 11.232681 1.517413
v -63.506405 11.228425 1.484854
v -62.953415 11.223225 1.341571
v -62.439079 11.217296 1.093304
v -61.983093 11.210868 0.749422
v -61.602890 11.204171 0.323052
v -61.313251 11.197484 -0.169183
v -61.125237 11.191055 -0.708467
v -61.046017 11.185131 -1.274194
v -61.078739 11.179932 -1.844395
v -61.222092 11.175671 -2.397346
v -61.470512 11.172495 -2.911710
v -61.814518 11.170545 -3.367826
v -62.726479 11.519462 -4.046961
v -62.234127 11.518806 -3.757239
v -63.265839 11.521416 -4.235164
v -63.831608 11.524587 -4.314328
v -64.401886 11.528848 -4.281748
v -64.954819 11.534042 -4.138600
v -65.469208 11.539971 -3.890198
v -65.925217 11.546400 -3.546338
v -66.305344 11.553092 -3.120081
v -66.594978 11.559783 -2.627845
v -66.783051 11.566213 -2.088428
v -66.862213 11.572142 -1.522835
v -66.829544 11.577341 -0.952499
v -66.686226 11.581597 -0.399569
v -66.437805 11.584767 0.114796
v -66.093712 11.586722 0.570798
v -65.667343 11.587379 0.951001
v -65.175026 11.586722 1.240701
v -64.635658 11.584767 1.428905
v -64.069977 11.581597 1.508182
v -63.499672 11.577341 1.475623
v -62.946686 11.572142 1.332341
v -62.432346 11.566213 1.084074
v -61.976280 11.559783 0.740078
v -61.596161 11.553092 0.313821
v -61.306522 11.546400 -0.178414
v -61.118507 11.539971 -0.717697
v -61.039288 11.534046 -1.283424
v -61.072006 11.528848 -1.853626
v -61.215359 11.524587 -2.406577
v -61.463699 11.521416 -2.921055
v -61.807785 11.519462 -3.377057
v -63.041298 10.295277 -2.650242
v -63.198769 10.534243 -2.434294
v -63.089661 10.533934 -2.583920
v -62.867386 10.495049 -2.404906
v -62.973991 10.504730 -2.241415
v -62.813580 10.284199 -2.444045
v -62.659981 10.400206 -2.223994
v -62.776615 10.425772 -2.030112
v -62.627838 10.250322 -2.200208
v -62.470230 10.263998 -2.055433
v -62.609211 10.304962 -1.815529
v -62.488457 10.194370 -1.931876
v -62.308739 10.084690 -1.901020
v -62.481392 10.144037 -1.601536
v -62.402508 10.118866 -1.646999
v -62.183067 9.866199 -1.764870
v -62.399422 9.947958 -1.394443
v -62.373959 10.026865 -1.355630
v -62.098217 9.616922 -1.652030
v -62.366341 9.724247 -1.202406
v -62.404037 9.921898 -1.068783
v -62.057301 9.346445 -1.567034
v -62.383495 9.481508 -1.032683
v -62.491592 9.808006 -0.797490
v -62.062016 9.065161 -1.512871
v -62.450264 9.229069 -0.891808
v -62.633152 9.689562 -0.552312
v -62.112061 8.783875 -1.491937
v -62.563980 8.976631 -0.785169
v -62.823395 9.571119 -0.342461
v -62.205498 8.513399 -1.504911
v -62.720417 8.733892 -0.716835
v -63.054852 9.457228 -0.176273
v -62.338875 8.264126 -1.551201
v -62.913372 8.510191 -0.689620
v -63.318768 9.352268 -0.059941
v -62.506924 8.045637 -1.629232
v -63.135609 8.314106 -0.704354
v -63.604996 9.260269 0.002070
v -62.703316 7.866327 -1.735784
v -63.378433 8.153185 -0.760631
v -63.902512 9.184759 0.007328
v -62.920406 7.733091 -1.866854
v -63.632591 8.033615 -0.856243
v -64.199776 9.128660 -0.044487
v -63.149887 7.651039 -2.017433
v -63.888359 7.959982 -0.987413
v -64.485565 9.094114 -0.151119
v -63.382908 7.623339 -2.181766
v -64.135849 7.935122 -1.149203
v -64.748680 9.082449 -0.308771
v -63.610615 7.651039 -2.353392
v -64.365555 7.959986 -1.335379
v -64.979225 9.094114 -0.511094
v -63.824139 7.733091 -2.525851
v -64.568634 8.033621 -1.538798
v -65.168121 9.128664 -0.750600
v -64.015327 7.866331 -2.692495
v -64.737366 8.153196 -1.751558
v -65.308342 9.184769 -1.017793
v -64.176788 8.045641 -2.846888
v -64.865189 8.314116 -1.965551
v -65.394287 9.260279 -1.302670
v -64.302467 8.264130 -2.983038
v -64.947159 8.510201 -2.172644
v -65.422836 9.352280 -1.594039
v -64.387314 8.513403 -3.095878
v -64.980240 8.733908 -2.364681
v -65.392677 9.457235 -1.880999
v -64.428230 8.783878 -3.180873
v -64.962997 8.976646 -2.534517
v -65.305206 9.571133 -2.152178
v -64.423599 9.065165 -3.234922
v -64.896263 9.229084 -2.675413
v -65.163559 9.689571 -2.397471
v -64.373474 9.346457 -3.255971
v -64.782516 9.481524 -2.782031
v -64.973404 9.808016 -2.607208
v -64.280037 9.616932 -3.242996
v -64.626160 9.724260 -2.850251
v -64.741859 9.921907 -2.773509
v -64.146660 9.866205 -3.196706
v -64.433205 9.947968 -2.877467
v -64.477943 10.026871 -2.889842
v -63.978607 10.084694 -3.118675
v -64.210968 10.144047 -2.862734
v -64.191803 10.118870 -2.951740
v -63.782246 10.264002 -3.012144
v -63.968143 10.304966 -2.806456
v -63.894287 10.194376 -2.956996
v -63.563713 10.400206 -2.882991
v -63.712658 10.425777 -2.712667
v -63.596188 10.250328 -2.906321
v -63.328056 10.495052 -2.740824
v -63.451130 10.504734 -2.589340
v -63.307243 10.284199 -2.804019
v -85.438660 4.617281 20.100431
v -85.186996 4.617281 20.309769
v -84.899246 4.617281 20.465832
v -84.586624 4.617281 20.562887
v -84.261101 4.617281 20.597078
v -83.935120 4.617281 20.567024
v -83.621262 4.617281 20.474010
v -83.331657 4.617281 20.321606
v -83.077324 4.617281 20.115547
v -82.868065 4.617281 19.863880
v -82.711868 4.617281 19.576132
v -82.614891 4.617281 19.263542
v -82.580704 4.617281 18.937969
v -82.610733 4.617281 18.612007
v -82.703705 4.617281 18.298100
v -82.856201 4.617281 18.008503
v -83.062286 4.617281 17.754200
v -83.313942 4.617281 17.544861
v -83.601608 4.617281 17.388683
v -83.914291 4.617281 17.291763
v -84.239807 4.617281 17.257572
v -84.565826 4.617281 17.287609
v -84.879646 4.617281 17.380640
v -85.169258 4.617281 17.533047
v -85.423615 4.617281 17.739082
v -85.632874 4.617281 17.990751
v -85.789047 4.617281 18.278519
v -85.886024 4.617281 18.591110
v -85.920212 4.617281 18.916681
v -85.890213 4.617281 19.242622
v -85.797157 4.617281 19.556417
v -85.644737 4.617281 19.846128
v -85.186996 4.617281 20.309769
v -85.438660 4.617281 20.100431
v -84.899246 4.617281 20.465832
v -84.586624 4.617281 20.562887
v -84.261101 4.617281 20.597078
v -83.935120 4.617281 20.567024
v -83.621262 4.617281 20.474010
v -83.331657 4.617281 20.321606
v -83.077324 4.617281 20.115547
v -82.868065 4.617281 19.863880
v -82.711868 4.617281 19.576132
v -82.614891 4.617281 19.263542
v -82.580704 4.617281 18.937969
v -82.610733 4.617281 18.612007
v -82.703705 4.617281 18.298100
v -82.856201 4.617281 18.008503
v -83.062286 4.617281 17.754200
v -83.313942 4.617281 17.544861
v -83.601608 4.617281 17.388683
v -83.914291 4.617281 17.291763
v -84.239807 4.617281 17.257572
v -84.565826 4.617281 17.287609
v -84.879646 4.617281 17.380640
v -85.169258 4.617281 17.533047
v -85.423615 4.617281 17.739082
v -85.632874 4.617281 17.990751
v -85.789047 4.617281 18.278519
v -85.886024 4.617281 18.591110
v -85.920212 4.617281 18.916681
v -85.890213 4.617281 19.242622
v -85.797157 4.617281 19.556417
v -85.644737 4.617281 19.846128
v -84.783653 5.195745 19.714380
v -84.926956 5.195745 19.595222
v -84.619858 5.195745 19.803270
v -84.441872 5.195745 19.858524
v -84.256531 5.195745 19.877951
v -84.070938 5.195745 19.860897
v -83.892273 5.195745 19.807905
v -83.727364 5.195745 19.721136
v -83.582558 5.195745 19.603825
v -83.463387 5.195745 19.460497
v -83.374474 5.195745 19.296673
v -83.319260 5.195745 19.118744
v -83.299835 5.195745 18.933397
v -83.316879 5.195745 18.747808
v -83.369896 5.195745 18.569164
v -83.452957 5.197218 18.400551
v -83.566772 5.198618 18.252274
v -83.713608 5.197218 18.136648
v -83.881081 5.195745 18.051359
v -84.059067 5.195745 17.996105
v -84.244415 5.195745 17.976681
v -84.429977 5.195745 17.993753
v -84.608673 5.195745 18.046724
v -84.773575 5.195745 18.133495
v -84.918381 5.195745 18.250805
v -85.037560 5.195745 18.394135
v -85.126472 5.195745 18.557959
v -85.181656 5.195745 18.735909
v -85.201111 5.195745 18.921234
v -85.184029 5.195745 19.106842
v -85.131042 5.195745 19.285465
v -85.044312 5.195745 19.450476
v -85.186996 5.195745 20.309769
v -85.438660 5.195745 20.100431
v -84.899246 5.195745 20.465832
v -84.586624 5.195745 20.562887
v -84.261101 5.195745 20.597078
v -83.935120 5.195745 20.567024
v -83.621262 5.195745 20.474010
v -83.331657 5.195745 20.321606
v -83.077324 5.195745 20.115547
v -82.868065 5.195745 19.863880
v -82.711868 5.195745 19.576132
v -82.614891 5.195745 19.263542
v -82.580704 5.195745 18.937969
v -82.610733 5.195745 18.612007
v -82.689957 5.202915 18.283684
v -82.828651 5.238928 17.972393
v -83.025482 5.261385 17.717850
v -83.277435 5.238928 17.517719
v -83.586975 5.202915 17.375088
v -83.914291 5.195745 17.291763
v -84.239807 5.195745 17.257572
v -84.565826 5.195745 17.287609
v -84.879646 5.195745 17.380640
v -85.169258 5.195745 17.533047
v -85.423615 5.195745 17.739082
v -85.632874 5.195745 17.990751
v -85.789047 5.195745 18.278519
v -85.886024 5.195745 18.591110
v -85.920212 5.195745 18.916681
v -85.890213 5.195745 19.242622
v -85.797157 5.195745 19.556417
v -85.644737 5.195745 19.846128
v -83.185745 8.275326 18.174911
v -83.337265 8.296053 18.025673
v -83.035767 8.213943 18.314117
v -82.893188 8.114258 18.438158
v -82.763382 7.980106 18.542063
v -82.651390 7.816645 18.621984
v -82.561508 7.630148 18.674784
v -82.497124 7.427792 18.698341
v -82.460846 7.217342 18.691977
v -82.454002 7.006895 18.655777
v -82.476822 6.804539 18.591137
v -82.528366 6.618038 18.500488
v -82.606865 6.454576 18.387562
v -82.709137 6.320425 18.256428
v -82.831284 6.220741 18.112206
v -82.968643 6.159357 17.960550
v -83.115875 6.138632 17.807110
v -83.267365 6.159357 17.657894
v -83.417374 6.220741 17.518665
v -83.559921 6.320425 17.394646
v -83.689758 6.454576 17.290718
v -83.801727 6.618038 17.210819
v -83.891602 6.804539 17.158020
v -83.956017 7.006895 17.134441
v -83.992264 7.217342 17.140825
v -83.999138 7.427792 17.177006
v -83.976318 7.630148 17.241646
v -83.924774 7.816645 17.332294
v -83.846245 7.980106 17.445242
v -83.743996 8.114258 17.576351
v -83.621857 8.213943 17.720575
v -83.484489 8.275326 17.872231
v -71.111633 10.323448 7.129764
v -71.315926 10.365383 6.945185
v -70.908035 10.226744 7.300220
v -70.721390 10.093843 7.458315
v -70.553596 9.920395 7.592712
v -70.408783 9.709045 7.696037
v -70.292519 9.467922 7.764235
v -70.209396 9.206287 7.794826
v -70.162422 8.934193 7.786485
v -70.153549 8.662104 7.739721
v -70.183022 8.400463 7.656087
v -70.249763 8.159338 7.538998
v -70.351219 7.947989 7.392924
v -70.483437 7.774546 7.223378
v -70.641380 7.645662 7.036990
v -70.818947 7.566292 6.840831
v -71.009354 7.539494 6.642468
v -71.205215 7.566292 6.449553
v -71.399147 7.645662 6.269559
v -71.583542 7.774546 6.109269
v -71.751335 7.947989 5.974870
v -71.896141 8.159338 5.871546
v -72.012383 8.400469 5.803369
v -72.095535 8.662104 5.772758
v -72.142502 8.934193 5.781098
v -72.151382 9.206287 5.827862
v -72.121902 9.467922 5.911496
v -72.055168 9.709045 6.028584
v -71.953705 9.920395 6.174659
v -71.821487 10.093843 6.344206
v -71.665771 10.226744 6.532810
v -71.497841 10.323448 6.738527
v -70.382492 10.690803 6.467175
v -70.626381 10.690443 6.264369
v -70.103775 10.691890 6.618573
v -69.800835 10.693650 6.712577
v -69.485367 10.696015 6.745718
v -69.169525 10.698900 6.716646
v -68.865402 10.702195 6.626494
v -68.584808 10.705764 6.478857
v -68.338371 10.709479 6.279259
v -68.135551 10.713196 6.035288
v -67.984344 10.716763 5.756650
v -67.890388 10.720057 5.453718
v -67.857254 10.722947 5.138204
v -67.886353 10.725308 4.822343
v -67.976570 10.727069 4.518298
v -68.124298 10.728155 4.237595
v -68.323959 10.728516 3.991118
v -68.567879 10.728155 3.788291
v -68.846680 10.727069 3.637007
v -69.149620 10.725307 3.543004
v -69.465057 10.722946 3.509882
v -69.780922 10.720057 3.538935
v -70.084969 10.716763 3.628972
v -70.365646 10.713195 3.776723
v -70.612083 10.709478 3.976322
v -70.814819 10.705763 4.220179
v -70.966080 10.702195 4.498951
v -71.060059 10.698905 4.801863
v -71.093109 10.696015 5.117262
v -71.064011 10.693650 5.433124
v -70.973877 10.691890 5.737282
v -70.826065 10.690803 6.017871
v -70.382492 11.185499 6.467175
v -70.626381 11.185139 6.264369
v -70.103775 11.186585 6.618573
v -69.800835 11.188346 6.712577
v -69.485367 11.190712 6.745718
v -69.169525 11.193597 6.716646
v -68.865402 11.196887 6.626494
v -68.584808 11.200459 6.478857
v -68.338371 11.204175 6.279259
v -68.135551 11.207891 6.035288
v -67.984344 11.211459 5.756650
v -67.890388 11.214754 5.453718
v -67.857254 11.217637 5.138204
v -67.886353 11.220004 4.822343
v -67.976570 11.221766 4.518298
v -68.124298 11.222846 4.237595
v -68.323959 11.223211 3.991118
v -68.567879 11.222846 3.788291
v -68.846680 11.221766 3.637007
v -69.149620 11.220003 3.543004
v -69.465057 11.217636 3.509882
v -69.780922 11.214753 3.538935
v -70.084969 11.211458 3.628972
v -70.365646 11.207891 3.776723
v -70.612083 11.204174 3.976322
v -70.814819 11.200459 4.220179
v -70.966080 11.196887 4.498951
v -71.060059 11.193601 4.801863
v -71.093109 11.190712 5.117262
v -71.064011 11.188346 5.433124
v -70.973877 11.186585 5.737282
v -70.826065 11.185499 6.017871
v -71.109161 11.170544 7.540014
v -71.548447 11.169888 7.174830
v -70.607117 11.172494 7.812545
v -70.061539 11.175670 7.981885
v -69.493500 11.179931 8.041588
v -68.924675 11.185120 7.989274
v -68.376991 11.191055 7.826937
v -67.871582 11.197484 7.560989
v -67.427742 11.204171 7.201445
v -67.062660 11.210868 6.762301
v -66.790245 11.217296 6.260297
v -66.620934 11.223225 5.714706
v -66.561409 11.228425 5.146664
v -66.613800 11.232681 4.577827
v -66.776207 11.235851 4.030181
v -67.042343 11.237802 3.524723
v -67.401924 11.238458 3.080812
v -67.841209 11.237802 2.715629
v -68.343254 11.235851 2.443098
v -68.888824 11.232681 2.273758
v -69.456871 11.228424 2.214055
v -70.025696 11.223224 2.266369
v -70.573288 11.217295 2.428592
v -71.078789 11.210867 2.694654
v -71.522545 11.204170 3.054084
v -71.887711 11.197483 3.493341
v -72.160118 11.191054 3.995346
v -72.329346 11.185130 4.540822
v -72.388954 11.179931 5.108979
v -72.336456 11.175670 5.677722
v -72.174156 11.172494 6.225461
v -71.908028 11.170544 6.730920
v -71.117287 11.519461 7.548050
v -71.556572 11.518805 7.182867
v -70.615242 11.521415 7.820580
v -70.069672 11.524586 7.989921
v -69.501625 11.528847 8.049623
v -68.932800 11.534041 7.997309
v -68.385201 11.539971 7.835086
v -67.879738 11.546400 7.569005
v -67.435982 11.553092 7.209574
v -67.070786 11.559783 6.770338
v -66.798378 11.566213 6.268333
v -66.629181 11.572142 5.722836
v -66.569565 11.577341 5.154679
v -66.622040 11.581597 4.585957
v -66.784340 11.584767 4.038218
v -67.050468 11.586722 3.532759
v -67.410049 11.587379 3.088849
v -67.849335 11.586722 2.723665
v -68.351387 11.584767 2.451134
v -68.896957 11.581597 2.281794
v -69.465027 11.577340 2.222070
v -70.033821 11.572141 2.274405
v -70.581505 11.566212 2.436743
v -71.086914 11.559782 2.702690
v -71.530754 11.553091 3.062234
v -71.895836 11.546399 3.501378
v -72.168274 11.539970 4.003361
v -72.337555 11.534045 4.548973
v -72.397087 11.528847 5.117015
v -72.344696 11.524586 5.685852
v -72.182289 11.521415 6.233498
v -71.916153 11.519461 6.738955
v -70.581757 10.295277 6.220284
v -70.391579 10.534243 6.032550
v -70.523376 10.533934 6.162663
v -70.713860 10.495049 5.950105
v -70.582283 10.504730 5.805868
v -70.773262 10.284199 5.980101
v -70.889381 10.400206 5.738155
v -70.743149 10.425772 5.565682
v -70.917244 10.250322 5.709460
v -71.049553 10.263998 5.541241
v -70.873810 10.304962 5.326922
v -71.011658 10.194370 5.422250
v -71.184090 10.084690 5.362846
v -70.965485 10.144037 5.095129
v -71.050667 10.118866 5.127270
v -71.286171 9.866199 5.208290
v -71.013031 9.947958 4.877523
v -71.031914 10.026865 4.835131
v -71.351799 9.616922 5.083280
v -71.014755 9.724247 4.682694
v -70.955963 9.921898 4.556772
v -71.378410 9.346445 4.992661
v -70.970482 9.481508 4.517911
v -70.825943 9.808006 4.303181
v -71.365181 9.065161 4.940167
v -70.881905 9.229069 4.389621
v -70.646683 9.689562 4.083921
v -71.312401 8.783875 4.927511
v -70.752464 8.976631 4.302650
v -70.425186 9.571119 3.907508
v -71.222153 8.513399 4.955268
v -70.587158 8.733892 4.260510
v -70.170013 9.457228 3.780785
v -71.098053 8.264126 5.022544
v -70.392311 8.510191 4.264695
v -69.890778 9.352268 3.708437
v -70.944687 8.045637 5.126521
v -70.175377 8.314106 4.315009
v -69.598335 9.260269 3.693374
v -70.768059 7.866327 5.263347
v -69.944679 8.153185 4.409575
v -69.303894 9.184759 3.736144
v -70.574875 7.733091 5.427609
v -69.709198 8.033615 4.544806
v -69.018745 9.128660 3.834978
v -70.372681 7.651039 5.613275
v -69.477951 7.959982 4.715523
v -68.753937 9.094114 3.986358
v -70.169083 7.623339 5.812878
v -69.259773 7.935122 4.915113
v -68.519615 9.082449 4.184278
v -69.972084 7.651039 6.019016
v -69.063004 7.959986 5.135747
v -68.324631 9.094114 4.421065
v -69.789047 7.733091 6.223528
v -68.895317 8.033621 5.369213
v -68.176781 9.128664 4.687894
v -69.627228 7.866331 6.418849
v -68.763123 8.153196 5.606470
v -68.081444 9.184769 4.974204
v -69.492645 8.045641 6.597109
v -68.671448 8.314116 5.838264
v -68.042465 9.260279 5.269163
v -69.390617 8.264130 6.751800
v -68.623810 8.510201 6.055756
v -68.061218 9.352280 5.561302
v -69.325012 8.513403 6.876790
v -68.622177 8.733908 6.250698
v -68.137169 9.457235 5.839661
v -69.298317 8.783878 6.967294
v -68.666451 8.976646 6.415482
v -68.267189 9.571133 6.093252
v -69.311630 9.065165 7.019901
v -68.755028 9.229084 6.543772
v -68.446419 9.689571 6.312532
v -69.364410 9.346457 7.032557
v -68.884384 9.481524 6.630628
v -68.667915 9.808016 6.488946
v -69.454552 9.616932 7.004707
v -69.049774 9.724260 6.672882
v -68.923203 9.921907 6.615762
v -69.578728 9.866205 6.937546
v -69.244621 9.947968 6.668698
v -69.202354 10.026871 6.687995
v -69.732094 10.084694 6.833568
v -69.461548 10.144047 6.618383
v -69.494774 10.118870 6.703079
v -69.908722 10.264002 6.696742
v -69.692139 10.304966 6.523725
v -69.789291 10.194376 6.660424
v -70.103584 10.400206 6.534055
v -69.929184 10.425777 6.389975
v -70.075302 10.250328 6.562356
v -70.313263 10.495052 6.355845
v -70.167358 10.504734 6.226071
v -70.343956 10.284199 6.414807
v -56.707401 11.306870 -6.228450
v -55.432194 11.306870 9.769724
v -56.707401 11.923992 -6.228450
v -55.432194 11.923992 9.769724
v -70.109810 11.306868 10.939668
v -71.385010 11.306868 -5.058506
v -70.109810 11.923990 10.939668
v -71.385010 11.923990 -5.058506
vn 0.9980 -0.0000 -0.0625
vn -0.9980 -0.0000 0.0625
vn -0.0000 1.0000 -0.0000
vn -0.0000 -1.0000 -0.0000
vn -0.0625 -0.0000 -0.9980
vn 0.0625 -0.0000 0.9980
vn 0.2884 0.4853 -0.8254
vn 0.8729 0.4852 -0.0506
vn 0.7983 -0.0000 -0.6022
vn 0.9968 -0.0000 -0.0795
vn -0.6401 0.7088 -0.2965
vn -0.9968 -0.0000 0.0795
vn -0.1092 0.7088 -0.6969
vn 0.4818 0.6854 0.5460
vn -0.6855 0.7089 -0.1660
vn -0.2429 0.7089 -0.6622
vn 0.5923 0.6801 0.4320
vn -0.7048 0.7088 -0.0289
vn -0.3676 0.7088 -0.6020
vn 0.0001 1.0000 -0.0000
vn 0.6671 0.6854 0.2919
vn -0.6969 0.7088 0.1091
vn -0.4779 0.7088 -0.5188
vn 0.7018 0.6968 0.1483
vn -0.6622 0.7088 0.2431
vn -0.5700 0.7088 -0.4156
vn 0.7081 0.7058 0.0198
vn -0.6021 0.7088 0.3676
vn 0.6969 0.7088 -0.1091
vn -0.0001 1.0000 0.0001
vn -0.5188 0.7088 0.4779
vn 0.6622 0.7088 -0.2430
vn -0.4157 0.7088 0.5700
vn 0.6020 0.7088 -0.3676
vn -0.2965 0.7089 0.6400
vn 0.5188 0.7088 -0.4779
vn -0.1659 0.7088 0.6856
vn 0.4156 0.7088 -0.5700
vn -0.0288 0.7088 0.7048
vn 0.2965 0.7089 -0.6400
vn 0.1091 0.7089 0.6969
vn 0.1659 0.7088 -0.6856
vn 0.2354 0.7059 0.6681
vn 0.0289 0.7089 -0.7048
vn 0.3557 0.6968 0.6229
vn -0.6106 0.5828 -0.5362
vn 0.2187 0.4853 0.8465
vn -0.6977 0.4853 0.5270
vn -0.3293 -0.0000 0.9442
vn 0.1218 0.4853 -0.8658
vn 0.8462 0.4853 -0.2200
vn 0.6654 -0.0000 -0.7465
vn 0.3797 0.4853 0.7876
vn -0.5815 0.4852 0.6530
vn -0.1387 -0.0000 0.9903
vn -0.0493 0.4853 -0.8730
vn 0.7871 0.4853 -0.3806
vn 0.5073 -0.0000 -0.8618
vn 0.5260 0.4853 0.6984
vn -0.4430 0.4852 0.7539
vn 0.0571 -0.0000 0.9984
vn -0.2187 0.4852 -0.8466
vn 0.6977 0.4853 -0.5270
vn 0.3293 -0.0000 -0.9442
vn 0.6521 0.4853 0.5825
vn -0.2886 0.4862 0.8248
vn 0.2507 -0.0000 0.9681
vn -0.3797 0.4853 -0.7876
vn 0.5815 0.4853 -0.6530
vn 0.1387 -0.0000 -0.9903
vn 0.7466 0.4805 0.4601
vn -0.1395 0.4811 0.8655
vn 0.4113 -0.0146 0.9114
vn -0.8730 0.4852 0.0494
vn -0.3808 0.4853 -0.7871
vn -0.8619 -0.0000 -0.5071
vn -0.5260 0.4853 -0.6984
vn 0.4430 0.4852 -0.7539
vn -0.0571 -0.0000 -0.9984
vn 0.8326 0.4599 0.3087
vn 0.0296 0.4667 0.8839
vn 0.5766 -0.0491 0.8155
vn -0.8466 0.4853 0.2187
vn -0.5270 0.4852 -0.6977
vn -0.9442 -0.0000 -0.3293
vn -0.6522 0.4853 -0.5823
vn 0.2873 0.4852 -0.8258
vn -0.2509 -0.0000 -0.9680
vn 0.8881 0.4431 0.1223
vn 0.2133 0.4493 0.8675
vn 0.7385 -0.0752 0.6700
vn -0.7876 0.4853 0.3797
vn -0.6530 0.4852 -0.5815
vn -0.9903 -0.0000 -0.1387
vn -0.7532 0.4853 -0.4440
vn 0.1207 0.4853 -0.8660
vn -0.4348 -0.0000 -0.9005
vn 0.8912 0.4493 -0.0621
vn 0.3880 0.4431 0.8082
vn 0.8638 -0.0752 0.4983
vn -0.6984 0.4853 0.5261
vn -0.7539 0.4852 -0.4428
vn -0.9984 -0.0000 0.0573
vn -0.8254 0.4852 -0.2884
vn -0.0506 0.4853 -0.8729
vn -0.6022 -0.0000 -0.7983
vn 0.8506 0.4667 -0.2420
vn 0.5485 0.4599 0.6984
vn 0.9527 -0.0491 0.2998
vn -0.5823 0.4853 0.6522
vn -0.8258 0.4853 -0.2873
vn -0.9680 -0.0000 0.2509
vn -0.8658 0.4853 -0.1219
vn -0.2199 0.4853 -0.8463
vn -0.7463 -0.0000 -0.6656
vn 0.7814 0.4810 -0.3976
vn 0.6663 0.4805 0.5702
vn 0.9935 -0.0147 0.1129
vn -0.4440 0.4853 0.7532
vn -0.8660 0.4853 -0.1207
vn -0.9005 -0.0000 0.4348
vn 0.6972 0.4862 -0.5268
vn 0.7538 0.4853 0.4430
vn 0.9984 -0.0000 -0.0570
vn -0.2884 0.4852 0.8254
vn -0.8729 0.4853 0.0506
vn -0.7983 -0.0000 0.6022
vn 0.5824 0.4852 -0.6522
vn 0.8258 0.4853 0.2873
vn 0.9680 -0.0000 -0.2509
vn -0.1220 0.4853 0.8658
vn -0.8464 0.4852 0.2197
vn -0.6657 -0.0000 0.7462
vn 0.4439 0.4853 -0.7533
vn 0.8660 0.4853 0.1207
vn 0.9005 -0.0000 -0.4349
vn 0.0495 0.4853 0.8730
vn -0.7871 0.4853 0.3809
vn -0.5069 -0.0000 0.8620
vn -0.0002 1.0000 0.0004
vn 0.0004 1.0000 0.0002
vn -0.0143 0.9999 0.0015
vn -0.0743 0.9971 0.0164
vn -0.0811 0.9966 -0.0119
vn -0.0361 0.9966 -0.0736
vn -0.0071 0.9971 -0.0757
vn -0.0029 0.9999 -0.0141
vn -0.1659 0.9853 0.0404
vn -0.5100 0.5680 -0.6460
vn -0.3933 0.5371 -0.7462
vn -0.2575 0.4871 -0.8345
vn -0.0999 0.4141 -0.9047
vn 0.0795 0.3143 -0.9460
vn 0.2737 0.1869 -0.9435
vn 0.4673 0.0378 -0.8833
vn 0.6366 -0.1177 -0.7622
vn 0.7618 -0.2601 -0.5933
vn 0.8360 -0.3748 -0.4009
vn 0.8650 -0.4576 -0.2061
vn 0.8591 -0.5112 -0.0227
vn 0.8279 -0.5421 0.1437
vn 0.7808 -0.5556 0.2859
vn 0.7144 -0.5595 0.4202
vn 0.6185 -0.5595 0.5517
vn 0.5109 -0.5555 0.6560
vn 0.3900 -0.5421 0.7443
vn 0.2409 -0.5112 0.8250
vn 0.0682 -0.4576 0.8866
vn -0.1258 -0.3749 0.9185
vn -0.1255 -0.3745 0.9187
vn -0.3319 -0.2601 0.9067
vn -0.3324 -0.2599 0.9066
vn -0.5314 -0.1174 0.8390
vn -0.6979 0.0375 0.7152
vn -0.8147 0.1869 0.5490
vn -0.8764 0.3144 0.3646
vn -0.8919 0.4142 0.1814
vn -0.8733 0.4870 0.0102
vn -0.8307 0.5371 -0.1464
vn -0.7710 0.5680 -0.2880
vn -0.6972 0.5828 -0.4174
vn 0.3896 0.6293 -0.6725
vn -0.1085 -0.9540 0.2796
vn -0.2744 0.9404 0.2008
vn 0.2982 0.7674 -0.5676
vn 0.0064 -0.9920 0.1257
vn -0.3585 0.8732 0.3300
vn 0.1989 0.8723 -0.4467
vn 0.1205 -0.9922 -0.0332
vn -0.4415 0.7686 0.4629
vn 0.1034 0.9398 -0.3256
vn 0.2294 -0.9544 -0.1912
vn -0.5118 0.6307 0.5833
vn -0.0138 0.9851 -0.1715
vn 0.3292 -0.8800 -0.3423
vn -0.5629 0.4686 0.6808
vn 0.4158 -0.7721 -0.4806
vn -0.5928 0.2882 0.7520
vn 0.4860 -0.6346 -0.6009
vn -0.6004 0.0964 0.7938
vn 0.5373 -0.4725 -0.6987
vn -0.5854 -0.0988 0.8047
vn 0.5673 -0.2925 -0.7698
vn -0.5483 -0.2906 0.7842
vn 0.5750 -0.1009 -0.8119
vn -0.4905 -0.4710 0.7332
vn 0.5602 0.0943 -0.8230
vn -0.4145 -0.6331 0.6537
vn 0.5232 0.2862 -0.8027
vn -0.3230 -0.7711 0.5487
vn 0.4657 0.4665 -0.7520
vn -0.2196 -0.8794 0.4223
vn -0.6022 -0.0000 -0.7984
vn 0.0095 -0.9999 0.0069
vn 0.9442 -0.0000 0.3293
vn -0.9681 -0.0000 0.2506
vn -0.7464 -0.0000 -0.6655
vn 0.9903 -0.0000 0.1388
vn 0.9903 0.0003 0.1390
vn -0.9005 -0.0000 0.4349
vn 0.9983 0.0001 -0.0575
vn 0.9984 -0.0000 -0.0572
vn -0.7984 -0.0000 0.6021
vn 0.9681 -0.0000 -0.2507
vn 0.9005 -0.0000 -0.4348
vn 0.7984 -0.0000 -0.6021
vn -0.3292 -0.0000 0.9443
vn 0.6657 -0.0000 -0.7462
vn 0.5069 -0.0000 -0.8620
vn 0.0573 -0.0000 0.9984
vn 0.3292 -0.0000 -0.9443
vn 0.2508 -0.0000 0.9680
vn 0.4349 -0.0000 0.9005
vn -0.8618 -0.0000 -0.5073
vn -0.0573 -0.0000 -0.9984
vn 0.6022 -0.0000 0.7984
vn -0.2507 -0.0000 -0.9681
vn 0.7464 -0.0000 0.6655
vn -0.9903 -0.0000 -0.1389
vn -0.4350 -0.0000 -0.9004
vn 0.8618 -0.0000 0.5072
vn 0.6655 0.0032 -0.7464
vn -0.0095 0.9999 -0.0069
vn -0.1389 0.0155 0.9902
vn 0.5072 -0.0032 -0.8618
vn 0.0571 0.0209 0.9981
vn 0.3293 -0.0095 -0.9442
vn 0.2506 0.0255 0.9677
vn 0.1389 -0.0155 -0.9902
vn 0.4346 0.0290 0.9002
vn -0.8614 -0.0328 -0.5068
vn -0.0571 -0.0209 -0.9981
vn 0.6018 0.0315 0.7980
vn -0.9438 -0.0315 -0.3291
vn -0.2507 -0.0255 -0.9677
vn 0.7460 0.0327 0.6652
vn -0.9899 -0.0290 -0.1386
vn -0.4346 -0.0290 -0.9002
vn 0.8614 0.0327 0.5069
vn -0.9980 -0.0255 0.0572
vn -0.6018 -0.0315 -0.7980
vn 0.9438 0.0315 0.3290
vn -0.9678 -0.0209 0.2508
vn -0.7459 -0.0328 -0.6652
vn 0.9899 0.0290 0.1386
vn -0.9003 -0.0155 0.4349
vn 0.9980 0.0255 -0.0572
vn -0.7983 -0.0095 0.6022
vn 0.9678 0.0209 -0.2508
vn -0.6655 -0.0032 0.7464
vn 0.9003 0.0155 -0.4349
vn -0.5072 0.0032 0.8618
vn 0.7983 0.0096 -0.6021
vn -0.3293 0.0096 0.9442
vn -0.6035 -0.1487 -0.7834
vn -0.7364 -0.1569 -0.6581
vn -0.4540 -0.1219 -0.8826
vn -0.2782 -0.0872 -0.9566
vn -0.0850 -0.0589 -0.9946
vn 0.1152 -0.0424 -0.9924
vn 0.3118 -0.0381 -0.9494
vn 0.4959 -0.0440 -0.8672
vn 0.6592 -0.0575 -0.7498
vn 0.7945 -0.0755 -0.6026
vn 0.8965 -0.0957 -0.4325
vn 0.9621 -0.1158 -0.2468
vn 0.9896 -0.1337 -0.0536
vn 0.9895 -0.1340 -0.0538
vn 0.9789 -0.1485 0.1405
vn 0.9789 -0.1484 0.1402
vn 0.9316 -0.1586 0.3270
vn 0.8498 -0.1639 0.5010
vn 0.7368 -0.1639 0.6559
vn 0.5962 -0.1586 0.7870
vn 0.4328 -0.1484 0.8892
vn 0.2515 -0.1337 0.9586
vn 0.0592 -0.1158 0.9915
vn -0.1377 -0.0957 0.9858
vn -0.3309 -0.0755 0.9406
vn -0.5123 -0.0575 0.8569
vn -0.6741 -0.0440 0.7373
vn -0.8086 -0.0381 0.5871
vn -0.9097 -0.0425 0.4131
vn -0.9730 -0.0589 0.2231
vn -0.9958 -0.0872 0.0276
vn -0.9958 -0.0868 0.0278
vn -0.9792 -0.1219 -0.1625
vn -0.9791 -0.1217 -0.1628
vn -0.9304 -0.1487 -0.3351
vn -0.8517 -0.1569 -0.5000
vn 0.4618 -0.7492 0.4748
vn 0.0463 0.9925 -0.1133
vn -0.0335 0.9774 -0.2088
vn 0.3086 -0.7485 0.5869
vn 0.1000 0.9457 -0.3092
vn 0.0822 0.9274 -0.3650
vn 0.1379 -0.7488 0.6483
vn 0.1377 -0.7487 0.6484
vn 0.1443 0.8701 -0.4713
vn 0.1441 0.8701 -0.4714
vn 0.1676 0.8642 -0.4745
vn -0.1058 -0.7804 0.6163
vn -0.1060 -0.7805 0.6162
vn 0.2155 0.7572 -0.6166
vn 0.2154 0.7573 -0.6165
vn 0.2663 0.7616 -0.5908
vn -0.5252 -0.7697 -0.3629
vn 0.2964 0.6125 -0.7327
vn 0.3606 0.6238 -0.6934
vn 0.0171 0.0340 -0.9993
vn 0.3770 0.4454 -0.8121
vn 0.4398 0.4614 -0.7705
vn 0.2820 0.0676 -0.9570
vn 0.4505 0.2630 -0.8532
vn 0.5005 0.2817 -0.8186
vn 0.4653 -0.0126 -0.8851
vn 0.5110 0.0722 -0.8566
vn 0.5407 0.0904 -0.8363
vn 0.6089 -0.1229 -0.7837
vn 0.5537 -0.1206 -0.8239
vn 0.5587 -0.1042 -0.8228
vn 0.7170 -0.2401 -0.6544
vn 0.5752 -0.3070 -0.7582
vn 0.5539 -0.2952 -0.7785
vn 0.7895 -0.3530 -0.5020
vn 0.5738 -0.4806 -0.6631
vn 0.5265 -0.4744 -0.7055
vn 0.8261 -0.4540 -0.3338
vn 0.5490 -0.6348 -0.5437
vn 0.4774 -0.6361 -0.6061
vn 0.8280 -0.5382 -0.1574
vn 0.5018 -0.7639 -0.4058
vn 0.4088 -0.7732 -0.4849
vn 0.7974 -0.6031 0.0210
vn 0.4338 -0.8642 -0.2550
vn 0.3232 -0.8808 -0.3460
vn 0.7374 -0.6468 0.1947
vn 0.3477 -0.9325 -0.0973
vn 0.2238 -0.9549 -0.1949
vn 0.6508 -0.6688 0.3592
vn 0.2466 -0.9672 0.0615
vn 0.1145 -0.9927 -0.0374
vn 0.5410 -0.6688 0.5099
vn 0.1340 -0.9672 0.2160
vn -0.0006 -0.9927 0.1204
vn 0.4109 -0.6468 0.6425
vn 0.0137 -0.9326 0.3607
vn -0.1171 -0.9550 0.2727
vn 0.2637 -0.6030 0.7529
vn -0.1102 -0.8642 0.4910
vn -0.2306 -0.8808 0.4135
vn 0.1033 -0.5382 0.8365
vn -0.2330 -0.7639 0.6018
vn -0.3367 -0.7732 0.5375
vn -0.0653 -0.4540 0.8886
vn -0.3498 -0.6348 0.6889
vn -0.4312 -0.6361 0.6399
vn -0.2366 -0.3530 0.9052
vn -0.4560 -0.4806 0.7491
vn -0.5108 -0.4744 0.7170
vn -0.4039 -0.2401 0.8827
vn -0.5460 -0.3070 0.7795
vn -0.5719 -0.2952 0.7654
vn -0.5600 -0.1229 0.8193
vn -0.6152 -0.1207 0.7791
vn -0.6126 -0.1042 0.7835
vn -0.7004 -0.0126 0.7136
vn -0.6594 0.0722 0.7484
vn -0.6310 0.0904 0.7705
vn -0.8250 0.0676 0.5611
vn -0.6746 0.2630 0.6898
vn -0.6264 0.2817 0.7268
vn -0.9462 0.0339 0.3217
vn -0.6580 0.4454 0.6072
vn -0.5991 0.4614 0.6543
vn -0.5060 -0.7697 -0.3891
vn -0.6070 0.6125 0.5063
vn -0.5500 0.6238 0.5553
vn 0.5545 -0.7803 -0.2892
vn 0.5546 -0.7804 -0.2888
vn 0.5543 -0.7805 -0.2891
vn -0.5212 0.7573 0.3935
vn -0.5214 0.7572 0.3935
vn -0.4811 0.7616 0.4342
vn 0.6597 -0.7485 -0.0669
vn 0.6594 -0.7488 -0.0669
vn 0.6593 -0.7488 -0.0671
vn -0.4047 0.8701 0.2813
vn -0.4046 0.8701 0.2815
vn -0.4005 0.8642 0.3046
vn 0.6531 -0.7485 0.1144
vn -0.2638 0.9457 0.1897
vn -0.3224 0.9274 0.1898
vn 0.5932 -0.7492 0.2946
vn -0.0936 0.9925 0.0788
vn -0.2091 0.9774 0.0320
vn -0.0003 1.0000 -0.0000
vn -0.0003 1.0000 0.0001
vn -0.1763 0.4853 0.8564
vn -0.8585 0.4852 0.1660
vn -0.7113 -0.0000 0.7029
vn 0.6737 0.7088 0.2091
vn 0.2006 0.7089 0.6762
vn -0.5500 0.6854 -0.4773
vn 0.7016 0.7088 0.0734
vn 0.3287 0.7088 0.6242
vn -0.6443 0.6802 -0.3496
vn 0.7024 0.7088 -0.0647
vn 0.4442 0.7088 0.5480
vn -0.6999 0.6854 -0.2008
vn 0.6762 0.7089 -0.2006
vn 0.5425 0.7088 0.4509
vn -0.7153 0.6968 -0.0539
vn 0.6241 0.7088 -0.3287
vn 0.6200 0.7088 0.3365
vn -0.7045 0.7058 0.0743
vn 0.5480 0.7088 -0.4442
vn -0.6762 0.7089 0.2006
vn 0.4509 0.7088 -0.5424
vn -0.6242 0.7088 0.3286
vn 0.3364 0.7088 -0.6200
vn -0.5479 0.7089 0.4441
vn 0.2090 0.7088 -0.6737
vn -0.4509 0.7088 0.5425
vn 0.0734 0.7088 -0.7016
vn -0.3365 0.7088 0.6199
vn -0.0648 0.7089 -0.7024
vn -0.0000 1.0000 0.0001
vn -0.2090 0.7088 0.6737
vn -0.2006 0.7088 -0.6762
vn -0.0735 0.7088 0.7015
vn -0.3220 0.7058 -0.6310
vn 0.0648 0.7088 0.7024
vn -0.4352 0.6968 -0.5702
vn 0.6763 0.5828 0.4505
vn -0.3291 0.4852 -0.8101
vn 0.6216 0.4853 -0.6149
vn 0.2011 -0.0000 -0.9796
vn -0.0061 0.4853 0.8743
vn -0.8096 0.4853 0.3301
vn -0.5607 -0.0000 0.8280
vn -0.4807 0.4852 -0.7304
vn 0.4898 0.4852 -0.7243
vn 0.0062 -0.0000 -1.0000
vn 0.1645 0.4853 0.8587
vn -0.7298 0.4853 0.4816
vn -0.3886 -0.0000 0.9214
vn -0.6140 0.4853 -0.6225
vn 0.3390 0.4853 -0.8060
vn -0.1891 -0.0000 -0.9820
vn 0.3291 0.4852 0.8101
vn -0.6217 0.4852 0.6149
vn -0.2011 -0.0000 0.9796
vn -0.7237 0.4853 -0.4907
vn 0.1766 0.4862 -0.8558
vn -0.3770 -0.0000 -0.9262
vn 0.4806 0.4853 0.7304
vn -0.4898 0.4852 0.7243
vn -0.0063 -0.0000 1.0000
vn -0.8010 0.4806 -0.3570
vn 0.0236 0.4810 -0.8764
vn -0.5285 -0.0147 -0.8488
vn 0.8587 0.4853 -0.1647
vn 0.4818 0.4852 0.7297
vn 0.9215 -0.0000 0.3883
vn 0.6140 0.4853 0.6225
vn -0.3390 0.4853 0.8060
vn 0.1891 -0.0000 0.9820
vn -0.8662 0.4599 -0.1956
vn -0.1466 0.4667 -0.8722
vn -0.6797 -0.0491 -0.7318
vn 0.8101 0.4853 -0.3290
vn 0.6149 0.4852 0.6216
vn 0.9796 -0.0000 0.2011
vn 0.7237 0.4853 0.4906
vn -0.1752 0.4853 0.8566
vn 0.3771 -0.0000 0.9262
vn -0.8964 0.4431 -0.0035
vn -0.3265 0.4492 -0.8316
vn -0.8208 -0.0752 -0.5662
vn 0.7304 0.4853 -0.4807
vn 0.7243 0.4853 0.4898
vn 1.0000 -0.0000 0.0062
vn 0.8054 0.4853 0.3403
vn -0.0049 0.4853 0.8743
vn 0.5503 -0.0000 0.8350
vn -0.8751 0.4493 0.1797
vn -0.4916 0.4432 -0.7496
vn -0.9222 -0.0752 -0.3794
vn 0.6226 0.4853 -0.6139
vn 0.8059 0.4853 0.3392
vn 0.9820 -0.0000 -0.1888
vn 0.8564 0.4853 0.1764
vn 0.1659 0.4853 0.8585
vn 0.7028 -0.0000 0.7114
vn -0.8110 0.4667 0.3528
vn -0.6363 0.4599 -0.6194
vn -0.9841 -0.0492 -0.1707
vn 0.4907 0.4852 -0.7237
vn 0.8566 0.4852 0.1752
vn 0.9262 -0.0000 -0.3771
vn 0.8743 0.4853 0.0061
vn 0.3301 0.4852 0.8097
vn 0.8280 -0.0000 0.5608
vn -0.7219 0.4810 0.4976
vn -0.7360 0.4806 -0.4769
vn -0.9997 -0.0147 0.0197
vn 0.3402 0.4853 -0.8054
vn 0.8743 0.4853 0.0049
vn 0.8349 -0.0000 -0.5504
vn -0.6212 0.4862 0.6147
vn -0.8059 0.4853 -0.3391
vn -0.9820 -0.0000 0.1889
vn 0.1765 0.4853 -0.8564
vn 0.8586 0.4851 -0.1657
vn 0.7116 -0.0000 -0.7026
vn -0.4907 0.4852 0.7237
vn -0.8566 0.4853 -0.1752
vn -0.9262 -0.0000 0.3771
vn 0.0058 0.4853 -0.8743
vn 0.8096 0.4852 -0.3303
vn 0.5604 -0.0000 -0.8282
vn -0.3402 0.4853 0.8055
vn -0.8744 0.4852 -0.0049
vn -0.8349 -0.0000 0.5504
vn -0.1645 0.4854 -0.8587
vn 0.7297 0.4853 -0.4816
vn 0.3886 -0.0000 -0.9214
vn -0.0001 1.0000 -0.0008
vn -0.0008 1.0000 0.0002
vn 0.0140 0.9999 -0.0034
vn 0.0715 0.9971 -0.0261
vn 0.0820 0.9966 0.0010
vn 0.0455 0.9966 0.0682
vn 0.0171 0.9971 0.0741
vn 0.0048 0.9999 0.0136
vn -0.0004 1.0000 0.0001
vn 0.0002 1.0000 0.0004
vn 0.1568 0.9857 -0.0625
vn 0.5911 0.5680 0.5726
vn 0.4888 0.5371 0.6875
vn 0.3658 0.4871 0.7931
vn 0.2190 0.4141 0.8835
vn 0.0467 0.3143 0.9482
vn -0.1461 0.1870 0.9714
vn -0.3457 0.0380 0.9376
vn -0.5301 -0.1178 0.8397
vn -0.5300 -0.1174 0.8398
vn -0.6764 -0.2600 0.6891
vn -0.6767 -0.2599 0.6888
vn -0.7755 -0.3748 0.5081
vn -0.8300 -0.4575 0.3191
vn -0.8486 -0.5112 0.1364
vn -0.8397 -0.5421 -0.0327
vn -0.8118 -0.5556 -0.1798
vn -0.7639 -0.5595 -0.3217
vn -0.6862 -0.5595 -0.4649
vn -0.5933 -0.5555 -0.5825
vn -0.4853 -0.5421 -0.6860
vn -0.3481 -0.5112 -0.7858
vn -0.3485 -0.5105 -0.7861
vn -0.1854 -0.4577 -0.8696
vn -0.1847 -0.4576 -0.8698
vn 0.0033 -0.3747 -0.9272
vn 0.2088 -0.2600 -0.9427
vn 0.4148 -0.1179 -0.9022
vn 0.5974 0.0379 -0.8011
vn 0.7346 0.1869 -0.6522
vn 0.8203 0.3143 -0.4779
vn 0.8600 0.4141 -0.2983
vn 0.8642 0.4871 -0.1256
vn 0.8428 0.5371 0.0348
vn 0.8023 0.5680 0.1834
vn 0.7464 0.5828 0.3213
vn -0.3063 0.6307 0.7130
vn 0.0706 -0.9540 -0.2913
vn 0.2449 0.9406 -0.2351
vn -0.2286 0.7685 0.5976
vn -0.0245 -0.9919 -0.1246
vn 0.3127 0.8731 -0.3740
vn -0.1448 0.8734 0.4649
vn -0.1181 -0.9919 0.0472
vn 0.3787 0.7683 -0.5160
vn -0.0647 0.9408 0.3327
vn -0.2069 -0.9539 0.2174
vn 0.4337 0.6301 -0.6441
vn 0.0326 0.9857 0.1653
vn -0.2874 -0.8793 0.3798
vn 0.4724 0.4676 -0.7471
vn -0.3563 -0.7712 0.5275
vn 0.4933 0.2873 -0.8210
vn -0.4113 -0.6333 0.6556
vn 0.4956 0.0957 -0.8632
vn -0.4500 -0.4712 0.7586
vn 0.4793 -0.0999 -0.8719
vn -0.4710 -0.2909 0.8328
vn 0.4450 -0.2914 -0.8468
vn -0.4735 -0.0991 0.8752
vn 0.3940 -0.4715 -0.7889
vn -0.4573 0.0963 0.8841
vn 0.3282 -0.6338 -0.7004
vn -0.4230 0.2879 0.8592
vn 0.2503 -0.7715 -0.5849
vn -0.3721 0.4682 0.8015
vn 0.1634 -0.8796 -0.4468
vn -0.0103 -0.9999 -0.0056
vn -0.9796 -0.0000 -0.2010
vn 0.9263 -0.0000 -0.3768
vn 0.8280 -0.0000 0.5607
vn -1.0000 -0.0000 -0.0064
vn 0.8350 -0.0000 -0.5503
vn -0.9820 -0.0000 0.1890
vn -0.9263 -0.0000 0.3768
vn -0.8347 -0.0000 0.5507
vn -0.8348 0.0003 0.5506
vn 0.3885 -0.0000 -0.9215
vn -0.7113 0.0001 0.7028
vn -0.7116 -0.0000 0.7026
vn 0.2013 -0.0000 -0.9795
vn -0.5608 -0.0000 0.8279
vn 0.0060 -0.0000 -1.0000
vn -0.3885 -0.0000 0.9215
vn -0.1892 -0.0000 -0.9819
vn -0.2009 -0.0000 0.9796
vn -0.3769 -0.0000 -0.9262
vn -0.0064 -0.0000 1.0000
vn -0.5505 -0.0000 -0.8348
vn 0.9215 -0.0000 0.3884
vn 0.1893 -0.0000 0.9819
vn -0.7028 -0.0000 -0.7114
vn 0.9795 -0.0000 0.2012
vn -0.8281 -0.0000 -0.5606
vn 1.0000 -0.0000 0.0061
vn 0.5504 -0.0000 0.8349
vn -0.9214 -0.0000 -0.3886
vn 0.9820 -0.0000 -0.1889
vn -0.5608 0.0031 0.8280
vn -0.0107 -0.9999 -0.0058
vn -0.0104 -0.9999 -0.0056
vn -0.0106 -0.9999 -0.0053
vn 0.0103 0.9999 0.0056
vn 0.0063 0.0154 -0.9999
vn -0.3884 -0.0031 0.9215
vn -0.1889 0.0208 -0.9818
vn -0.2012 -0.0097 0.9795
vn -0.3767 0.0254 -0.9260
vn -0.0062 -0.0156 0.9999
vn -0.5501 0.0290 -0.8346
vn 0.9210 -0.0328 0.3882
vn 0.1889 -0.0208 0.9818
vn -0.7023 0.0314 -0.7112
vn 0.9791 -0.0315 0.2010
vn 0.3767 -0.0253 0.9260
vn -0.8276 0.0327 -0.5604
vn 0.9996 -0.0289 0.0061
vn 0.5501 -0.0290 0.8346
vn -0.9210 0.0327 -0.3882
vn 0.9816 -0.0254 -0.1891
vn 0.7023 -0.0315 0.7111
vn -0.9791 0.0315 -0.2010
vn 0.9260 -0.0210 -0.3769
vn 0.8276 -0.0328 0.5604
vn -0.9996 0.0289 -0.0061
vn 0.8347 -0.0156 -0.5504
vn -0.9816 0.0253 0.1891
vn 0.7114 -0.0094 -0.7027
vn 0.7117 -0.0094 -0.7025
vn -0.9260 0.0210 0.3769
vn 0.5606 -0.0025 -0.8281
vn 0.5607 -0.0029 -0.8280
vn -0.8348 0.0156 0.5504
vn 0.3885 0.0033 -0.9214
vn -0.7114 0.0094 0.7027
vn 0.2010 0.0095 -0.9795
vn 0.7021 -0.1486 0.6964
vn 0.8171 -0.1569 0.5547
vn 0.5670 -0.1218 0.8147
vn 0.4027 -0.0871 0.9112
vn 0.2161 -0.0589 0.9746
vn 0.0174 -0.0425 0.9989
vn -0.1833 -0.0381 0.9823
vn -0.3765 -0.0440 0.9254
vn -0.5540 -0.0574 0.8305
vn -0.7076 -0.0755 0.7026
vn -0.7075 -0.0758 0.7027
vn -0.8313 -0.0959 0.5475
vn -0.8311 -0.0957 0.5478
vn -0.9209 -0.1158 0.3722
vn -0.9737 -0.1338 0.1842
vn -0.9889 -0.1483 -0.0091
vn -0.9668 -0.1586 -0.2006
vn -0.9087 -0.1638 -0.3839
vn -0.8173 -0.1638 -0.5525
vn -0.6953 -0.1586 -0.7010
vn -0.5468 -0.1483 -0.8240
vn -0.3764 -0.1337 -0.9168
vn -0.1900 -0.1158 -0.9749
vn 0.0056 -0.0958 -0.9954
vn 0.2035 -0.0755 -0.9762
vn 0.3941 -0.0574 -0.9173
vn 0.5702 -0.0440 -0.8203
vn 0.7236 -0.0381 -0.6891
vn 0.8469 -0.0425 -0.5300
vn 0.9348 -0.0589 -0.3502
vn 0.9834 -0.0871 -0.1592
vn 0.9921 -0.1218 0.0310
vn 0.9666 -0.1486 0.2088
vn 0.9105 -0.1569 0.3825
vn -0.5207 -0.7492 -0.4093
vn -0.0309 0.9925 0.1184
vn 0.0609 0.9774 0.2025
vn -0.3837 -0.7485 -0.5409
vn -0.3834 -0.7486 -0.5409
vn -0.0581 0.9457 0.3198
vn -0.0578 0.9457 0.3197
vn -0.0331 0.9273 0.3728
vn -0.2227 -0.7488 -0.6243
vn -0.2227 -0.7490 -0.6241
vn -0.0804 0.8700 0.4864
vn -0.0805 0.8701 0.4862
vn -0.1031 0.8643 0.4924
vn 0.0231 -0.7804 -0.6249
vn -0.1317 0.7574 0.6396
vn -0.1856 0.7616 0.6209
vn 0.5687 -0.7697 0.2899
vn -0.1968 0.6123 0.7657
vn -0.2655 0.6236 0.7352
vn 0.1158 0.0338 0.9927
vn -0.2660 0.4456 0.8548
vn -0.3337 0.4617 0.8219
vn -0.1527 0.0677 0.9859
vn -0.3334 0.2631 0.9053
vn -0.3876 0.2814 0.8778
vn -0.3438 -0.0126 0.9389
vn -0.3929 0.0720 0.9168
vn -0.4250 0.0904 0.9007
vn -0.4995 -0.1229 0.8575
vn -0.4395 -0.1205 0.8901
vn -0.4447 -0.1042 0.8896
vn -0.6240 -0.2402 0.7436
vn -0.4696 -0.3070 0.8278
vn -0.4458 -0.2949 0.8452
vn -0.7160 -0.3530 0.6023
vn -0.4808 -0.4809 0.7332
vn -0.4282 -0.4748 0.7689
vn -0.7745 -0.4540 0.4405
vn -0.4721 -0.6347 0.6118
vn -0.3929 -0.6360 0.6642
vn -0.7998 -0.5383 0.2657
vn -0.4436 -0.7639 0.4688
vn -0.3409 -0.7731 0.5349
vn -0.7931 -0.6031 0.0851
vn -0.3961 -0.8642 0.3102
vn -0.2745 -0.8808 0.3858
vn -0.7567 -0.6468 -0.0952
vn -0.3317 -0.9325 0.1426
vn -0.1960 -0.9550 0.2228
vn -0.6928 -0.6688 -0.2697
vn -0.2525 -0.9672 -0.0283
vn -0.1085 -0.9927 0.0522
vn -0.6038 -0.6688 -0.4337
vn -0.1614 -0.9672 -0.1963
vn -0.0154 -0.9927 -0.1195
vn -0.4924 -0.6468 -0.5824
vn -0.0613 -0.9325 -0.3558
vn 0.0799 -0.9550 -0.2858
vn -0.3611 -0.6031 -0.7113
vn 0.0441 -0.8642 -0.5013
vn 0.1738 -0.8808 -0.4405
vn -0.2133 -0.5383 -0.8153
vn 0.1511 -0.7640 -0.6273
vn 0.2623 -0.7732 -0.5773
vn -0.0531 -0.4539 -0.8895
vn 0.2554 -0.6347 -0.7293
vn 0.3426 -0.6360 -0.6915
vn 0.1146 -0.3530 -0.9286
vn 0.3526 -0.4806 -0.8029
vn 0.4111 -0.4747 -0.7783
vn 0.2833 -0.2401 -0.9285
vn 0.4378 -0.3071 -0.8450
vn 0.4654 -0.2949 -0.8345
vn 0.4462 -0.1231 -0.8864
vn 0.5065 -0.1207 -0.8537
vn 0.5032 -0.1042 -0.8579
vn 0.5997 -0.0125 -0.8001
vn 0.5543 0.0720 -0.8292
vn 0.5233 0.0904 -0.8474
vn 0.7434 0.0677 -0.6654
vn 0.5771 0.2633 -0.7731
vn 0.5246 0.2816 -0.8034
vn 0.8952 0.0336 -0.4444
vn 0.5716 0.4453 -0.6892
vn 0.5071 0.4614 -0.7280
vn 0.5533 -0.7696 0.3186
vn 0.5345 0.6124 -0.5824
vn 0.4715 0.6237 -0.6235
vn -0.5113 -0.7803 0.3600
vn -0.5113 -0.7804 0.3598
vn 0.4643 0.7574 -0.4591
vn 0.4645 0.7574 -0.4590
vn 0.4193 0.7616 -0.4941
vn -0.6448 -0.7487 0.1538
vn -0.6446 -0.7489 0.1539
vn 0.3638 0.8702 -0.3323
vn 0.3638 0.8701 -0.3326
vn 0.3565 0.8643 -0.3549
vn -0.6625 -0.7486 -0.0268
vn 0.2364 0.9457 -0.2230
vn 0.2944 0.9273 -0.2310
vn -0.6270 -0.7492 -0.2133
vn 0.0824 0.9925 -0.0905
vn 0.2029 0.9774 -0.0594
vn 0.0003 1.0000 -0.0000
vn 0.0003 1.0000 -0.0001
vn 0.8254 0.4852 0.2884
vn 0.0506 0.4853 0.8729
vn 0.6022 -0.0000 0.7983
vn 0.2964 0.7089 -0.6400
vn -0.5459 0.6854 0.4818
vn -0.4319 0.6801 0.5923
vn -0.2919 0.6854 0.6671
vn -0.1090 0.7088 -0.6969
vn -0.1483 0.6968 0.7018
vn -0.0198 0.7058 0.7081
vn 0.2430 0.7089 0.6622
vn 0.3676 0.7089 0.6020
vn -0.0001 1.0000 -0.0000
vn 0.4780 0.7088 0.5187
vn 0.5700 0.7088 0.4157
vn 0.6401 0.7088 0.2964
vn 0.6856 0.7088 0.1659
vn -0.6682 0.7058 0.2354
vn 0.7048 0.7088 0.0288
vn -0.6229 0.6968 0.3557
vn 0.5364 0.5828 -0.6104
vn -0.9442 -0.0000 -0.3294
vn 0.8658 0.4853 0.1219
vn 0.2199 0.4853 0.8463
vn 0.7463 -0.0000 0.6656
vn 0.8730 0.4852 -0.0493
vn 0.3807 0.4853 0.7871
vn 0.8619 -0.0000 0.5071
vn -0.6984 0.4853 0.5260
vn -0.7539 0.4852 -0.4429
vn -0.9984 -0.0000 0.0572
vn 0.8465 0.4853 -0.2187
vn 0.5270 0.4852 0.6978
vn 0.9442 -0.0000 0.3292
vn -0.8249 0.4862 -0.2885
vn 0.7876 0.4854 -0.3796
vn 0.6530 0.4852 0.5815
vn 0.9903 -0.0000 0.1387
vn -0.4601 0.4805 0.7466
vn -0.8655 0.4810 -0.1397
vn -0.9114 -0.0147 0.4112
vn 0.7871 0.4853 -0.3807
vn 0.5072 -0.0000 -0.8618
vn 0.6985 0.4853 -0.5259
vn 0.7539 0.4852 0.4430
vn -0.3087 0.4598 0.8327
vn -0.8839 0.4667 0.0296
vn -0.8155 -0.0492 0.5767
vn -0.2187 0.4853 -0.8466
vn 0.8258 0.4852 0.2873
vn -0.1221 0.4431 0.8881
vn -0.8675 0.4493 0.2134
vn -0.6699 -0.0753 0.7386
vn 0.4440 0.4853 -0.7532
vn 0.0621 0.4493 0.8912
vn -0.8082 0.4431 0.3878
vn -0.4984 -0.0753 0.8637
vn -0.5260 0.4853 -0.6985
vn -0.0570 -0.0000 -0.9984
vn 0.2885 0.4852 -0.8254
vn 0.8729 0.4853 -0.0506
vn 0.2421 0.4667 0.8507
vn -0.6984 0.4598 0.5484
vn -0.2998 -0.0492 0.9527
vn -0.6523 0.4853 -0.5823
vn 0.2872 0.4853 -0.8258
vn -0.2510 -0.0000 -0.9680
vn 0.8463 0.4852 -0.2199
vn 0.6655 -0.0000 -0.7464
vn 0.3976 0.4810 0.7814
vn -0.5702 0.4806 0.6663
vn -0.1128 -0.0147 0.9935
vn -0.7533 0.4853 -0.4440
vn 0.5269 0.4862 0.6971
vn -0.4429 0.4853 0.7539
vn 0.0570 -0.0000 0.9984
vn -0.8254 0.4853 -0.2885
vn -0.0505 0.4853 -0.8729
vn 0.6522 0.4852 0.5825
vn -0.2874 0.4852 0.8258
vn -0.2199 0.4852 -0.8463
vn -0.7464 -0.0000 -0.6656
vn 0.7532 0.4853 0.4440
vn -0.1207 0.4853 0.8660
vn 0.4348 -0.0000 0.9005
vn -0.8730 0.4853 0.0494
vn -0.3807 0.4853 -0.7871
vn 0.0002 1.0000 -0.0003
vn -0.0003 1.0000 -0.0002
vn -0.0015 0.9999 -0.0143
vn -0.0164 0.9971 -0.0743
vn 0.0119 0.9966 -0.0811
vn 0.0736 0.9966 -0.0361
vn 0.0757 0.9971 -0.0071
vn 0.0141 0.9999 -0.0029
vn -0.0476 0.9869 -0.1544
vn 0.6459 0.5680 -0.5100
vn 0.7462 0.5371 -0.3934
vn 0.8346 0.4870 -0.2574
vn 0.9047 0.4142 -0.0999
vn 0.9460 0.3144 0.0793
vn 0.9434 0.1867 0.2740
vn 0.8833 0.0378 0.4672
vn 0.7621 -0.1177 0.6366
vn 0.5934 -0.2600 0.7618
vn 0.4008 -0.3748 0.8360
vn 0.2060 -0.4576 0.8650
vn 0.0229 -0.5111 0.8592
vn -0.1439 -0.5421 0.8279
vn -0.2859 -0.5555 0.7808
vn -0.4202 -0.5595 0.7145
vn -0.5518 -0.5595 0.6185
vn -0.6560 -0.5556 0.5109
vn -0.7442 -0.5421 0.3901
vn -0.8251 -0.5111 0.2409
vn -0.8249 -0.5114 0.2410
vn -0.8864 -0.4578 0.0680
vn -0.8865 -0.4576 0.0683
vn -0.9185 -0.3748 -0.1261
vn -0.9067 -0.2600 -0.3321
vn -0.8392 -0.1177 -0.5310
vn -0.7149 0.0378 -0.6982
vn -0.5493 0.1867 -0.8145
vn -0.3648 0.3144 -0.8764
vn -0.1814 0.4142 -0.8919
vn -0.0101 0.4870 -0.8733
vn 0.1464 0.5371 -0.8307
vn 0.2881 0.5680 -0.7710
vn 0.2879 0.5683 -0.7708
vn 0.4172 0.5828 -0.6974
vn 0.4175 0.5828 -0.6971
vn 0.6591 0.6321 0.4074
vn -0.2715 -0.9550 -0.1191
vn -0.2059 0.9418 -0.2659
vn 0.5543 0.7701 0.3157
vn -0.1192 -0.9929 -0.0025
vn -0.3338 0.8741 -0.3529
vn 0.4337 0.8749 0.2155
vn 0.0379 -0.9928 0.1139
vn -0.4647 0.7690 -0.4389
vn 0.3132 0.9423 0.1186
vn 0.1940 -0.9547 0.2255
vn -0.5829 0.6307 -0.5123
vn 0.1604 0.9870 -0.0004
vn 0.3429 -0.8802 0.3282
vn -0.6784 0.4679 -0.5664
vn 0.4791 -0.7718 0.4180
vn -0.7475 0.2870 -0.5990
vn 0.5974 -0.6338 0.4914
vn -0.7875 0.0950 -0.6089
vn 0.6930 -0.4713 0.5456
vn -0.7968 -0.1007 -0.5958
vn 0.7623 -0.2905 0.5784
vn -0.7751 -0.2924 -0.5601
vn 0.8025 -0.0987 0.5885
vn -0.7233 -0.4729 -0.5032
vn 0.8120 0.0971 0.5755
vn -0.6434 -0.6350 -0.4274
vn -0.6437 -0.6348 -0.4275
vn 0.7906 0.2890 0.5399
vn -0.5388 -0.7728 -0.3354
vn -0.5387 -0.7727 -0.3357
vn 0.7389 0.4697 0.4831
vn -0.4131 -0.8807 -0.2316
vn -0.0069 -0.9999 0.0095
vn -0.1388 -0.0000 0.9903
vn -0.4347 -0.0000 -0.9006
vn 0.0568 -0.0000 0.9984
vn 0.2510 -0.0000 0.9680
vn 0.4347 -0.0000 0.9006
vn -0.9903 -0.0000 -0.1386
vn -0.9984 -0.0000 0.0570
vn -0.9680 -0.0000 0.2511
vn 0.9903 -0.0000 0.1386
vn 0.9680 -0.0000 -0.2511
vn -0.6654 -0.0000 0.7465
vn 0.1388 -0.0000 -0.9903
vn 0.9004 -0.0004 -0.4350
vn -0.5073 -0.0000 0.8618
vn -0.0568 -0.0000 -0.9984
vn 0.7464 0.0032 0.6655
vn -0.0065 -0.9999 0.0094
vn -0.0071 -0.9999 0.0091
vn 0.0069 0.9999 -0.0095
vn -0.9902 0.0154 -0.1388
vn 0.8618 -0.0032 0.5072
vn -0.9982 0.0208 0.0570
vn 0.9442 -0.0095 0.3293
vn -0.9677 0.0253 0.2507
vn 0.9902 -0.0154 0.1388
vn -0.9002 0.0289 0.4346
vn 0.5069 -0.0326 -0.8614
vn 0.9982 -0.0208 -0.0571
vn -0.7980 0.0315 0.6019
vn 0.3291 -0.0315 -0.9438
vn 0.9677 -0.0253 -0.2507
vn -0.6651 0.0328 0.7460
vn 0.1385 -0.0290 -0.9899
vn 0.9002 -0.0290 -0.4345
vn -0.5070 0.0328 0.8614
vn -0.0572 -0.0253 -0.9980
vn 0.7980 -0.0315 -0.6019
vn -0.3291 0.0315 0.9438
vn -0.2508 -0.0208 -0.9678
vn 0.6652 -0.0326 -0.7459
vn -0.1386 0.0289 0.9899
vn -0.4349 -0.0154 -0.9003
vn 0.0572 0.0253 0.9980
vn -0.6021 -0.0095 -0.7983
vn 0.2510 0.0208 0.9678
vn -0.7464 -0.0032 -0.6655
vn 0.4348 0.0154 0.9004
vn -0.8618 0.0032 -0.5072
vn 0.6022 0.0096 0.7983
vn -0.9442 0.0096 -0.3293
vn 0.7834 -0.1485 -0.6035
vn 0.6580 -0.1568 -0.7365
vn 0.8827 -0.1217 -0.4538
vn 0.9565 -0.0872 -0.2784
vn 0.9946 -0.0589 -0.0849
vn 0.9924 -0.0424 0.1151
vn 0.9493 -0.0381 0.3120
vn 0.8672 -0.0440 0.4960
vn 0.7498 -0.0574 0.6591
vn 0.6027 -0.0756 0.7944
vn 0.4325 -0.0958 0.8966
vn 0.2470 -0.1158 0.9621
vn 0.0534 -0.1338 0.9896
vn -0.1403 -0.1483 0.9789
vn -0.3269 -0.1586 0.9317
vn -0.5011 -0.1638 0.8497
vn -0.6558 -0.1638 0.7369
vn -0.7871 -0.1586 0.5961
vn -0.8892 -0.1484 0.4328
vn -0.9585 -0.1338 0.2517
vn -0.9915 -0.1158 0.0591
vn -0.9858 -0.0957 -0.1378
vn -0.9406 -0.0756 -0.3309
vn -0.8568 -0.0574 -0.5124
vn -0.7374 -0.0440 -0.6741
vn -0.5873 -0.0381 -0.8085
vn -0.4130 -0.0424 -0.9097
vn -0.4134 -0.0424 -0.9095
vn -0.2232 -0.0589 -0.9730
vn -0.2231 -0.0584 -0.9730
vn -0.0274 -0.0872 -0.9958
vn 0.1623 -0.1217 -0.9792
vn 0.3351 -0.1485 -0.9304
vn 0.5001 -0.1568 -0.8517
vn -0.4746 -0.7492 0.4620
vn 0.1133 0.9925 0.0464
vn 0.2088 0.9774 -0.0335
vn -0.5869 -0.7486 0.3084
vn 0.3093 0.9457 0.0999
vn 0.3650 0.9274 0.0822
vn -0.6483 -0.7488 0.1378
vn 0.4713 0.8701 0.1443
vn 0.4744 0.8642 0.1675
vn -0.6164 -0.7803 -0.1057
vn 0.6165 0.7574 0.2153
vn 0.5908 0.7616 0.2663
vn 0.3629 -0.7697 -0.5253
vn 0.7328 0.6125 0.2965
vn 0.6935 0.6237 0.3606
vn 0.9993 0.0337 0.0169
vn 0.8120 0.4455 0.3770
vn 0.7704 0.4616 0.4397
vn 0.9570 0.0678 0.2820
vn 0.8531 0.2631 0.4505
vn 0.8187 0.2815 0.5006
vn 0.8850 -0.0126 0.4654
vn 0.8566 0.0720 0.5110
vn 0.8363 0.0905 0.5407
vn 0.7838 -0.1228 0.6088
vn 0.8240 -0.1205 0.5537
vn 0.8228 -0.1043 0.5587
vn 0.6543 -0.2402 0.7171
vn 0.7581 -0.3071 0.5753
vn 0.7786 -0.2950 0.5539
vn 0.5020 -0.3530 0.7896
vn 0.6631 -0.4806 0.5738
vn 0.7054 -0.4746 0.5264
vn 0.3340 -0.4539 0.8261
vn 0.5437 -0.6347 0.5490
vn 0.6062 -0.6360 0.4774
vn 0.1573 -0.5382 0.8280
vn 0.4058 -0.7639 0.5017
vn 0.4848 -0.7732 0.4088
vn -0.0210 -0.6031 0.7974
vn 0.2550 -0.8642 0.4338
vn 0.3460 -0.8808 0.3232
vn -0.1946 -0.6468 0.7374
vn 0.0973 -0.9325 0.3477
vn 0.1949 -0.9549 0.2238
vn -0.3593 -0.6689 0.6508
vn -0.0616 -0.9672 0.2466
vn 0.0374 -0.9927 0.1145
vn -0.5098 -0.6689 0.5411
vn -0.2159 -0.9672 0.1340
vn -0.1204 -0.9927 -0.0006
vn -0.6426 -0.6468 0.4107
vn -0.3608 -0.9325 0.0136
vn -0.2727 -0.9549 -0.1171
vn -0.7528 -0.6031 0.2638
vn -0.4909 -0.8642 -0.1101
vn -0.4135 -0.8808 -0.2306
vn -0.8364 -0.5382 0.1033
vn -0.6018 -0.7639 -0.2330
vn -0.5375 -0.7732 -0.3366
vn -0.8886 -0.4539 -0.0653
vn -0.6890 -0.6347 -0.3499
vn -0.6399 -0.6360 -0.4312
vn -0.9052 -0.3530 -0.2367
vn -0.7491 -0.4806 -0.4559
vn -0.7169 -0.4746 -0.5107
vn -0.8828 -0.2402 -0.4038
vn -0.7795 -0.3071 -0.5460
vn -0.7654 -0.2950 -0.5720
vn -0.8193 -0.1228 -0.5600
vn -0.7791 -0.1205 -0.6152
vn -0.7835 -0.1043 -0.6126
vn -0.7137 -0.0126 -0.7004
vn -0.7484 0.0721 -0.6593
vn -0.7705 0.0905 -0.6310
vn -0.5611 0.0678 -0.8250
vn -0.6897 0.2631 -0.6746
vn -0.7269 0.2815 -0.6264
vn -0.3216 0.0337 -0.9463
vn -0.3215 0.0332 -0.9463
vn -0.6072 0.4455 -0.6579
vn -0.6542 0.4616 -0.5991
vn 0.3895 -0.7696 -0.5060
vn 0.3892 -0.7697 -0.5060
vn -0.5063 0.6125 -0.6070
vn -0.5554 0.6237 -0.5500
vn 0.2891 -0.7803 0.5545
vn -0.3935 0.7573 -0.5211
vn -0.4342 0.7616 -0.4811
vn 0.0670 -0.7488 0.6594
vn -0.2815 0.8701 -0.4046
vn -0.3045 0.8642 -0.4005
vn -0.1143 -0.7486 0.6531
vn -0.1897 0.9457 -0.2639
vn -0.1899 0.9274 -0.3224
vn -0.2948 -0.7492 0.5932
vn -0.0788 0.9925 -0.0937
vn -0.0320 0.9774 -0.2090
vn -0.0003 1.0000 -0.0001
vn -0.7681 0.4853 -0.4177
vn 0.0907 0.4853 -0.8696
vn -0.4657 -0.0000 -0.8849
vn -0.3958 0.7088 0.5840
vn -0.7054 0.7088 -0.0045
vn 0.6165 0.6854 -0.3876
vn -0.2741 0.7088 0.6500
vn -0.6927 0.7088 0.1332
vn 0.5216 0.6801 -0.5151
vn -0.1421 0.7088 0.6909
vn -0.6534 0.7088 0.2658
vn 0.3954 0.6854 -0.6114
vn -0.0045 0.7089 0.7053
vn -0.5889 0.7088 0.3883
vn 0.2594 0.6969 -0.6687
vn -0.0000 -0.0000 -0.0000
vn -0.5020 0.7088 0.4956
vn 0.1336 0.7059 -0.6956
vn 0.2658 0.7088 0.6534
vn 0.0044 0.7088 -0.7054
vn 0.3882 0.7088 0.5889
vn 0.4956 0.7088 0.5020
vn -0.2658 0.7088 -0.6534
vn 0.5840 0.7088 0.3956
vn -0.3882 0.7088 -0.5890
vn 0.6500 0.7088 0.2741
vn -0.4957 0.7088 -0.5019
vn 0.6909 0.7088 0.1422
vn -0.5840 0.7088 -0.3957
vn 0.7054 0.7088 0.0045
vn -0.6500 0.7088 -0.2741
vn 0.6973 0.7059 -0.1247
vn -0.6909 0.7088 -0.1421
vn 0.6720 0.6968 -0.2507
vn -0.6275 0.5828 0.5163
vn 0.8708 0.4852 -0.0795
vn 0.4078 0.4853 0.7735
vn 0.8789 -0.0000 0.4771
vn -0.8349 0.4852 -0.2597
vn -0.0808 0.4853 -0.8706
vn -0.6294 -0.0000 -0.7771
vn 0.8385 0.4852 -0.2479
vn 0.5508 0.4852 0.6791
vn 0.9551 -0.0000 0.2963
vn -0.8695 0.4852 -0.0919
vn -0.2490 0.4852 -0.8382
vn -0.7689 -0.0000 -0.6393
vn 0.7740 0.4854 -0.4066
vn 0.6727 0.4853 0.5585
vn 0.9945 -0.0000 0.1044
vn -0.8707 0.4853 0.0796
vn -0.4078 0.4852 -0.7734
vn -0.8789 -0.0000 -0.4770
vn 0.6798 0.4852 -0.5499
vn 0.7676 0.4863 0.4176
vn 0.9958 -0.0000 -0.0917
vn -0.8385 0.4853 0.2479
vn -0.5509 0.4853 -0.6790
vn -0.9551 -0.0000 -0.2963
vn 0.5742 0.4806 -0.6628
vn 0.8318 0.4810 0.2772
vn 0.9657 -0.0146 -0.2591
vn -0.0920 0.4853 0.8695
vn -0.8382 0.4852 0.2489
vn -0.6395 -0.0000 0.7688
vn -0.7740 0.4853 0.4067
vn -0.6727 0.4853 -0.5585
vn -0.9945 -0.0000 -0.1044
vn 0.4387 0.4599 -0.7720
vn 0.8772 0.4667 0.1130
vn 0.8977 -0.0490 -0.4380
vn 0.0797 0.4852 0.8708
vn -0.7734 0.4852 0.4080
vn -0.4768 -0.0000 0.8790
vn -0.6798 0.4852 0.5499
vn -0.7688 0.4853 -0.4165
vn -0.9958 -0.0000 0.0917
vn 0.2636 0.4432 -0.8568
vn 0.8905 0.4494 -0.0709
vn 0.7802 -0.0752 -0.6211
vn 0.2478 0.4853 0.8385
vn -0.6791 0.4853 0.5508
vn -0.2965 -0.0000 0.9550
vn -0.5594 0.4852 0.6720
vn -0.8353 0.4852 -0.2586
vn -0.9587 -0.0000 0.2843
vn 0.0824 0.4493 -0.8896
vn 0.8601 0.4432 -0.2525
vn 0.6311 -0.0753 -0.7721
vn 0.4066 0.4852 0.7741
vn -0.5586 0.4852 0.6727
vn -0.1045 -0.0000 0.9945
vn -0.4177 0.4854 0.7681
vn -0.8697 0.4852 -0.0907
vn -0.8850 -0.0000 0.4656
vn -0.1019 0.4667 -0.8785
vn 0.7776 0.4598 -0.4289
vn 0.4493 -0.0491 -0.8920
vn 0.5499 0.4853 0.6798
vn -0.4164 0.4853 0.7688
vn 0.0918 -0.0000 0.9958
vn -0.2596 0.4852 0.8350
vn -0.8706 0.4853 0.0809
vn -0.7769 -0.0000 0.6296
vn -0.2667 0.4810 -0.8352
vn 0.6700 0.4806 -0.5659
vn 0.2712 -0.0146 -0.9624
vn 0.6720 0.4853 0.5595
vn -0.2586 0.4853 0.8352
vn 0.2841 -0.0000 0.9588
vn -0.4078 0.4863 -0.7728
vn 0.5586 0.4852 -0.6727
vn 0.1045 -0.0000 -0.9945
vn 0.7681 0.4853 0.4177
vn -0.0907 0.4853 0.8697
vn 0.4657 -0.0000 0.8849
vn -0.5499 0.4853 -0.6798
vn 0.4165 0.4853 -0.7688
vn -0.0917 -0.0000 -0.9958
vn 0.8349 0.4852 0.2597
vn 0.0808 0.4853 0.8706
vn 0.6295 -0.0000 0.7770
vn -0.6720 0.4852 -0.5594
vn 0.2586 0.4853 -0.8353
vn -0.2842 -0.0000 -0.9588
vn 0.8695 0.4853 0.0919
vn 0.2490 0.4853 0.8381
vn 0.7689 -0.0000 0.6393
vn -0.0008 0.9999 0.0144
vn 0.0042 0.9971 0.0759
vn -0.0248 0.9966 0.0781
vn -0.0785 0.9966 0.0238
vn -0.0759 0.9971 -0.0052
vn -0.0144 0.9999 0.0006
vn 0.0007 0.9830 0.1837
vn -0.7197 0.5680 0.3992
vn -0.7998 0.5371 0.2680
vn -0.8651 0.4871 0.1197
vn -0.9090 0.4142 -0.0470
vn -0.9090 0.4143 -0.0467
vn -0.9210 0.3141 -0.2307
vn -0.9209 0.3143 -0.2307
vn -0.8871 0.1869 -0.4221
vn -0.7965 0.0377 -0.6035
vn -0.6498 -0.1176 -0.7510
vn -0.4630 -0.2600 -0.8474
vn -0.2609 -0.3749 -0.8896
vn -0.0641 -0.4576 -0.8869
vn 0.1157 -0.5112 -0.8516
vn 0.2754 -0.5422 -0.7939
vn 0.4077 -0.5555 -0.7247
vn 0.5297 -0.5595 -0.6375
vn 0.6442 -0.5594 -0.5216
vn 0.7298 -0.5555 -0.3984
vn 0.7973 -0.5422 -0.2652
vn 0.8531 -0.5112 -0.1049
vn 0.8859 -0.4576 0.0753
vn 0.8862 -0.3748 0.2723
vn 0.8414 -0.2600 0.4737
vn 0.7427 -0.1177 0.6593
vn 0.5932 0.0378 0.8042
vn 0.4109 0.1868 0.8924
vn 0.2189 0.3143 0.9237
vn 0.0354 0.4142 0.9095
vn -0.1306 0.4870 0.8636
vn -0.2783 0.5371 0.7963
vn -0.4084 0.5680 0.7146
vn -0.5243 0.5828 0.6209
vn -0.5846 0.6323 -0.5084
vn -0.5848 0.6321 -0.5083
vn 0.2538 -0.9545 0.1565
vn 0.1366 0.9367 0.3223
vn -0.5011 0.7693 -0.3963
vn 0.1264 -0.9919 0.0126
vn 0.2459 0.8690 0.4294
vn -0.4031 0.8733 -0.2738
vn -0.0063 -0.9913 -0.1313
vn 0.3597 0.7635 0.5364
vn -0.3045 0.9397 -0.1556
vn -0.1395 -0.9528 -0.2698
vn 0.4639 0.6249 0.6280
vn -0.1773 0.9841 -0.0092
vn -0.2679 -0.8776 -0.3974
vn 0.5497 0.4619 0.6960
vn -0.3867 -0.7688 -0.5094
vn 0.6138 0.2812 0.7376
vn -0.4911 -0.6303 -0.6013
vn 0.6537 0.0899 0.7514
vn -0.5771 -0.4676 -0.6695
vn 0.6680 -0.1049 0.7368
vn -0.6414 -0.2871 -0.7114
vn 0.6560 -0.2958 0.6944
vn -0.6816 -0.0954 -0.7255
vn 0.6184 -0.4751 0.6259
vn -0.6961 0.0995 -0.7111
vn 0.5567 -0.6363 0.5341
vn -0.6843 0.2908 -0.6687
vn 0.4730 -0.7733 0.4222
vn -0.6467 0.4705 -0.6003
vn -0.6467 0.4703 -0.6005
vn 0.3708 -0.8807 0.2948
vn -0.8847 -0.0000 0.4661
vn 0.0084 -0.9999 -0.0083
vn 0.4769 -0.0000 -0.8789
vn 0.0917 -0.0000 0.9958
vn -0.7770 -0.0000 0.6295
vn 0.2964 -0.0000 -0.9551
vn 0.2842 -0.0000 0.9588
vn 0.1044 -0.0000 -0.9945
vn 0.4656 -0.0000 0.8850
vn -0.0916 -0.0000 -0.9958
vn 0.6294 -0.0000 0.7771
vn -0.2839 -0.0000 -0.9588
vn 0.7690 -0.0000 0.6393
vn -0.4658 -0.0000 -0.8849
vn 0.8789 -0.0000 0.4770
vn 0.9551 -0.0000 0.2962
vn -0.7690 -0.0000 -0.6393
vn -0.8789 -0.0000 -0.4769
vn 0.9587 -0.0000 -0.2845
vn -0.6394 -0.0000 0.7689
vn -0.9946 -0.0000 -0.1042
vn 0.8849 -0.0000 -0.4657
vn -0.4773 -0.0000 0.8787
vn 0.7771 -0.0000 -0.6294
vn -0.2964 -0.0000 0.9551
vn -0.9588 -0.0000 0.2841
vn 0.6394 -0.0000 -0.7689
vn -0.6295 0.0033 -0.7770
vn -0.0084 0.9999 0.0083
vn 0.9549 0.0155 0.2964
vn -0.7689 -0.0032 -0.6393
vn 0.9943 0.0209 0.1045
vn -0.8788 -0.0095 -0.4771
vn 0.9955 0.0255 -0.0916
vn -0.9549 -0.0155 -0.2964
vn 0.9584 0.0291 -0.2839
vn -0.6389 -0.0326 0.7686
vn -0.9943 -0.0209 -0.1045
vn 0.8845 0.0313 -0.4656
vn -0.4768 -0.0313 0.8785
vn -0.9955 -0.0255 0.0916
vn 0.7767 0.0326 -0.6291
vn -0.2962 -0.0289 0.9547
vn -0.9584 -0.0291 0.2839
vn 0.6389 0.0326 -0.7686
vn -0.1043 -0.0253 0.9942
vn -0.8845 -0.0313 0.4656
vn 0.4767 0.0313 -0.8785
vn 0.0918 -0.0208 0.9956
vn -0.7767 -0.0326 0.6291
vn 0.2962 0.0289 -0.9547
vn 0.2842 -0.0156 0.9586
vn 0.1043 0.0253 -0.9942
vn 0.4658 -0.0096 0.8848
vn -0.0918 0.0208 -0.9956
vn 0.6295 -0.0032 0.7770
vn -0.2842 0.0156 -0.9586
vn 0.7689 0.0032 0.6393
vn -0.4658 0.0096 -0.8848
vn 0.8788 0.0095 0.4770
vn -0.8703 -0.1486 0.4695
vn -0.7681 -0.1567 0.6208
vn -0.9442 -0.1220 0.3058
vn -0.9889 -0.0872 0.1207
vn -0.9953 -0.0589 -0.0762
vn -0.9954 -0.0587 -0.0760
vn -0.9609 -0.0425 -0.2735
vn -0.9609 -0.0422 -0.2737
vn -0.8868 -0.0381 -0.4606
vn -0.7760 -0.0440 -0.6292
vn -0.6339 -0.0574 -0.7713
vn -0.4669 -0.0756 -0.8811
vn -0.2824 -0.0958 -0.9545
vn -0.0887 -0.1158 -0.9893
vn 0.1066 -0.1338 -0.9853
vn 0.2957 -0.1483 -0.9437
vn 0.4728 -0.1586 -0.8668
vn 0.6313 -0.1639 -0.7580
vn 0.7660 -0.1639 -0.6217
vn 0.8728 -0.1586 -0.4615
vn 0.9473 -0.1484 -0.2841
vn 0.9865 -0.1338 -0.0939
vn 0.9881 -0.1158 0.1013
vn 0.9508 -0.0958 0.2946
vn 0.8751 -0.0756 0.4781
vn 0.7632 -0.0574 0.6436
vn 0.6192 -0.0440 0.7840
vn 0.4493 -0.0381 0.8926
vn 0.2611 -0.0424 0.9644
vn 0.0637 -0.0590 0.9962
vn -0.1331 -0.0872 0.9873
vn -0.3179 -0.1218 0.9403
vn -0.4808 -0.1486 0.8641
vn -0.6305 -0.1568 0.7602
vn 0.5429 -0.7492 -0.3793
vn -0.1043 0.9925 -0.0640
vn -0.2115 0.9774 -0.0006
vn 0.6290 -0.7485 -0.2100
vn -0.2892 0.9457 -0.1484
vn -0.3470 0.9274 -0.1399
vn 0.6622 -0.7487 -0.0318
vn -0.4420 0.8701 -0.2182
vn -0.4412 0.8642 -0.2417
vn 0.5913 -0.7803 0.2035
vn -0.5738 0.7574 -0.3118
vn -0.5402 0.7616 -0.3580
vn -0.4427 -0.7697 0.4600
vn -0.4426 -0.7697 0.4601
vn -0.6755 0.6124 -0.4106
vn -0.6264 0.6237 -0.4676
vn -0.9835 0.0335 -0.1780
vn -0.9835 0.0338 -0.1777
vn -0.7407 0.4455 -0.5028
vn -0.6896 0.4616 -0.5581
vn -0.8991 0.0678 -0.4324
vn -0.7694 0.2631 -0.5820
vn -0.7274 0.2816 -0.6258
vn -0.7985 -0.0127 -0.6018
vn -0.7631 0.0720 -0.6423
vn -0.7384 0.0904 -0.6683
vn -0.6755 -0.1228 -0.7271
vn -0.7240 -0.1204 -0.6792
vn -0.7221 -0.1042 -0.6839
vn -0.5303 -0.2402 -0.8131
vn -0.6556 -0.3071 -0.6898
vn -0.6792 -0.2951 -0.6720
vn -0.3684 -0.3530 -0.8601
vn -0.5620 -0.4807 -0.6731
vn -0.6115 -0.4746 -0.6332
vn -0.1966 -0.4539 -0.8691
vn -0.4483 -0.6347 -0.6294
vn -0.5214 -0.6360 -0.5688
vn -0.0220 -0.5382 -0.8425
vn -0.3197 -0.7639 -0.5605
vn -0.4127 -0.7732 -0.4816
vn 0.1489 -0.6030 -0.7837
vn -0.1819 -0.8642 -0.4692
vn -0.2894 -0.8808 -0.3747
vn 0.3111 -0.6468 -0.6963
vn -0.0400 -0.9326 -0.3588
vn -0.1563 -0.9550 -0.2523
vn 0.4594 -0.6688 -0.5844
vn 0.1004 -0.9672 -0.2335
vn -0.0185 -0.9927 -0.1190
vn 0.5902 -0.6689 -0.4520
vn 0.2347 -0.9672 -0.0974
vn 0.1188 -0.9927 0.0200
vn 0.7004 -0.6468 -0.3019
vn 0.3583 -0.9326 0.0446
vn 0.2503 -0.9550 0.1595
vn 0.7855 -0.6031 -0.1390
vn 0.4668 -0.8642 0.1878
vn 0.3709 -0.8808 0.2941
vn 0.8422 -0.5382 0.0327
vn 0.5564 -0.7639 0.3268
vn 0.4763 -0.7732 0.4188
vn 0.8665 -0.4540 0.2075
vn 0.6237 -0.6347 0.4562
vn 0.5621 -0.6360 0.5286
vn 0.8553 -0.3529 0.3794
vn 0.6659 -0.4806 0.5706
vn 0.6253 -0.4746 0.6195
vn 0.8062 -0.2402 0.5406
vn 0.6814 -0.3071 0.6644
vn 0.6633 -0.2951 0.6877
vn 0.7184 -0.1229 0.6847
vn 0.6698 -0.1205 0.7327
vn 0.6746 -0.1042 0.7308
vn 0.5915 -0.0127 0.8062
vn 0.6325 0.0720 0.7712
vn 0.6588 0.0904 0.7468
vn 0.4209 0.0676 0.9046
vn 0.5721 0.2631 0.7768
vn 0.6165 0.2815 0.7353
vn 0.1651 0.0340 0.9857
vn 0.4934 0.4455 0.7471
vn 0.5492 0.4616 0.6966
vn -0.4654 -0.7692 0.4379
vn -0.4653 -0.7691 0.4381
vn 0.4020 0.6124 0.6807
vn 0.4022 0.6120 0.6809
vn 0.4596 0.6237 0.6323
vn -0.1960 -0.7803 -0.5939
vn -0.1965 -0.7801 -0.5940
vn 0.3040 0.7574 0.5779
vn 0.3044 0.7574 0.5777
vn 0.3511 0.7616 0.5447
vn 0.0401 -0.7489 -0.6615
vn 0.0401 -0.7490 -0.6613
vn 0.2126 0.8701 0.4447
vn 0.2126 0.8700 0.4449
vn 0.2361 0.8642 0.4443
vn 0.2181 -0.7487 -0.6261
vn 0.2178 -0.7487 -0.6261
vn 0.1445 0.9457 0.2910
vn 0.1447 0.9457 0.2910
vn 0.1355 0.9273 0.3488
vn 0.3862 -0.7492 -0.5382
vn 0.0627 0.9925 0.1051
vn -0.0021 0.9774 0.2114
vn 0.0795 -0.0000 0.9968
vn -0.0795 -0.0000 -0.9968
vt 0.733733 0.969835
vt 0.720405 0.969983
vt 0.720405 0.735036
vt 0.733733 0.734889
vt 0.963768 0.440019
vt 0.977090 0.439789
vt 0.977090 0.672814
vt 0.963768 0.673044
vt 0.250922 0.587161
vt 0.000000 0.587162
vt 0.000000 0.329460
vt 0.250922 0.329460
vt 0.250923 0.329460
vt 0.501845 0.329460
vt 0.501845 0.587161
vt 0.250922 0.587161
vt 0.985421 0.218775
vt 0.972097 0.219008
vt 0.972097 0.000233
vt 0.985421 0.000000
vt 0.963768 0.673309
vt 0.977090 0.673044
vt 0.977090 0.893021
vt 0.963768 0.893285
vt 0.501801 0.961870
vt 0.495993 0.965751
vt 0.489543 0.968423
vt 0.482694 0.969786
vt 0.475711 0.969786
vt 0.468861 0.968424
vt 0.462409 0.965752
vt 0.456603 0.961873
vt 0.451665 0.956935
vt 0.447786 0.951128
vt 0.445113 0.944677
vt 0.443750 0.937828
vt 0.443749 0.930845
vt 0.445111 0.923996
vt 0.447785 0.917544
vt 0.451664 0.911738
vt 0.456601 0.906799
vt 0.462407 0.902920
vt 0.468860 0.900247
vt 0.475709 0.898884
vt 0.482692 0.898884
vt 0.489539 0.900247
vt 0.495991 0.902919
vt 0.501797 0.906799
vt 0.506735 0.911736
vt 0.510616 0.917542
vt 0.513287 0.923994
vt 0.514650 0.930843
vt 0.514650 0.937826
vt 0.513289 0.944675
vt 0.510618 0.951126
vt 0.506739 0.956932
vt 0.144156 0.970555
vt 0.144173 0.977448
vt 0.131836 0.977430
vt 0.131819 0.970536
vt 0.302265 0.329460
vt 0.875643 0.917984
vt 0.879869 0.917347
vt 0.878291 0.983959
vt 0.874579 0.984909
vt 0.356681 0.949551
vt 0.356519 0.944353
vt 0.368851 0.944373
vt 0.369014 0.949571
vt 0.144223 0.983992
vt 0.131886 0.983973
vt 0.973431 0.967869
vt 0.973591 0.962546
vt 0.985924 0.962538
vt 0.985764 0.967861
vt 0.144304 0.989936
vt 0.131967 0.989917
vt 0.973710 0.956443
vt 0.986042 0.956436
vt 0.144413 0.995050
vt 0.132076 0.995031
vt 0.973783 0.949797
vt 0.986116 0.949789
vt 0.157072 0.944361
vt 0.156934 0.949640
vt 0.144600 0.949650
vt 0.144738 0.944371
vt 0.973808 0.942860
vt 0.986308 0.942683
vt 0.156832 0.982963
vt 0.156934 0.989209
vt 0.144600 0.989219
vt 0.144497 0.982974
vt 0.156832 0.955709
vt 0.144497 0.955719
vt 0.973783 0.935900
vt 0.987067 0.935413
vt 0.157072 0.994722
vt 0.144738 0.994733
vt 0.156769 0.962337
vt 0.144434 0.962347
vt 0.973710 0.929183
vt 0.987479 0.928770
vt 0.356519 0.994681
vt 0.356681 0.989094
vt 0.369014 0.989113
vt 0.368851 0.994701
vt 0.156747 0.969265
vt 0.144413 0.969276
vt 0.973591 0.922971
vt 0.986878 0.922737
vt 0.356802 0.982797
vt 0.369134 0.982816
vt 0.156769 0.976230
vt 0.144434 0.976240
vt 0.973431 0.917500
vt 0.985931 0.917346
vt 0.356876 0.976032
vt 0.369209 0.976052
vt 0.144413 0.944768
vt 0.144304 0.950430
vt 0.131967 0.950411
vt 0.131919 0.944361
vt 0.356901 0.969059
vt 0.369234 0.969079
vt 0.144223 0.956781
vt 0.131886 0.956762
vt 0.356876 0.962147
vt 0.369209 0.962167
vt 0.144173 0.963576
vt 0.131836 0.963557
vt 0.356802 0.955558
vt 0.369134 0.955578
vt 0.887883 0.894763
vt 0.890695 0.897574
vt 0.880963 0.909434
vt 0.876024 0.904495
vt 0.885674 0.891457
vt 0.872144 0.898689
vt 0.884152 0.887784
vt 0.869472 0.892238
vt 0.883378 0.883885
vt 0.868110 0.885389
vt 0.883376 0.879908
vt 0.868110 0.878406
vt 0.884152 0.876009
vt 0.869472 0.871558
vt 0.885672 0.872336
vt 0.872144 0.865106
vt 0.887882 0.869031
vt 0.876022 0.859298
vt 0.890692 0.866218
vt 0.880961 0.854361
vt 0.893998 0.864010
vt 0.886767 0.850481
vt 0.897671 0.862487
vt 0.893219 0.847809
vt 0.901572 0.861713
vt 0.900067 0.846446
vt 0.905547 0.861712
vt 0.907049 0.846445
vt 0.909446 0.862487
vt 0.914180 0.847486
vt 0.913189 0.863924
vt 0.921064 0.849820
vt 0.916562 0.866052
vt 0.926859 0.853502
vt 0.919306 0.868943
vt 0.931599 0.858465
vt 0.921445 0.872333
vt 0.935236 0.864764
vt 0.922966 0.876007
vt 0.937647 0.871553
vt 0.923744 0.879907
vt 0.939011 0.878403
vt 0.923743 0.883882
vt 0.939011 0.885386
vt 0.922967 0.887781
vt 0.937649 0.892235
vt 0.921447 0.891455
vt 0.934977 0.898686
vt 0.919239 0.894762
vt 0.931097 0.904492
vt 0.916427 0.897573
vt 0.926160 0.909431
vt 0.913120 0.899781
vt 0.920354 0.913311
vt 0.909448 0.901303
vt 0.913903 0.915983
vt 0.905549 0.902079
vt 0.907054 0.917346
vt 0.901572 0.902078
vt 0.900069 0.917346
vt 0.897673 0.901303
vt 0.893221 0.915984
vt 0.894000 0.899782
vt 0.886769 0.913312
vt 0.932370 0.830090
vt 0.927834 0.829994
vt 0.932034 0.473461
vt 0.937671 0.473824
vt 0.884194 0.917583
vt 0.882139 0.983001
vt 0.888444 0.918687
vt 0.885973 0.982071
vt 0.892460 0.920615
vt 0.889646 0.981205
vt 0.896087 0.923292
vt 0.893015 0.980437
vt 0.899185 0.926616
vt 0.895952 0.979796
vt 0.553509 0.732815
vt 0.557726 0.733545
vt 0.600247 0.770369
vt 0.599831 0.773251
vt 0.562199 0.733906
vt 0.600757 0.767024
vt 0.566757 0.733883
vt 0.601341 0.763344
vt 0.571224 0.733477
vt 0.601976 0.759470
vt 0.575429 0.732704
vt 0.602637 0.755552
vt 0.579210 0.731593
vt 0.603300 0.751741
vt 0.582421 0.730187
vt 0.603939 0.748182
vt 0.584940 0.728541
vt 0.604529 0.745012
vt 0.282517 0.951810
vt 0.286222 0.953743
vt 0.288073 0.975387
vt 0.285025 0.974964
vt 0.290282 0.954860
vt 0.291532 0.975910
vt 0.294547 0.955121
vt 0.295335 0.976589
vt 0.298848 0.954513
vt 0.299270 0.977322
vt 0.303025 0.953063
vt 0.303154 0.978039
vt 0.306912 0.950824
vt 0.306869 0.978753
vt 0.310361 0.947882
vt 0.310279 0.979438
vt 0.313244 0.944353
vt 0.313244 0.980067
vt 0.768337 0.849033
vt 0.772662 0.848422
vt 0.738427 0.879602
vt 0.737914 0.876687
vt 0.777184 0.848181
vt 0.738982 0.882979
vt 0.781730 0.848317
vt 0.739558 0.886685
vt 0.786126 0.848827
vt 0.740133 0.890578
vt 0.790201 0.849691
vt 0.740684 0.894509
vt 0.793800 0.850873
vt 0.741191 0.898329
vt 0.796785 0.852332
vt 0.741633 0.901887
vt 0.799040 0.854010
vt 0.741995 0.905048
vt 0.868110 0.921756
vt 0.871671 0.919473
vt 0.871139 0.985814
vt 0.868110 0.986640
vt 0.549710 0.731743
vt 0.546476 0.730370
vt 0.557755 0.409997
vt 0.561779 0.411705
vt 0.949006 0.430047
vt 0.944644 0.429861
vt 0.943088 0.071401
vt 0.948516 0.071633
vt 0.923477 0.829776
vt 0.926611 0.472911
vt 0.948822 0.829254
vt 0.945293 0.829635
vt 0.953756 0.472672
vt 0.958147 0.472198
vt 0.940107 0.429798
vt 0.937445 0.071323
vt 0.919459 0.829444
vt 0.921617 0.472434
vt 0.941270 0.829907
vt 0.948751 0.473075
vt 0.935573 0.429861
vt 0.931800 0.071401
vt 0.915941 0.829011
vt 0.917241 0.471896
vt 0.936905 0.830061
vt 0.943317 0.473544
vt 0.931212 0.430047
vt 0.926376 0.071633
vt 0.775801 0.523977
vt 0.780279 0.525450
vt 0.927197 0.430349
vt 0.921380 0.072009
vt 0.770731 0.522903
vt 0.923677 0.430756
vt 0.917001 0.072515
vt 0.765262 0.522269
vt 0.593777 0.412901
vt 0.598481 0.411518
vt 0.759606 0.522098
vt 0.588546 0.413862
vt 0.753979 0.522399
vt 0.582988 0.414368
vt 0.748599 0.523160
vt 0.577317 0.414396
vt 0.764376 0.849990
vt 0.743671 0.524349
vt 0.571752 0.413948
vt 0.760931 0.851254
vt 0.739385 0.525923
vt 0.566505 0.413039
vt 0.956558 0.430756
vt 0.953031 0.430349
vt 0.953520 0.072009
vt 0.957909 0.072515
vt 0.940082 0.940567
vt 0.940166 0.947061
vt 0.930016 0.947134
vt 0.929932 0.940640
vt 0.455117 0.625621
vt 0.450514 0.621016
vt 0.467389 0.600452
vt 0.475680 0.608745
vt 0.609632 0.909689
vt 0.604529 0.909810
vt 0.604624 0.899662
vt 0.609727 0.899541
vt 0.791974 0.497025
vt 0.791203 0.490764
vt 0.801250 0.489335
vt 0.802021 0.495596
vt 0.940273 0.953338
vt 0.930123 0.953412
vt 0.553490 0.331141
vt 0.552559 0.336339
vt 0.542547 0.334657
vt 0.543478 0.329459
vt 0.790367 0.484316
vt 0.800415 0.482887
vt 0.551560 0.342174
vt 0.541548 0.340493
vt 0.789499 0.477930
vt 0.799546 0.476500
vt 0.550533 0.348426
vt 0.540521 0.346745
vt 0.788631 0.471850
vt 0.798678 0.470420
vt 0.549516 0.354853
vt 0.539504 0.353171
vt 0.787797 0.466312
vt 0.797844 0.464882
vt 0.548549 0.361208
vt 0.538537 0.359526
vt 0.787029 0.461526
vt 0.797077 0.460096
vt 0.547668 0.367247
vt 0.537656 0.365566
vt 0.651493 0.910490
vt 0.646533 0.910223
vt 0.646628 0.900075
vt 0.651588 0.900341
vt 0.546909 0.372737
vt 0.536897 0.371055
vt 0.640844 0.909997
vt 0.640939 0.899848
vt 0.546299 0.377469
vt 0.536287 0.375787
vt 0.634649 0.909818
vt 0.634744 0.899670
vt 0.940025 0.917346
vt 0.939995 0.922268
vt 0.929845 0.922342
vt 0.929875 0.917420
vt 0.628179 0.909694
vt 0.628274 0.899546
vt 0.940398 0.959162
vt 0.930248 0.959236
vt 0.939995 0.927928
vt 0.929845 0.928001
vt 0.621690 0.909630
vt 0.621785 0.899482
vt 0.940538 0.964302
vt 0.930388 0.964376
vt 0.940024 0.934105
vt 0.929874 0.934178
vt 0.615426 0.909629
vt 0.615521 0.899481
vt 0.793207 0.508043
vt 0.792651 0.502859
vt 0.802698 0.501430
vt 0.803254 0.506614
vt 0.992615 0.054871
vt 0.992716 0.065862
vt 0.985556 0.065985
vt 0.985455 0.054995
vt 0.419803 0.678481
vt 0.426188 0.679753
vt 0.423581 0.706229
vt 0.412081 0.703941
vt 0.445101 0.617399
vt 0.457640 0.593938
vt 0.432699 0.679751
vt 0.435306 0.706229
vt 0.439085 0.614907
vt 0.446807 0.589449
vt 0.439085 0.678480
vt 0.446806 0.703941
vt 0.432700 0.613635
vt 0.435307 0.587162
vt 0.445099 0.675989
vt 0.457638 0.699454
vt 0.426190 0.613637
vt 0.423582 0.587162
vt 0.450513 0.672371
vt 0.467388 0.692937
vt 0.419804 0.614908
vt 0.412082 0.589450
vt 0.455116 0.667768
vt 0.475679 0.684645
vt 0.413789 0.617399
vt 0.401250 0.593937
vt 0.458734 0.662352
vt 0.482193 0.674895
vt 0.396393 0.643437
vt 0.396392 0.649951
vt 0.369921 0.652559
vt 0.369921 0.640832
vt 0.408375 0.621017
vt 0.391500 0.600453
vt 0.461226 0.656337
vt 0.486680 0.664061
vt 0.397662 0.656336
vt 0.372208 0.664061
vt 0.403771 0.625620
vt 0.383210 0.608746
vt 0.462496 0.649948
vt 0.488968 0.652559
vt 0.400153 0.662354
vt 0.376695 0.674895
vt 0.400154 0.631036
vt 0.376695 0.618496
vt 0.462496 0.643437
vt 0.488968 0.640831
vt 0.403771 0.667767
vt 0.383208 0.684645
vt 0.397662 0.637051
vt 0.372208 0.629330
vt 0.461226 0.637051
vt 0.486680 0.629330
vt 0.408374 0.672371
vt 0.391499 0.692939
vt 0.458734 0.631034
vt 0.482193 0.618496
vt 0.413788 0.675989
vt 0.401248 0.699453
vt 0.367632 0.629333
vt 0.369920 0.640835
vt 0.369920 0.652561
vt 0.367634 0.664062
vt 0.363148 0.674897
vt 0.356633 0.684646
vt 0.348342 0.692938
vt 0.338594 0.699452
vt 0.327761 0.703939
vt 0.316260 0.706225
vt 0.304535 0.706225
vt 0.293034 0.703935
vt 0.282201 0.699447
vt 0.272452 0.692931
vt 0.264160 0.684639
vt 0.257645 0.674888
vt 0.253157 0.664053
vt 0.250869 0.652552
vt 0.250869 0.640825
vt 0.253156 0.629324
vt 0.257642 0.618490
vt 0.264156 0.608741
vt 0.272447 0.600449
vt 0.282196 0.593935
vt 0.293028 0.589448
vt 0.304529 0.587162
vt 0.316254 0.587162
vt 0.327755 0.589451
vt 0.338588 0.593940
vt 0.348338 0.600455
vt 0.356629 0.608748
vt 0.363144 0.618499
vt 0.501845 0.498642
vt 0.502195 0.489703
vt 0.509345 0.489753
vt 0.508995 0.498692
vt 0.992881 0.075843
vt 0.985721 0.075965
vt 0.502455 0.479453
vt 0.509606 0.479503
vt 0.993102 0.084431
vt 0.985942 0.084554
vt 0.502615 0.468289
vt 0.509766 0.468339
vt 0.997660 0.255191
vt 0.997509 0.264054
vt 0.990343 0.264112
vt 0.990493 0.255249
vt 0.502669 0.456640
vt 0.509820 0.456690
vt 0.997398 0.320014
vt 0.997510 0.330500
vt 0.990343 0.330558
vt 0.990232 0.320072
vt 0.997398 0.274246
vt 0.990232 0.274304
vt 0.502615 0.444952
vt 0.509766 0.445002
vt 0.997660 0.339760
vt 0.990493 0.339818
vt 0.997329 0.285373
vt 0.990163 0.285431
vt 0.502455 0.433675
vt 0.509605 0.433725
vt 0.984973 0.765490
vt 0.985209 0.756105
vt 0.992372 0.756252
vt 0.992136 0.765637
vt 0.997306 0.297008
vt 0.990140 0.297066
vt 0.502195 0.423242
vt 0.509345 0.423292
vt 0.985384 0.745529
vt 0.992548 0.745676
vt 0.997329 0.308705
vt 0.990163 0.308763
vt 0.501845 0.414055
vt 0.508995 0.414105
vt 0.985492 0.734167
vt 0.992655 0.734315
vt 0.993102 -0.000000
vt 0.992881 0.009505
vt 0.985721 0.009628
vt 0.985942 0.000123
vt 0.985529 0.722459
vt 0.992692 0.722606
vt 0.992716 0.020167
vt 0.985556 0.020290
vt 0.985492 0.710852
vt 0.992655 0.710999
vt 0.992615 0.031577
vt 0.985455 0.031700
vt 0.985384 0.699793
vt 0.992548 0.699940
vt 0.992581 0.043295
vt 0.985421 0.043418
vt 0.985209 0.689706
vt 0.992372 0.689854
vt 0.984973 0.680981
vt 0.992136 0.681128
vt 0.949182 0.940445
vt 0.948548 0.946725
vt 0.948415 0.952818
vt 0.950304 0.934257
vt 0.951863 0.928380
vt 0.953798 0.923025
vt 0.956034 0.918401
vt 0.564990 0.376545
vt 0.562090 0.380306
vt 0.568127 0.372081
vt 0.571381 0.367087
vt 0.574627 0.361755
vt 0.577740 0.356288
vt 0.580600 0.350898
vt 0.583098 0.345793
vt 0.585137 0.341165
vt 0.611557 0.943416
vt 0.606574 0.942797
vt 0.617180 0.943606
vt 0.623224 0.943359
vt 0.629460 0.942685
vt 0.635646 0.941610
vt 0.641542 0.940176
vt 0.646926 0.938436
vt 0.651588 0.936459
vt 0.765024 0.472524
vt 0.761965 0.468653
vt 0.768239 0.477093
vt 0.771488 0.482185
vt 0.774644 0.487605
vt 0.777587 0.493143
vt 0.780204 0.498589
vt 0.782394 0.503729
vt 0.784074 0.508395
vt 0.948772 0.958432
vt 0.949623 0.963413
vt 0.972845 0.366552
vt 0.973512 0.360284
vt 0.978824 0.360498
vt 0.978342 0.366559
vt 0.937868 0.447151
vt 0.943932 0.446714
vt 0.943694 0.450716
vt 0.937837 0.450952
vt 0.975309 0.354252
vt 0.979935 0.354668
vt 0.949769 0.445646
vt 0.949327 0.450269
vt 0.978071 0.348691
vt 0.981465 0.349291
vt 0.955156 0.444156
vt 0.954519 0.449813
vt 0.981752 0.343819
vt 0.983462 0.344578
vt 0.959882 0.442194
vt 0.959072 0.449247
vt 0.986237 0.339818
vt 0.985897 0.340708
vt 0.963768 0.439789
vt 0.962813 0.448544
vt 0.557530 0.389389
vt 0.561701 0.391077
vt 0.960037 0.920254
vt 0.955424 0.923966
vt 0.561173 0.383406
vt 0.565814 0.382926
vt 0.566601 0.392365
vt 0.570978 0.381826
vt 0.572041 0.393204
vt 0.576465 0.380149
vt 0.577811 0.393562
vt 0.582065 0.377958
vt 0.583690 0.393425
vt 0.587562 0.375341
vt 0.589452 0.392798
vt 0.592746 0.372395
vt 0.594875 0.391705
vt 0.597417 0.369233
vt 0.599752 0.390189
vt 0.601396 0.365979
vt 0.915495 0.025537
vt 0.920198 0.023540
vt 0.920786 0.047893
vt 0.916246 0.048492
vt 0.604529 0.362755
vt 0.925568 0.022056
vt 0.925968 0.047447
vt 0.925189 0.001684
vt 0.931215 -0.000000
vt 0.931394 0.021142
vt 0.931594 0.047172
vt 0.624794 0.967933
vt 0.619273 0.967462
vt 0.937456 0.020833
vt 0.937447 0.047080
vt 0.630550 0.967407
vt 0.943516 0.021142
vt 0.943299 0.047172
vt 0.636325 0.965904
vt 0.949350 0.022056
vt 0.948930 0.047447
vt 0.641890 0.963481
vt 0.954724 0.023540
vt 0.954119 0.047893
vt 0.647035 0.960233
vt 0.959436 0.025537
vt 0.958670 0.048492
vt 0.651565 0.956283
vt 0.740067 0.482194
vt 0.744295 0.482177
vt 0.742358 0.502275
vt 0.737914 0.503824
vt 0.759180 0.465631
vt 0.749161 0.482809
vt 0.747467 0.501138
vt 0.754476 0.484065
vt 0.753046 0.500453
vt 0.760036 0.485896
vt 0.758880 0.500249
vt 0.765629 0.488235
vt 0.764745 0.500533
vt 0.771038 0.490987
vt 0.770415 0.501295
vt 0.776057 0.494051
vt 0.775672 0.502503
vt 0.986237 0.393273
vt 0.981752 0.389278
vt 0.983462 0.388520
vt 0.985897 0.392379
vt 0.780492 0.497307
vt 0.780315 0.504115
vt 0.978071 0.384410
vt 0.981465 0.383817
vt 0.915941 0.441869
vt 0.920631 0.443901
vt 0.921187 0.449566
vt 0.916649 0.448934
vt 0.975309 0.378853
vt 0.979935 0.378447
vt 0.925991 0.445470
vt 0.926366 0.450100
vt 0.973512 0.372823
vt 0.978824 0.372621
vt 0.931809 0.446625
vt 0.931988 0.450629
vt 0.604285 0.887501
vt 0.602872 0.894608
vt 0.600098 0.901304
vt 0.596071 0.907331
vt 0.590946 0.912454
vt 0.584920 0.916482
vt 0.578223 0.919256
vt 0.571115 0.920669
vt 0.563867 0.920669
vt 0.556759 0.919253
vt 0.550064 0.916479
vt 0.544037 0.912454
vt 0.538913 0.907329
vt 0.534886 0.901304
vt 0.532113 0.894606
vt 0.530700 0.887497
vt 0.530700 0.880249
vt 0.532113 0.873142
vt 0.534887 0.866446
vt 0.538915 0.860419
vt 0.544038 0.855296
vt 0.550065 0.851269
vt 0.556762 0.848494
vt 0.563870 0.847081
vt 0.571117 0.847081
vt 0.578225 0.848497
vt 0.584922 0.851268
vt 0.590948 0.855296
vt 0.596073 0.860422
vt 0.600099 0.866447
vt 0.602872 0.873144
vt 0.604285 0.880253
vt 0.651983 0.918603
vt 0.651911 0.911629
vt 0.664710 0.911629
vt 0.664782 0.918603
vt 0.986471 0.338670
vt 0.982439 0.339687
vt 0.983421 0.268742
vt 0.986971 0.267430
vt 0.820580 0.898033
vt 0.820436 0.903201
vt 0.807635 0.903237
vt 0.807779 0.898069
vt 0.651790 0.905172
vt 0.664589 0.905172
vt 0.820330 0.909260
vt 0.807528 0.909295
vt 0.651626 0.899480
vt 0.664425 0.899480
vt 0.820264 0.915980
vt 0.807462 0.916015
vt 0.977090 0.491943
vt 0.977257 0.486726
vt 0.990056 0.486689
vt 0.989890 0.491906
vt 0.820242 0.923101
vt 0.807440 0.923137
vt 0.977380 0.480628
vt 0.990180 0.480591
vt 0.820264 0.930346
vt 0.807292 0.930607
vt 0.977256 0.445776
vt 0.977090 0.439826
vt 0.989890 0.439789
vt 0.990056 0.445739
vt 0.977457 0.473882
vt 0.990256 0.473845
vt 0.820330 0.937443
vt 0.806549 0.938083
vt 0.990160 0.544320
vt 0.990047 0.549916
vt 0.977243 0.549917
vt 0.977356 0.544320
vt 0.977482 0.466748
vt 0.990282 0.466711
vt 0.820436 0.944116
vt 0.806152 0.944703
vt 0.989963 0.556304
vt 0.977159 0.556305
vt 0.977457 0.459504
vt 0.990256 0.459466
vt 0.820580 0.950107
vt 0.806795 0.950501
vt 0.989911 0.563237
vt 0.977107 0.563238
vt 0.977380 0.452421
vt 0.990180 0.452384
vt 0.651588 0.951757
vt 0.651761 0.946244
vt 0.664727 0.946624
vt 0.665358 0.952672
vt 0.989894 0.570448
vt 0.977090 0.570449
vt 0.651890 0.939920
vt 0.664690 0.939920
vt 0.989911 0.577662
vt 0.977107 0.577663
vt 0.651973 0.933025
vt 0.664772 0.933025
vt 0.989963 0.584601
vt 0.977159 0.584602
vt 0.652004 0.925828
vt 0.664803 0.925828
vt 0.990047 0.590997
vt 0.977243 0.590997
vt 0.990160 0.596607
vt 0.977356 0.596607
vt 0.467187 0.845821
vt 0.464270 0.848739
vt 0.451960 0.838640
vt 0.457083 0.833516
vt 0.470617 0.843528
vt 0.463109 0.829489
vt 0.474430 0.841948
vt 0.469805 0.826714
vt 0.478477 0.841142
vt 0.476914 0.825297
vt 0.482603 0.841142
vt 0.484161 0.825297
vt 0.486650 0.841947
vt 0.491270 0.826710
vt 0.490462 0.843526
vt 0.497967 0.829481
vt 0.493894 0.845816
vt 0.503992 0.833509
vt 0.496812 0.848735
vt 0.509119 0.838632
vt 0.499105 0.852166
vt 0.513146 0.844658
vt 0.500685 0.855976
vt 0.515921 0.851352
vt 0.501490 0.860025
vt 0.517335 0.858461
vt 0.501490 0.864152
vt 0.517336 0.865710
vt 0.500687 0.868197
vt 0.516257 0.873108
vt 0.499197 0.872082
vt 0.513830 0.880255
vt 0.496987 0.875584
vt 0.510007 0.886266
vt 0.493987 0.878432
vt 0.504859 0.891190
vt 0.490467 0.880654
vt 0.498326 0.894964
vt 0.486655 0.882234
vt 0.491280 0.897468
vt 0.482608 0.883039
vt 0.484171 0.898884
vt 0.478482 0.883040
vt 0.476924 0.898884
vt 0.474435 0.882235
vt 0.469816 0.897472
vt 0.470623 0.880656
vt 0.463120 0.894698
vt 0.467191 0.878365
vt 0.457093 0.890673
vt 0.464273 0.875446
vt 0.451967 0.885550
vt 0.461981 0.872016
vt 0.447939 0.879524
vt 0.460402 0.868203
vt 0.445164 0.872829
vt 0.459595 0.864156
vt 0.443749 0.865720
vt 0.459595 0.860030
vt 0.443750 0.858471
vt 0.460400 0.855982
vt 0.445161 0.851364
vt 0.461977 0.852171
vt 0.447934 0.844667
vt 0.898884 0.439789
vt 0.903592 0.439922
vt 0.900055 0.812953
vt 0.894416 0.812548
vt 0.978192 0.339818
vt 0.979629 0.270109
vt 0.973898 0.339057
vt 0.975738 0.271480
vt 0.969722 0.337433
vt 0.971898 0.272802
vt 0.965820 0.335009
vt 0.968257 0.274024
vt 0.962349 0.331877
vt 0.964954 0.275100
vt 0.959436 0.328159
vt 0.962118 0.275988
vt 0.853007 0.037081
vt 0.848403 0.036514
vt 0.808533 0.003199
vt 0.809054 -0.000000
vt 0.843675 0.036434
vt 0.807904 0.006822
vt 0.839006 0.036842
vt 0.807193 0.010729
vt 0.834576 0.037724
vt 0.806426 0.014770
vt 0.830554 0.039043
vt 0.805633 0.018791
vt 0.827095 0.040754
vt 0.804844 0.022635
vt 0.824332 0.042785
vt 0.804090 0.026157
vt 0.822372 0.045061
vt 0.803415 0.029322
vt 0.591151 0.951336
vt 0.587288 0.949902
vt 0.586281 0.927699
vt 0.589554 0.928465
vt 0.583130 0.949334
vt 0.582556 0.926719
vt 0.578832 0.949654
vt 0.578602 0.925650
vt 0.574562 0.950850
vt 0.574618 0.924585
vt 0.570484 0.952876
vt 0.570708 0.923513
vt 0.566752 0.955653
vt 0.567024 0.922477
vt 0.563516 0.959077
vt 0.563711 0.921517
vt 0.560893 0.963014
vt 0.560893 0.920669
vt 0.635382 0.529400
vt 0.630715 0.529828
vt 0.670183 0.495070
vt 0.670741 0.498214
vt 0.625987 0.529742
vt 0.669571 0.491479
vt 0.621379 0.529150
vt 0.668930 0.487581
vt 0.617070 0.528073
vt 0.668284 0.483525
vt 0.613224 0.526553
vt 0.667658 0.479467
vt 0.609989 0.524647
vt 0.667076 0.475563
vt 0.607490 0.522430
vt 0.666559 0.471963
vt 0.605822 0.519986
vt 0.666129 0.468806
vt 0.990139 0.336804
vt 0.990139 0.266226
vt 0.878812 0.441058
vt 0.881818 0.440571
vt 0.873948 0.814076
vt 0.870348 0.814660
vt 0.694092 0.468065
vt 0.698615 0.468308
vt 0.693218 0.843028
vt 0.687795 0.842737
vt 0.908118 0.440185
vt 0.905475 0.813548
vt 0.885476 0.440188
vt 0.878334 0.813617
vt 0.703319 0.468421
vt 0.698857 0.843164
vt 0.912286 0.440566
vt 0.910473 0.814070
vt 0.889650 0.439924
vt 0.883339 0.813236
vt 0.708029 0.468400
vt 0.704504 0.843139
vt 0.915941 0.441052
vt 0.914853 0.814652
vt 0.894178 0.439789
vt 0.888769 0.812794
vt 0.712560 0.468246
vt 0.709936 0.842954
vt 0.633040 0.843142
vt 0.628430 0.841319
vt 0.716737 0.467965
vt 0.714943 0.842617
vt 0.638206 0.844432
vt 0.720405 0.467567
vt 0.719337 0.842140
vt 0.643729 0.845142
vt 0.814710 0.353349
vt 0.809888 0.354932
vt 0.649397 0.845245
vt 0.820021 0.352292
vt 0.654992 0.844734
vt 0.825617 0.351803
vt 0.639808 0.528480
vt 0.660298 0.843630
vt 0.831285 0.351900
vt 0.643825 0.527101
vt 0.665113 0.841976
vt 0.836805 0.352578
vt 0.647276 0.525314
vt 0.669251 0.839836
vt 0.857312 0.038112
vt 0.841966 0.353813
vt 0.686280 0.467232
vt 0.689926 0.467702
vt 0.682804 0.842302
vt 0.678430 0.841738
vt 0.861153 0.039566
vt 0.846569 0.355558
vt 0.514093 0.787147
vt 0.513993 0.780784
vt 0.524141 0.780740
vt 0.524242 0.787102
vt 0.278610 0.894469
vt 0.281100 0.900485
vt 0.257640 0.913025
vt 0.253155 0.902192
vt 0.853115 0.437867
vt 0.854183 0.433030
vt 0.864148 0.434952
vt 0.863080 0.439789
vt 0.616865 0.868272
vt 0.617795 0.874685
vt 0.607765 0.876258
vt 0.606836 0.869845
vt 0.513865 0.774814
vt 0.524014 0.774769
vt 0.855338 0.427466
vt 0.865303 0.429387
vt 0.618748 0.881095
vt 0.608718 0.882668
vt 0.856535 0.421390
vt 0.866500 0.423311
vt 0.619687 0.887257
vt 0.609657 0.888830
vt 0.857728 0.415035
vt 0.867693 0.416956
vt 0.620576 0.892934
vt 0.610546 0.894507
vt 0.858872 0.408646
vt 0.868837 0.410567
vt 0.621381 0.897907
vt 0.611352 0.899480
vt 0.859923 0.402467
vt 0.869888 0.404388
vt 0.489420 0.757476
vt 0.494053 0.757826
vt 0.493757 0.767973
vt 0.489125 0.767622
vt 0.860839 0.396737
vt 0.870804 0.398658
vt 0.499489 0.758164
vt 0.499193 0.768310
vt 0.861587 0.391675
vt 0.871552 0.393596
vt 0.505519 0.758475
vt 0.505224 0.768621
vt 0.514092 0.816290
vt 0.514162 0.811602
vt 0.524310 0.811557
vt 0.524241 0.816245
vt 0.511910 0.758747
vt 0.511614 0.768893
vt 0.514197 0.806125
vt 0.524346 0.806081
vt 0.518418 0.758971
vt 0.518123 0.769118
vt 0.513715 0.769467
vt 0.523863 0.769422
vt 0.514197 0.800065
vt 0.524346 0.800021
vt 0.524792 0.759138
vt 0.524497 0.769284
vt 0.614559 0.851433
vt 0.615216 0.856420
vt 0.605186 0.857993
vt 0.604529 0.853006
vt 0.514162 0.793655
vt 0.524311 0.793611
vt 0.530785 0.759241
vt 0.530489 0.769387
vt 0.615995 0.862105
vt 0.605965 0.863678
vt 0.536173 0.759276
vt 0.535877 0.769422
vt 0.502402 0.518484
vt 0.502164 0.508034
vt 0.509319 0.507901
vt 0.509557 0.518350
vt 0.331466 0.859145
vt 0.326051 0.855530
vt 0.338595 0.832064
vt 0.348343 0.838578
vt 0.284718 0.905896
vt 0.264153 0.922775
vt 0.320037 0.853038
vt 0.327762 0.827578
vt 0.289321 0.910501
vt 0.272444 0.931065
vt 0.313652 0.851767
vt 0.316262 0.825293
vt 0.294733 0.914118
vt 0.282191 0.937581
vt 0.307141 0.851768
vt 0.304537 0.825294
vt 0.300748 0.916610
vt 0.293023 0.942068
vt 0.300755 0.853040
vt 0.293036 0.827582
vt 0.307135 0.917879
vt 0.304525 0.944353
vt 0.294740 0.855531
vt 0.282203 0.832070
vt 0.313644 0.917880
vt 0.316250 0.944352
vt 0.289325 0.859150
vt 0.272455 0.838585
vt 0.339682 0.900478
vt 0.342174 0.894463
vt 0.367628 0.902182
vt 0.363139 0.913017
vt 0.320030 0.916608
vt 0.327750 0.942064
vt 0.284721 0.863755
vt 0.264162 0.846878
vt 0.343445 0.888076
vt 0.369917 0.890681
vt 0.326046 0.914115
vt 0.338583 0.937575
vt 0.281105 0.869168
vt 0.257647 0.856628
vt 0.343445 0.881566
vt 0.369919 0.878953
vt 0.331459 0.910498
vt 0.348334 0.931059
vt 0.278611 0.875185
vt 0.253158 0.867463
vt 0.342176 0.875180
vt 0.367632 0.867454
vt 0.336064 0.905893
vt 0.356624 0.922768
vt 0.277341 0.881570
vt 0.250869 0.878965
vt 0.339685 0.869164
vt 0.363146 0.856620
vt 0.277340 0.888083
vt 0.250869 0.890690
vt 0.336068 0.863750
vt 0.356633 0.846870
vt 0.134107 0.867462
vt 0.138594 0.856628
vt 0.145107 0.846878
vt 0.153398 0.838585
vt 0.163146 0.832069
vt 0.173979 0.827580
vt 0.185478 0.825294
vt 0.197203 0.825294
vt 0.208702 0.827579
vt 0.219534 0.832068
vt 0.229283 0.838583
vt 0.237573 0.846875
vt 0.244087 0.856626
vt 0.248574 0.867461
vt 0.250861 0.878960
vt 0.250861 0.890687
vt 0.248574 0.902190
vt 0.244087 0.913025
vt 0.237573 0.922777
vt 0.229282 0.931068
vt 0.219534 0.937584
vt 0.208702 0.942072
vt 0.197203 0.944361
vt 0.185478 0.944361
vt 0.173979 0.942073
vt 0.163146 0.937587
vt 0.153398 0.931069
vt 0.145107 0.922777
vt 0.138594 0.913027
vt 0.134107 0.902195
vt 0.131819 0.890692
vt 0.131819 0.878965
vt 0.984663 0.689742
vt 0.984433 0.699548
vt 0.977279 0.699502
vt 0.977510 0.689696
vt 0.501845 0.498826
vt 0.508999 0.498692
vt 0.984291 0.710420
vt 0.977138 0.710374
vt 0.985421 0.253671
vt 0.985614 0.245230
vt 0.992780 0.245143
vt 0.992587 0.253581
vt 0.984243 0.721941
vt 0.977090 0.721894
vt 0.985757 0.235365
vt 0.992923 0.235275
vt 0.984291 0.733665
vt 0.977138 0.733621
vt 0.985614 0.178977
vt 0.985421 0.169344
vt 0.992587 0.169255
vt 0.992780 0.178888
vt 0.985845 0.224452
vt 0.993011 0.224363
vt 0.984433 0.745147
vt 0.977279 0.745101
vt 0.997685 0.492069
vt 0.997550 0.501124
vt 0.990385 0.500999
vt 0.990519 0.491943
vt 0.985875 0.212912
vt 0.993041 0.212823
vt 0.984663 0.755942
vt 0.977510 0.755896
vt 0.997451 0.511461
vt 0.990285 0.511334
vt 0.985845 0.201186
vt 0.993011 0.201100
vt 0.984973 0.765637
vt 0.977819 0.765591
vt 0.997390 0.522677
vt 0.990224 0.522551
vt 0.985757 0.189729
vt 0.992923 0.189640
vt 0.501845 0.583403
vt 0.502165 0.574487
vt 0.509319 0.574354
vt 0.508999 0.583270
vt 0.997369 0.534345
vt 0.990203 0.534219
vt 0.502402 0.564257
vt 0.509557 0.564122
vt 0.997390 0.546017
vt 0.990224 0.545891
vt 0.502549 0.553104
vt 0.509703 0.552971
vt 0.997451 0.557242
vt 0.990286 0.557115
vt 0.502598 0.541460
vt 0.509753 0.541326
vt 0.997551 0.567590
vt 0.990385 0.567463
vt 0.502549 0.529769
vt 0.509703 0.529636
vt 0.997685 0.576663
vt 0.990519 0.576537
vt 0.984973 0.681378
vt 0.977819 0.681331
vt 0.504989 0.787424
vt 0.505608 0.781281
vt 0.505720 0.775478
vt 0.503880 0.793631
vt 0.502327 0.799686
vt 0.500393 0.805373
vt 0.498153 0.810474
vt 0.495692 0.814788
vt 0.840441 0.391627
vt 0.843554 0.387610
vt 0.837164 0.396291
vt 0.833849 0.401424
vt 0.830625 0.406826
vt 0.827613 0.412292
vt 0.824932 0.417610
vt 0.822682 0.422577
vt 0.820952 0.427001
vt 0.529075 0.725248
vt 0.534302 0.725530
vt 0.523289 0.725396
vt 0.517167 0.725971
vt 0.510946 0.726950
vt 0.504865 0.728294
vt 0.499155 0.729953
vt 0.494036 0.731863
vt 0.489710 0.733950
vt 0.640890 0.887412
vt 0.644074 0.891435
vt 0.637625 0.882708
vt 0.634405 0.877504
vt 0.631352 0.872002
vt 0.628585 0.866410
vt 0.626209 0.860945
vt 0.624316 0.855795
vt 0.622977 0.851106
vt 0.505339 0.770329
vt 0.717711 0.941665
vt 0.717043 0.947937
vt 0.711750 0.947735
vt 0.712233 0.941675
vt 0.894034 0.839206
vt 0.887967 0.839604
vt 0.888233 0.835605
vt 0.894090 0.835404
vt 0.715243 0.953964
vt 0.710632 0.953560
vt 0.882127 0.840640
vt 0.882602 0.836022
vt 0.712477 0.959522
vt 0.709091 0.958929
vt 0.876735 0.842105
vt 0.877411 0.836456
vt 0.708790 0.964390
vt 0.707081 0.963633
vt 0.872002 0.844050
vt 0.872861 0.837007
vt 0.704297 0.968384
vt 0.704632 0.967488
vt 0.868110 0.846445
vt 0.869126 0.837703
vt 0.494155 0.808323
vt 0.498765 0.804436
vt 0.847162 0.381984
vt 0.842646 0.381925
vt 0.841851 0.373139
vt 0.846623 0.374858
vt 0.489125 0.811363
vt 0.837567 0.382567
vt 0.836500 0.371955
vt 0.832121 0.383886
vt 0.830777 0.371353
vt 0.826516 0.385830
vt 0.824901 0.371354
vt 0.820969 0.388325
vt 0.819099 0.371958
vt 0.815693 0.391275
vt 0.813592 0.373143
vt 0.810889 0.394566
vt 0.808593 0.374863
vt 0.806744 0.398072
vt 0.720405 0.889100
vt 0.715672 0.891064
vt 0.715307 0.866731
vt 0.719864 0.866161
vt 0.803415 0.401658
vt 0.710281 0.892506
vt 0.710112 0.867136
vt 0.710532 0.912792
vt 0.704485 0.914420
vt 0.704442 0.893369
vt 0.704478 0.867362
vt 0.698207 0.914928
vt 0.698377 0.893620
vt 0.698622 0.867399
vt 0.514073 0.701267
vt 0.519560 0.700835
vt 0.692318 0.893250
vt 0.692771 0.867247
vt 0.508474 0.702677
vt 0.686502 0.892273
vt 0.687150 0.866911
vt 0.502975 0.705011
vt 0.681150 0.890726
vt 0.681974 0.866403
vt 0.497786 0.708179
vt 0.676466 0.888669
vt 0.677441 0.865745
vt 0.493109 0.712058
vt 0.672632 0.886182
vt 0.673725 0.864960
vt 0.670741 0.860261
vt 0.666451 0.862404
vt 0.489125 0.716501
vt 0.664545 0.881098
vt 0.659801 0.881105
vt 0.661459 0.864031
vt 0.647054 0.894623
vt 0.654566 0.880372
vt 0.655957 0.865080
vt 0.649039 0.878926
vt 0.650156 0.865511
vt 0.643434 0.876819
vt 0.644280 0.865307
vt 0.637966 0.874138
vt 0.638553 0.864475
vt 0.632845 0.870982
vt 0.633197 0.863048
vt 0.704297 0.914928
vt 0.708790 0.918929
vt 0.707081 0.919689
vt 0.704632 0.915818
vt 0.628268 0.867474
vt 0.628417 0.861081
vt 0.712477 0.923804
vt 0.709092 0.924402
vt 0.915941 0.844669
vt 0.911258 0.842591
vt 0.910743 0.836926
vt 0.915285 0.837604
vt 0.715243 0.929363
vt 0.710632 0.929779
vt 0.905905 0.840975
vt 0.905559 0.836347
vt 0.717043 0.935394
vt 0.711750 0.935613
vt 0.900089 0.839775
vt 0.899937 0.835770
vt 0.369921 0.865847
vt 0.369921 0.858575
vt 0.371339 0.851443
vt 0.374122 0.844725
vt 0.378162 0.838680
vt 0.383303 0.833538
vt 0.389350 0.829498
vt 0.396069 0.826715
vt 0.403199 0.825297
vt 0.410472 0.825297
vt 0.417603 0.826716
vt 0.424323 0.829498
vt 0.430369 0.833538
vt 0.435509 0.838680
vt 0.439548 0.844726
vt 0.442331 0.851444
vt 0.443749 0.858576
vt 0.443749 0.865847
vt 0.442331 0.872979
vt 0.439548 0.879697
vt 0.435508 0.885743
vt 0.430367 0.890885
vt 0.424322 0.894925
vt 0.417604 0.897708
vt 0.410471 0.899126
vt 0.403200 0.899126
vt 0.396067 0.897707
vt 0.389350 0.894924
vt 0.383304 0.890884
vt 0.378161 0.885743
vt 0.374122 0.879696
vt 0.371339 0.872978
vt 0.517728 0.851713
vt 0.517702 0.844464
vt 0.530544 0.844456
vt 0.530570 0.851705
vt 0.679919 0.915783
vt 0.684125 0.914929
vt 0.682565 0.985783
vt 0.678864 0.986951
vt 0.604190 0.967367
vt 0.604334 0.973110
vt 0.591489 0.973120
vt 0.591346 0.967377
vt 0.517626 0.837472
vt 0.530468 0.837464
vt 0.514651 0.951446
vt 0.514820 0.945628
vt 0.527661 0.945649
vt 0.527492 0.951467
vt 0.517502 0.831001
vt 0.530344 0.830993
vt 0.514946 0.939071
vt 0.527787 0.939092
vt 0.517336 0.825304
vt 0.530178 0.825297
vt 0.515023 0.932027
vt 0.527864 0.932048
vt 0.990203 0.491963
vt 0.990090 0.497858
vt 0.977244 0.497839
vt 0.977357 0.491943
vt 0.515049 0.924766
vt 0.528065 0.924586
vt 0.990006 0.532807
vt 0.990090 0.538996
vt 0.977244 0.538976
vt 0.977159 0.532787
vt 0.990006 0.504472
vt 0.977159 0.504452
vt 0.515023 0.917568
vt 0.528855 0.917039
vt 0.990203 0.544320
vt 0.977357 0.544300
vt 0.989954 0.511547
vt 0.977107 0.511528
vt 0.514946 0.910710
vt 0.529283 0.910246
vt 0.604334 0.920669
vt 0.604190 0.926165
vt 0.591346 0.926176
vt 0.591489 0.920679
vt 0.989936 0.518813
vt 0.977090 0.518794
vt 0.514820 0.904453
vt 0.528656 0.904179
vt 0.604083 0.932484
vt 0.591239 0.932495
vt 0.989954 0.525992
vt 0.977107 0.525973
vt 0.514651 0.899039
vt 0.527667 0.898884
vt 0.604017 0.939386
vt 0.591173 0.939397
vt 0.517336 0.877754
vt 0.517502 0.872211
vt 0.530344 0.872203
vt 0.530343 0.878166
vt 0.603995 0.946601
vt 0.591151 0.946612
vt 0.517626 0.865857
vt 0.530468 0.865849
vt 0.604017 0.953853
vt 0.591173 0.953864
vt 0.517702 0.858936
vt 0.530544 0.858928
vt 0.604083 0.960866
vt 0.591239 0.960877
vt 0.581013 0.826489
vt 0.583942 0.823563
vt 0.596290 0.833695
vt 0.591149 0.838838
vt 0.577571 0.828790
vt 0.585104 0.842878
vt 0.573746 0.830375
vt 0.578386 0.845661
vt 0.569686 0.831183
vt 0.571255 0.847081
vt 0.565547 0.831184
vt 0.563982 0.847081
vt 0.561487 0.830377
vt 0.556850 0.845663
vt 0.557660 0.828792
vt 0.550133 0.842882
vt 0.554218 0.826492
vt 0.544085 0.838842
vt 0.551290 0.823565
vt 0.538944 0.833701
vt 0.548990 0.820124
vt 0.534902 0.827655
vt 0.547406 0.816299
vt 0.532118 0.820937
vt 0.546596 0.812238
vt 0.530700 0.813806
vt 0.546596 0.808098
vt 0.530700 0.806535
vt 0.547404 0.804037
vt 0.531782 0.799109
vt 0.548900 0.800141
vt 0.534215 0.791938
vt 0.551115 0.796629
vt 0.538052 0.785906
vt 0.554127 0.793771
vt 0.543217 0.780968
vt 0.557656 0.791542
vt 0.549772 0.777183
vt 0.561481 0.789957
vt 0.556843 0.774672
vt 0.565541 0.789149
vt 0.563974 0.773252
vt 0.569682 0.789149
vt 0.571245 0.773251
vt 0.573743 0.789957
vt 0.578377 0.774669
vt 0.577567 0.791540
vt 0.585097 0.777452
vt 0.581009 0.793840
vt 0.591142 0.781490
vt 0.583937 0.796767
vt 0.596286 0.786632
vt 0.586239 0.800210
vt 0.600325 0.792677
vt 0.587824 0.804034
vt 0.603109 0.799395
vt 0.588631 0.808094
vt 0.604529 0.806528
vt 0.588631 0.812234
vt 0.604529 0.813799
vt 0.587824 0.816294
vt 0.603112 0.820930
vt 0.586239 0.820119
vt 0.600330 0.827649
vt 0.063261 0.587162
vt 0.067986 0.587228
vt 0.071545 0.952059
vt 0.065900 0.951736
vt 0.688495 0.914973
vt 0.686469 0.984574
vt 0.692861 0.915914
vt 0.690427 0.983369
vt 0.697056 0.917717
vt 0.694286 0.982215
vt 0.700918 0.920311
vt 0.697899 0.981156
vt 0.704297 0.923599
vt 0.701127 0.980233
vt 0.657770 0.042941
vt 0.653370 0.042356
vt 0.608722 0.003222
vt 0.609128 -0.000000
vt 0.648708 0.042095
vt 0.608225 0.006872
vt 0.643962 0.042163
vt 0.607655 0.010812
vt 0.639316 0.042564
vt 0.607034 0.014890
vt 0.634947 0.043281
vt 0.606386 0.018951
vt 0.631024 0.044282
vt 0.605736 0.022841
vt 0.627696 0.045534
vt 0.605109 0.026404
vt 0.625094 0.046985
vt 0.604529 0.029507
vt 0.250869 0.951084
vt 0.254530 0.953207
vt 0.256361 0.975968
vt 0.253368 0.975449
vt 0.258599 0.954499
vt 0.259818 0.976616
vt 0.262921 0.954908
vt 0.263680 0.977451
vt 0.267328 0.954419
vt 0.267725 0.978358
vt 0.271652 0.953051
vt 0.271761 0.979257
vt 0.275727 0.950856
vt 0.275669 0.980157
vt 0.279395 0.947919
vt 0.279302 0.981025
vt 0.282517 0.944353
vt 0.282517 0.981828
vt 0.705960 0.058643
vt 0.701445 0.059133
vt 0.737402 0.026366
vt 0.737914 0.029595
vt 0.696731 0.059299
vt 0.736854 0.022705
vt 0.692000 0.059128
vt 0.736291 0.018752
vt 0.687434 0.058630
vt 0.735734 0.014659
vt 0.683207 0.057826
vt 0.735206 0.010586
vt 0.679483 0.056742
vt 0.734726 0.006687
vt 0.676404 0.055423
vt 0.734312 0.003113
vt 0.674089 0.053920
vt 0.733981 -0.000000
vt 0.672632 0.920026
vt 0.676038 0.917505
vt 0.675511 0.988030
vt 0.672632 0.988982
vt 0.661738 0.043827
vt 0.665123 0.044977
vt 0.650840 0.386415
vt 0.646797 0.385039
vt 0.886893 0.000743
vt 0.891431 0.000938
vt 0.887848 0.367438
vt 0.882425 0.367205
vt 0.072530 0.587423
vt 0.076976 0.952573
vt 0.046157 0.588169
vt 0.049819 0.587740
vt 0.049841 0.953016
vt 0.045465 0.953525
vt 0.896154 0.001004
vt 0.893491 0.367515
vt 0.076720 0.587740
vt 0.081983 0.953016
vt 0.054000 0.587423
vt 0.054837 0.952573
vt 0.900878 0.000938
vt 0.899135 0.367438
vt 0.080396 0.588169
vt 0.086375 0.953525
vt 0.058539 0.587228
vt 0.060259 0.952059
vt 0.905423 0.000743
vt 0.904565 0.367205
vt 0.700196 0.402194
vt 0.695747 0.400900
vt 0.909613 0.000427
vt 0.909571 0.366827
vt 0.705246 0.403155
vt 0.913288 0.000000
vt 0.913962 0.366317
vt 0.710702 0.403750
vt 0.614786 0.384387
vt 0.610099 0.385584
vt 0.716355 0.403953
vt 0.620006 0.383533
vt 0.721986 0.403758
vt 0.625558 0.383053
vt 0.727381 0.403172
vt 0.631228 0.382969
vt 0.710103 0.057845
vt 0.732332 0.402216
vt 0.636798 0.383283
vt 0.713715 0.056765
vt 0.736647 0.400928
vt 0.642055 0.383980
vt 0.879049 0.000000
vt 0.882712 0.000427
vt 0.877430 0.366827
vt 0.873053 0.366317
vt 0.540910 0.944713
vt 0.540966 0.951141
vt 0.530813 0.951154
vt 0.530758 0.944725
vt 0.200985 0.614908
vt 0.194597 0.613638
vt 0.197204 0.587164
vt 0.208706 0.589452
vt 0.531437 0.690689
vt 0.536287 0.690627
vt 0.536037 0.700772
vt 0.531187 0.700835
vt 0.683780 0.429804
vt 0.684477 0.435946
vt 0.674416 0.437292
vt 0.673719 0.431150
vt 0.541036 0.957243
vt 0.530884 0.957255
vt 0.655876 0.467249
vt 0.656752 0.462362
vt 0.666780 0.463919
vt 0.665904 0.468806
vt 0.685242 0.442361
vt 0.675181 0.443707
vt 0.657690 0.456751
vt 0.667718 0.458308
vt 0.686044 0.448806
vt 0.675984 0.450151
vt 0.658653 0.450627
vt 0.668682 0.452184
vt 0.686854 0.455029
vt 0.676793 0.456375
vt 0.659605 0.444230
vt 0.669634 0.445786
vt 0.687640 0.460797
vt 0.677579 0.462143
vt 0.660509 0.437803
vt 0.670538 0.439360
vt 0.688373 0.465886
vt 0.678312 0.467232
vt 0.661331 0.431594
vt 0.671359 0.433151
vt 0.489375 0.689336
vt 0.494578 0.689675
vt 0.494328 0.699820
vt 0.489125 0.699481
vt 0.662038 0.425844
vt 0.672066 0.427401
vt 0.500444 0.689982
vt 0.500194 0.700127
vt 0.662603 0.420769
vt 0.672632 0.422326
vt 0.506748 0.690244
vt 0.506498 0.700390
vt 0.540872 0.920669
vt 0.540852 0.925948
vt 0.530700 0.925960
vt 0.530720 0.920681
vt 0.513246 0.690454
vt 0.512996 0.700599
vt 0.541120 0.962785
vt 0.530967 0.962798
vt 0.540852 0.931870
vt 0.530700 0.931882
vt 0.519691 0.690601
vt 0.519441 0.700746
vt 0.541212 0.967553
vt 0.531060 0.967566
vt 0.540872 0.938206
vt 0.530719 0.938218
vt 0.525832 0.690680
vt 0.525582 0.700826
vt 0.682693 0.419277
vt 0.683178 0.424177
vt 0.673117 0.425523
vt 0.672632 0.420622
vt 0.977752 0.627655
vt 0.977614 0.616375
vt 0.984771 0.616230
vt 0.984909 0.627508
vt 0.200986 0.678480
vt 0.206999 0.675990
vt 0.219540 0.699455
vt 0.208707 0.703941
vt 0.188087 0.613637
vt 0.185480 0.587162
vt 0.212413 0.672373
vt 0.229291 0.692940
vt 0.181701 0.614907
vt 0.173981 0.589448
vt 0.217017 0.667769
vt 0.237581 0.684649
vt 0.175685 0.617399
vt 0.163146 0.593935
vt 0.220634 0.662356
vt 0.244094 0.674900
vt 0.170274 0.621014
vt 0.153397 0.600449
vt 0.223127 0.656339
vt 0.248582 0.664065
vt 0.165670 0.625618
vt 0.145107 0.608740
vt 0.224396 0.649953
vt 0.250869 0.652565
vt 0.162053 0.631032
vt 0.138592 0.618490
vt 0.224396 0.643442
vt 0.250869 0.640838
vt 0.162054 0.662348
vt 0.165670 0.667763
vt 0.145108 0.684639
vt 0.138593 0.674888
vt 0.159560 0.637048
vt 0.134106 0.629323
vt 0.223126 0.637055
vt 0.248582 0.629336
vt 0.170275 0.672368
vt 0.153400 0.692932
vt 0.158291 0.643434
vt 0.131819 0.640825
vt 0.220633 0.631039
vt 0.244092 0.618502
vt 0.175688 0.675986
vt 0.163149 0.699448
vt 0.158292 0.649946
vt 0.131819 0.652551
vt 0.217017 0.625624
vt 0.237581 0.608750
vt 0.181702 0.678479
vt 0.173982 0.703937
vt 0.159561 0.656332
vt 0.134106 0.664054
vt 0.212412 0.621020
vt 0.229288 0.600457
vt 0.188090 0.679749
vt 0.185481 0.706227
vt 0.206999 0.617402
vt 0.219539 0.593942
vt 0.194600 0.679750
vt 0.197208 0.706227
vt 0.367627 0.783124
vt 0.363141 0.793959
vt 0.356624 0.803709
vt 0.348334 0.812001
vt 0.338586 0.818517
vt 0.327752 0.823004
vt 0.316253 0.825293
vt 0.304529 0.825293
vt 0.293029 0.823005
vt 0.282195 0.818517
vt 0.272447 0.812002
vt 0.264155 0.803709
vt 0.257642 0.793958
vt 0.253155 0.783125
vt 0.250869 0.771622
vt 0.250869 0.759895
vt 0.253157 0.748394
vt 0.257642 0.737559
vt 0.264156 0.727809
vt 0.272447 0.719516
vt 0.282198 0.713001
vt 0.293029 0.708513
vt 0.304531 0.706225
vt 0.316255 0.706225
vt 0.327754 0.708513
vt 0.338586 0.713000
vt 0.348336 0.719516
vt 0.356625 0.727808
vt 0.363139 0.737559
vt 0.367629 0.748393
vt 0.369914 0.759896
vt 0.369915 0.771622
vt 0.501845 0.413977
vt 0.502197 0.404594
vt 0.509347 0.404672
vt 0.508995 0.414055
vt 0.977391 0.605941
vt 0.984547 0.605797
vt 0.502459 0.394017
vt 0.509609 0.394096
vt 0.977090 0.596752
vt 0.984247 0.596607
vt 0.502620 0.382657
vt 0.509770 0.382735
vt 1.000000 0.765637
vt 0.999896 0.775145
vt 0.992730 0.775205
vt 0.992834 0.765697
vt 0.502674 0.370948
vt 0.509825 0.371026
vt 0.999818 0.831506
vt 0.999896 0.841487
vt 0.992730 0.841547
vt 0.992652 0.831565
vt 0.999818 0.785808
vt 0.992652 0.785868
vt 0.502620 0.359338
vt 0.509770 0.359418
vt 1.000000 0.850075
vt 0.992834 0.850136
vt 0.999771 0.797219
vt 0.992604 0.797279
vt 0.502459 0.348278
vt 0.509609 0.348356
vt 0.993057 0.084692
vt 0.992856 0.093559
vt 0.985692 0.093423
vt 0.985893 0.084554
vt 0.999755 0.808938
vt 0.992588 0.808999
vt 0.502197 0.338188
vt 0.509347 0.338268
vt 0.992707 0.103751
vt 0.985544 0.103616
vt 0.999771 0.820516
vt 0.992605 0.820576
vt 0.501845 0.329460
vt 0.508995 0.329538
vt 0.992616 0.114878
vt 0.985452 0.114743
vt 0.977090 0.681331
vt 0.977391 0.672396
vt 0.984547 0.672251
vt 0.984247 0.681186
vt 0.992585 0.126515
vt 0.985421 0.126380
vt 0.977614 0.662151
vt 0.984771 0.662006
vt 0.992616 0.138210
vt 0.985452 0.138075
vt 0.977752 0.650988
vt 0.984909 0.650844
vt 0.992708 0.149515
vt 0.985543 0.149380
vt 0.977798 0.639341
vt 0.984955 0.639197
vt 0.992856 0.160000
vt 0.985692 0.159862
vt 0.993057 0.169255
vt 0.985893 0.169120
vt 0.550003 0.944533
vt 0.549341 0.950741
vt 0.549174 0.956667
vt 0.551145 0.938324
vt 0.552716 0.932327
vt 0.554653 0.926763
vt 0.556882 0.921842
vt 0.643920 0.422142
vt 0.646786 0.418034
vt 0.640825 0.426872
vt 0.637620 0.432046
vt 0.634427 0.437460
vt 0.631370 0.442910
vt 0.628565 0.448187
vt 0.626121 0.453087
vt 0.624132 0.457418
vt 0.529721 0.656933
vt 0.534456 0.657609
vt 0.524283 0.656676
vt 0.518354 0.656847
vt 0.512159 0.657441
vt 0.505940 0.658435
vt 0.499932 0.659789
vt 0.494369 0.661453
vt 0.489461 0.663362
vt 0.710476 0.454767
vt 0.713507 0.458935
vt 0.707299 0.449968
vt 0.704099 0.444729
vt 0.700999 0.439246
vt 0.698119 0.433734
vt 0.695568 0.428404
vt 0.693445 0.423456
vt 0.691831 0.419060
vt 0.549490 0.962009
vt 0.550295 0.966636
vt 0.960037 0.944062
vt 0.960702 0.937792
vt 0.966010 0.937992
vt 0.965530 0.944052
vt 0.065892 0.978407
vt 0.059833 0.978887
vt 0.060042 0.974886
vt 0.065892 0.974606
vt 0.962499 0.931763
vt 0.967125 0.932166
vt 0.054006 0.980003
vt 0.054418 0.975376
vt 0.965263 0.926208
vt 0.968656 0.926799
vt 0.048640 0.981535
vt 0.049238 0.975874
vt 0.968946 0.921340
vt 0.970655 0.922098
vt 0.043938 0.983536
vt 0.044700 0.976479
vt 0.973431 0.917346
vt 0.973093 0.918242
vt 0.651621 0.414217
vt 0.647676 0.414469
vt 0.647074 0.406460
vt 0.651264 0.407802
vt 0.560893 0.923901
vt 0.556276 0.927709
vt 0.643036 0.415304
vt 0.642159 0.405463
vt 0.637882 0.416692
vt 0.636710 0.404844
vt 0.632411 0.418581
vt 0.630935 0.404633
vt 0.626832 0.420896
vt 0.625058 0.404832
vt 0.621361 0.423552
vt 0.619303 0.405434
vt 0.616208 0.426441
vt 0.613892 0.406419
vt 0.611571 0.429457
vt 0.609033 0.407746
vt 0.607627 0.432480
vt 0.915495 0.413291
vt 0.910780 0.415290
vt 0.910171 0.390941
vt 0.914725 0.390339
vt 0.604530 0.435396
vt 0.905402 0.416775
vt 0.904979 0.391389
vt 0.905859 0.437131
vt 0.899828 0.438818
vt 0.899570 0.417690
vt 0.899348 0.391665
vt 0.893556 0.439385
vt 0.893507 0.418000
vt 0.893494 0.391757
vt 0.510215 0.632670
vt 0.515852 0.632214
vt 0.887446 0.417690
vt 0.887643 0.391665
vt 0.504508 0.634100
vt 0.881621 0.416775
vt 0.882018 0.391389
vt 0.498951 0.636451
vt 0.876254 0.415290
vt 0.876837 0.390941
vt 0.493757 0.639631
vt 0.871552 0.413291
vt 0.872299 0.390339
vt 0.489125 0.643520
vt 0.735562 0.445863
vt 0.731317 0.445524
vt 0.733440 0.424910
vt 0.737914 0.423659
vt 0.716277 0.462319
vt 0.726445 0.444589
vt 0.728309 0.425801
vt 0.721133 0.443088
vt 0.722716 0.426304
vt 0.715586 0.441084
vt 0.716878 0.426396
vt 0.710017 0.438651
vt 0.711018 0.426071
vt 0.704640 0.435884
vt 0.705362 0.425349
vt 0.699661 0.432889
vt 0.700126 0.424252
vt 0.973431 0.970801
vt 0.968946 0.966800
vt 0.970655 0.966040
vt 0.973093 0.969913
vt 0.695272 0.429778
vt 0.695514 0.422825
vt 0.965263 0.961925
vt 0.968656 0.961325
vt 0.087881 0.983536
vt 0.083166 0.981535
vt 0.082572 0.975874
vt 0.087125 0.976479
vt 0.962499 0.956366
vt 0.967125 0.955948
vt 0.077788 0.980003
vt 0.077379 0.975376
vt 0.960702 0.950334
vt 0.966010 0.950115
vt 0.071955 0.978887
vt 0.071746 0.974886
vt 0.802259 0.955317
vt 0.798525 0.960904
vt 0.793775 0.965657
vt 0.788187 0.969390
vt 0.781980 0.971963
vt 0.775390 0.973274
vt 0.768670 0.973274
vt 0.762080 0.971965
vt 0.755870 0.969393
vt 0.750283 0.965661
vt 0.745531 0.960910
vt 0.741799 0.955324
vt 0.739226 0.949116
vt 0.737914 0.942525
vt 0.737914 0.935805
vt 0.739222 0.929214
vt 0.741794 0.923006
vt 0.745528 0.917419
vt 0.750278 0.912666
vt 0.755863 0.908932
vt 0.762073 0.906361
vt 0.768663 0.905049
vt 0.775384 0.905048
vt 0.781973 0.906358
vt 0.788183 0.908930
vt 0.793770 0.912662
vt 0.798522 0.917413
vt 0.802255 0.922999
vt 0.804827 0.929207
vt 0.806139 0.935798
vt 0.806139 0.942517
vt 0.804828 0.949108
vt 0.193428 0.961991
vt 0.193408 0.968682
vt 0.181538 0.968679
vt 0.181559 0.961988
vt 0.918869 0.982408
vt 0.914647 0.982755
vt 0.916778 0.919878
vt 0.920483 0.919207
vt 0.157341 0.955348
vt 0.157226 0.949478
vt 0.169094 0.949485
vt 0.169208 0.955356
vt 0.193428 0.975363
vt 0.181559 0.975361
vt 0.157072 0.944361
vt 0.168940 0.944369
vt 0.193489 0.981777
vt 0.181620 0.981774
vt 0.356519 0.944381
vt 0.356414 0.949962
vt 0.344542 0.949934
vt 0.344647 0.944353
vt 0.193588 0.987679
vt 0.181718 0.987676
vt 0.356336 0.956166
vt 0.344464 0.956138
vt 0.193721 0.992838
vt 0.181851 0.992835
vt 0.356287 0.962755
vt 0.344259 0.962857
vt 0.169647 0.961123
vt 0.169576 0.954865
vt 0.181443 0.954899
vt 0.181514 0.961157
vt 0.169302 0.992688
vt 0.169459 0.987176
vt 0.181326 0.987210
vt 0.181169 0.992723
vt 0.356271 0.969474
vt 0.343492 0.969835
vt 0.169459 0.949206
vt 0.181326 0.949240
vt 0.169576 0.981019
vt 0.181443 0.981054
vt 0.356287 0.976067
vt 0.343043 0.976342
vt 0.169302 0.944361
vt 0.181169 0.944395
vt 0.169647 0.974456
vt 0.181514 0.974491
vt 0.356336 0.982280
vt 0.343555 0.982392
vt 0.157072 0.992829
vt 0.157226 0.987560
vt 0.169094 0.987568
vt 0.168940 0.992836
vt 0.169672 0.967738
vt 0.181538 0.967772
vt 0.356414 0.987874
vt 0.344385 0.987951
vt 0.157341 0.981577
vt 0.169208 0.981585
vt 0.356519 0.992632
vt 0.344647 0.992604
vt 0.157411 0.975113
vt 0.169278 0.975121
vt 0.193721 0.944364
vt 0.193588 0.949592
vt 0.181718 0.949589
vt 0.181851 0.944361
vt 0.157435 0.968416
vt 0.169302 0.968424
vt 0.193489 0.955545
vt 0.181620 0.955542
vt 0.157411 0.961742
vt 0.169278 0.961750
vt 0.386821 0.942437
vt 0.388947 0.945618
vt 0.377535 0.954982
vt 0.373801 0.949395
vt 0.385358 0.938902
vt 0.371232 0.943186
vt 0.384611 0.935150
vt 0.369920 0.936595
vt 0.384612 0.931324
vt 0.369920 0.929876
vt 0.385358 0.927572
vt 0.371233 0.923285
vt 0.386823 0.924038
vt 0.373805 0.917077
vt 0.388948 0.920857
vt 0.377538 0.911491
vt 0.391654 0.918152
vt 0.382290 0.906740
vt 0.394836 0.916027
vt 0.387877 0.903008
vt 0.398371 0.914563
vt 0.394086 0.900436
vt 0.402122 0.913817
vt 0.400676 0.899126
vt 0.405948 0.913818
vt 0.407397 0.899126
vt 0.409700 0.914564
vt 0.413987 0.900438
vt 0.413234 0.916029
vt 0.420520 0.902760
vt 0.416498 0.918087
vt 0.426577 0.906258
vt 0.419281 0.920728
vt 0.431350 0.910821
vt 0.421327 0.923974
vt 0.434897 0.916395
vt 0.422709 0.927576
vt 0.437146 0.923022
vt 0.423456 0.931328
vt 0.438146 0.929883
vt 0.423455 0.935154
vt 0.438146 0.936602
vt 0.422708 0.938906
vt 0.436834 0.943194
vt 0.421244 0.942441
vt 0.434261 0.949401
vt 0.419118 0.945621
vt 0.430529 0.954987
vt 0.416413 0.948326
vt 0.425777 0.959738
vt 0.413231 0.950452
vt 0.420190 0.963471
vt 0.409696 0.951916
vt 0.413980 0.966042
vt 0.405944 0.952661
vt 0.407390 0.967352
vt 0.402119 0.952661
vt 0.400670 0.967352
vt 0.398366 0.951914
vt 0.394080 0.966040
vt 0.394833 0.950449
vt 0.387873 0.963468
vt 0.391650 0.948325
vt 0.382285 0.959735
vt 0.115972 0.954826
vt 0.111609 0.954699
vt 0.103730 0.618884
vt 0.109365 0.619291
vt 0.910410 0.982252
vt 0.913008 0.920533
vt 0.906316 0.980918
vt 0.909322 0.921145
vt 0.902526 0.978806
vt 0.905859 0.921692
vt 0.899185 0.975996
vt 0.902754 0.922153
vt 0.751539 0.414712
vt 0.755271 0.415183
vt 0.799456 0.457185
vt 0.799068 0.460096
vt 0.759381 0.415508
vt 0.799930 0.453858
vt 0.763711 0.415670
vt 0.800471 0.450245
vt 0.768093 0.415666
vt 0.801059 0.446487
vt 0.772362 0.415490
vt 0.801670 0.442727
vt 0.776351 0.415156
vt 0.802282 0.439107
vt 0.779907 0.414673
vt 0.802871 0.435771
vt 0.782895 0.414059
vt 0.803415 0.432843
vt 0.313244 0.974974
vt 0.315958 0.971848
vt 0.337942 0.971139
vt 0.337449 0.973805
vt 0.317974 0.968220
vt 0.338509 0.968035
vt 0.319216 0.964229
vt 0.339166 0.964590
vt 0.319635 0.960028
vt 0.339958 0.960891
vt 0.319216 0.955780
vt 0.340784 0.957123
vt 0.317974 0.951647
vt 0.341575 0.953456
vt 0.315958 0.947788
vt 0.342338 0.950008
vt 0.313244 0.944353
vt 0.343043 0.946909
vt 0.829187 0.846175
vt 0.833063 0.845702
vt 0.803932 0.873609
vt 0.803415 0.870741
vt 0.837265 0.845396
vt 0.804490 0.876904
vt 0.841631 0.845269
vt 0.805068 0.880500
vt 0.845994 0.845327
vt 0.805643 0.884256
vt 0.850186 0.845570
vt 0.806192 0.888029
vt 0.854047 0.845985
vt 0.806696 0.891675
vt 0.857427 0.846558
vt 0.807135 0.895053
vt 0.860197 0.847268
vt 0.807492 0.898033
vt 0.929845 0.976563
vt 0.926616 0.979252
vt 0.927145 0.917916
vt 0.929845 0.917346
vt 0.922910 0.981225
vt 0.923984 0.918544
vt 0.748329 0.414105
vt 0.759287 0.080984
vt 0.763438 0.081768
vt 0.024359 0.996393
vt 0.020157 0.996270
vt 0.028227 0.658289
vt 0.033660 0.658449
vt 0.107418 0.954453
vt 0.098316 0.618286
vt 0.131819 0.954122
vt 0.128417 0.954471
vt 0.125466 0.618245
vt 0.129865 0.617795
vt 0.015791 0.996269
vt 0.022582 0.658289
vt 0.103560 0.954101
vt 0.093328 0.617764
vt 0.124540 0.954710
vt 0.120453 0.618618
vt 0.011428 0.996392
vt 0.016941 0.658448
vt 0.100182 0.953651
vt 0.088961 0.617184
vt 0.120338 0.954828
vt 0.115014 0.619051
vt 0.007237 0.996636
vt 0.011523 0.658764
vt 0.841603 0.511838
vt 0.845973 0.512579
vt 0.003379 0.996987
vt 0.006534 0.659219
vt 0.836611 0.511299
vt 0.000000 0.997436
vt 0.002166 0.659798
vt 0.831191 0.510988
vt 0.795518 0.082343
vt 0.800116 0.081718
vt 0.825550 0.510911
vt 0.790360 0.082777
vt 0.819905 0.511075
vt 0.784842 0.083001
vt 0.814472 0.511470
vt 0.779175 0.083009
vt 0.809462 0.512085
vt 0.773577 0.082798
vt 0.825787 0.846803
vt 0.805065 0.512895
vt 0.768263 0.082380
vt 0.031638 0.996988
vt 0.028236 0.996636
vt 0.038672 0.658762
vt 0.043071 0.659217
vt 0.952811 0.875683
vt 0.952742 0.869174
vt 0.962890 0.869094
vt 0.962959 0.875603
vt 0.403769 0.786836
vt 0.408373 0.791441
vt 0.391497 0.812005
vt 0.383206 0.803712
vt 0.857904 0.956746
vt 0.863319 0.957011
vt 0.862614 0.967139
vt 0.857200 0.966873
vt 0.857513 0.482727
vt 0.856825 0.476969
vt 0.866863 0.475476
vt 0.867551 0.481234
vt 0.952642 0.862764
vt 0.962790 0.862684
vt 0.867929 0.957182
vt 0.867225 0.967310
vt 0.856034 0.470754
vt 0.866072 0.469261
vt 0.754800 0.001601
vt 0.753922 0.006591
vt 0.743899 0.004990
vt 0.744776 -0.000000
vt 0.855171 0.464323
vt 0.865209 0.462830
vt 0.752978 0.012281
vt 0.742955 0.010680
vt 0.854268 0.457919
vt 0.864307 0.456427
vt 0.752003 0.018448
vt 0.741980 0.016847
vt 0.853361 0.451789
vt 0.863399 0.450296
vt 0.751035 0.024861
vt 0.741011 0.023259
vt 0.852484 0.446173
vt 0.862522 0.444680
vt 0.750110 0.031268
vt 0.740087 0.029667
vt 0.851671 0.441281
vt 0.861709 0.439789
vt 0.749265 0.037426
vt 0.739241 0.035825
vt 0.821285 0.953941
vt 0.826670 0.954465
vt 0.825966 0.964592
vt 0.820580 0.964069
vt 0.748531 0.043099
vt 0.738508 0.041497
vt 0.832660 0.954991
vt 0.831956 0.965119
vt 0.747937 0.048066
vt 0.737914 0.046465
vt 0.839024 0.955502
vt 0.838320 0.965630
vt 0.952514 0.856701
vt 0.962662 0.856621
vt 0.952811 0.893352
vt 0.952846 0.888010
vt 0.962994 0.887930
vt 0.962959 0.893272
vt 0.845519 0.955976
vt 0.844814 0.966104
vt 0.952364 0.851217
vt 0.962513 0.851137
vt 0.952846 0.882044
vt 0.962994 0.881964
vt 0.851893 0.956396
vt 0.851189 0.966524
vt 0.952198 0.846525
vt 0.962346 0.846445
vt 0.858072 0.487806
vt 0.868110 0.486313
vt 0.992001 0.808066
vt 0.992039 0.819724
vt 0.984879 0.819872
vt 0.984841 0.808212
vt 0.439084 0.733977
vt 0.432699 0.732707
vt 0.435305 0.706229
vt 0.446806 0.708517
vt 0.413784 0.795059
vt 0.401244 0.818520
vt 0.426186 0.732707
vt 0.423582 0.706229
vt 0.419800 0.797551
vt 0.412078 0.823009
vt 0.419803 0.733976
vt 0.412083 0.708517
vt 0.426185 0.798821
vt 0.423575 0.825297
vt 0.413788 0.736468
vt 0.401248 0.713004
vt 0.432695 0.798822
vt 0.435301 0.825297
vt 0.408373 0.740086
vt 0.391500 0.719519
vt 0.439080 0.797551
vt 0.446801 0.823009
vt 0.403769 0.744691
vt 0.383209 0.727811
vt 0.445095 0.795060
vt 0.457632 0.818522
vt 0.400153 0.750105
vt 0.376695 0.737561
vt 0.462490 0.769021
vt 0.462491 0.762509
vt 0.488963 0.759901
vt 0.488963 0.771628
vt 0.450508 0.791442
vt 0.467383 0.812007
vt 0.397661 0.756121
vt 0.372209 0.748396
vt 0.461223 0.756122
vt 0.486676 0.748399
vt 0.455112 0.786838
vt 0.475672 0.803715
vt 0.396390 0.762507
vt 0.369920 0.759898
vt 0.458731 0.750107
vt 0.482189 0.737565
vt 0.458730 0.781423
vt 0.482188 0.793965
vt 0.396390 0.769019
vt 0.369921 0.771625
vt 0.455115 0.744692
vt 0.475677 0.727814
vt 0.461220 0.775408
vt 0.486675 0.783130
vt 0.397660 0.775406
vt 0.372207 0.783127
vt 0.450511 0.740087
vt 0.467386 0.719521
vt 0.400152 0.781422
vt 0.376694 0.793961
vt 0.445096 0.736469
vt 0.457636 0.713006
vt 0.134108 0.748397
vt 0.138595 0.737562
vt 0.145109 0.727811
vt 0.153399 0.719519
vt 0.163149 0.713003
vt 0.173980 0.708515
vt 0.185481 0.706228
vt 0.197204 0.706227
vt 0.208705 0.708514
vt 0.219537 0.713002
vt 0.229285 0.719517
vt 0.237577 0.727810
vt 0.244088 0.737559
vt 0.248577 0.748394
vt 0.250863 0.759895
vt 0.250863 0.771623
vt 0.248574 0.783124
vt 0.244087 0.793959
vt 0.237573 0.803710
vt 0.229283 0.812003
vt 0.219533 0.818518
vt 0.208699 0.823005
vt 0.197201 0.825294
vt 0.185475 0.825294
vt 0.173977 0.823006
vt 0.163145 0.818520
vt 0.153394 0.812004
vt 0.145105 0.803712
vt 0.138591 0.793961
vt 0.134105 0.783127
vt 0.131819 0.771626
vt 0.131819 0.759898
vt 0.977340 0.774566
vt 0.977090 0.765637
vt 0.984252 0.765791
vt 0.984502 0.774717
vt 0.992153 0.830920
vt 0.984994 0.831065
vt 0.992740 0.596676
vt 0.992473 0.606415
vt 0.985318 0.606348
vt 0.985585 0.596607
vt 0.992339 0.841218
vt 0.985179 0.841363
vt 0.992274 0.617243
vt 0.985119 0.617173
vt 0.992588 0.850223
vt 0.985428 0.850372
vt 0.992151 0.628740
vt 0.984996 0.628672
vt 0.986653 0.369097
vt 0.986567 0.358177
vt 0.993733 0.358150
vt 0.993820 0.369071
vt 0.986237 0.424186
vt 0.986426 0.414565
vt 0.993593 0.414538
vt 0.993404 0.424158
vt 0.992110 0.640467
vt 0.984955 0.640398
vt 0.986426 0.348299
vt 0.993593 0.348273
vt 0.986567 0.403821
vt 0.993733 0.403794
vt 0.992152 0.651973
vt 0.984996 0.651904
vt 0.986237 0.339845
vt 0.993404 0.339818
vt 0.986653 0.392367
vt 0.993820 0.392340
vt 0.992274 0.662814
vt 0.985119 0.662745
vt 0.977090 0.850215
vt 0.977340 0.841017
vt 0.984502 0.841169
vt 0.984252 0.850366
vt 0.986682 0.380642
vt 0.993849 0.380616
vt 0.992473 0.672575
vt 0.985318 0.672507
vt 0.977526 0.830576
vt 0.984688 0.830728
vt 0.992740 0.680881
vt 0.985585 0.680813
vt 0.977640 0.819294
vt 0.984802 0.819448
vt 0.992588 0.765637
vt 0.992339 0.774757
vt 0.985179 0.774903
vt 0.985428 0.765782
vt 0.977679 0.807607
vt 0.984841 0.807758
vt 0.992153 0.785141
vt 0.984993 0.785287
vt 0.977640 0.795959
vt 0.984802 0.796114
vt 0.992039 0.796387
vt 0.984879 0.796535
vt 0.977526 0.784804
vt 0.984688 0.784955
vt 0.943704 0.875693
vt 0.944353 0.869396
vt 0.944492 0.863178
vt 0.942563 0.881801
vt 0.940977 0.887503
vt 0.939011 0.892584
vt 0.764301 0.046095
vt 0.761599 0.050133
vt 0.767318 0.041442
vt 0.770537 0.036351
vt 0.773832 0.031019
vt 0.777076 0.025653
vt 0.780147 0.020453
vt 0.782925 0.015623
vt 0.785304 0.011349
vt 0.863665 0.924029
vt 0.868110 0.925388
vt 0.858434 0.923037
vt 0.852621 0.922451
vt 0.846449 0.922293
vt 0.840154 0.922569
vt 0.833980 0.923268
vt 0.828162 0.924365
vt 0.822926 0.925816
vt 0.827441 0.453498
vt 0.824525 0.449508
vt 0.830599 0.458125
vt 0.833880 0.463215
vt 0.837156 0.468571
vt 0.840301 0.473987
vt 0.843195 0.479253
vt 0.845727 0.484170
vt 0.847799 0.488552
vt 0.943273 0.852017
vt 0.941936 0.847429
vt 0.944133 0.857326
vt 0.972845 0.366534
vt 0.972178 0.372805
vt 0.966880 0.372585
vt 0.967365 0.366522
vt 0.109755 0.592630
vt 0.115825 0.592236
vt 0.115556 0.596235
vt 0.109699 0.596431
vt 0.970377 0.378837
vt 0.965764 0.378417
vt 0.121674 0.591208
vt 0.121195 0.595825
vt 0.967612 0.384396
vt 0.964226 0.383795
vt 0.127074 0.589753
vt 0.126395 0.595401
vt 0.963926 0.389271
vt 0.962218 0.388511
vt 0.131819 0.587817
vt 0.130959 0.594859
vt 0.959436 0.393273
vt 0.959770 0.392385
vt 0.759109 0.051514
vt 0.763204 0.050539
vt 0.763617 0.059109
vt 0.759313 0.058386
vt 0.506136 0.583467
vt 0.506136 0.588302
vt 0.501845 0.588717
vt 0.504263 0.583403
vt 0.767971 0.049129
vt 0.768621 0.059641
vt 0.773227 0.047335
vt 0.774131 0.059962
vt 0.778771 0.045225
vt 0.779935 0.060065
vt 0.784389 0.042881
vt 0.785812 0.059940
vt 0.789865 0.040395
vt 0.791534 0.059593
vt 0.794989 0.037861
vt 0.796882 0.059042
vt 0.799564 0.035375
vt 0.801651 0.058302
vt 0.803415 0.033033
vt -0.000000 0.612870
vt 0.004672 0.610794
vt 0.005600 0.635119
vt 0.001072 0.635794
vt 0.003855 0.591752
vt 0.009369 0.588933
vt 0.010017 0.609226
vt 0.010773 0.634590
vt 0.015374 0.587162
vt 0.015829 0.608226
vt 0.016393 0.634232
vt 0.848138 0.898033
vt 0.853808 0.898889
vt 0.021885 0.607831
vt 0.022242 0.634053
vt 0.842223 0.898169
vt 0.027951 0.608053
vt 0.028097 0.634066
vt 0.836285 0.899291
vt 0.033796 0.608890
vt 0.033731 0.634264
vt 0.830554 0.901355
vt 0.039195 0.610307
vt 0.038931 0.634646
vt 0.825251 0.904283
vt 0.043938 0.612247
vt 0.043492 0.635191
vt 0.820580 0.907962
vt 0.805394 0.466127
vt 0.809757 0.467060
vt 0.807974 0.488500
vt 0.803415 0.489248
vt 0.814729 0.468457
vt 0.813170 0.487965
vt 0.820118 0.470262
vt 0.818804 0.487665
vt 0.825719 0.472408
vt 0.824658 0.487612
vt 0.831314 0.474808
vt 0.830508 0.487808
vt 0.836691 0.477377
vt 0.836129 0.488243
vt 0.841642 0.480011
vt 0.841305 0.488905
vt 0.959436 0.339818
vt 0.963927 0.343811
vt 0.962221 0.344568
vt 0.959773 0.340713
vt 0.845976 0.482610
vt 0.845837 0.489764
vt 0.967616 0.348679
vt 0.964227 0.349269
vt 0.087881 0.587162
vt 0.092552 0.589237
vt 0.093065 0.594904
vt 0.088537 0.594227
vt 0.970380 0.354234
vt 0.965763 0.354636
vt 0.097895 0.590852
vt 0.098238 0.595483
vt 0.972177 0.360263
vt 0.966880 0.360462
vt 0.103704 0.592055
vt 0.103853 0.596060
vt 0.720405 0.467473
vt 0.733063 0.467232
vt 0.733063 0.734648
vt 0.720405 0.734889
vt 0.972097 0.266013
vt 0.959436 0.266226
vt 0.959436 0.000213
vt 0.972097 0.000000
vt 0.302265 0.000000
vt 0.604529 0.000000
vt 0.604529 0.329459
vt 0.302265 0.329459
vt 0.302265 0.329460
vt 0.000000 0.329459
vt 0.000000 0.000000
vt 0.302265 0.000001
vt 0.510964 0.329669
vt 0.523623 0.329459
vt 0.523623 0.629715
vt 0.510964 0.629924
vt 0.536287 0.632081
vt 0.523623 0.632214
vt 0.523623 0.329593
vt 0.536287 0.329459
s 0
usemtl legs.001
f 1/1/1 3/2/1 4/3/1 2/4/1
f 5/5/2 7/6/2 8/7/2 6/8/2
f 7/9/3 4/10/3 3/11/3 8/12/3
f 6/13/4 1/14/4 2/15/4 5/16/4
f 6/17/5 8/18/5 3/19/5 1/20/5
f 2/21/6 4/22/6 7/23/6 5/24/6
f 10/25/3 9/26/3 40/27/3 39/28/3 38/29/3 37/30/3 36/31/3 35/32/3 34/33/3 33/34/3 32/35/3 31/36/3 30/37/3 29/38/3 28/39/3 27/40/3 26/41/3 25/42/3 24/43/3 23/44/3 22/45/3 21/46/3 20/47/3 19/48/3 18/49/3 17/50/3 16/51/3 15/52/3 14/53/3 13/54/3 12/55/3 11/56/3
f 63/57/7 64/58/8 128/59/9 127/60/9
f 9/61/3 10/61/10 41/61/11 42/61/12
f 36/61/3 37/61/12 69/61/13 68/61/10
f 23/61/3 24/61/10 56/61/14 55/61/10
f 10/61/3 11/61/10 43/61/15 41/61/12
f 37/61/3 38/61/10 70/61/16 69/61/12
f 24/61/3 25/61/10 57/61/17 56/61/10
f 11/61/3 12/61/10 44/61/18 43/61/12
f 38/61/3 39/61/10 71/61/19 70/61/12
f 25/61/20 26/61/10 58/61/21 57/61/10
f 12/61/3 13/61/12 45/61/22 44/61/12
f 39/61/3 40/61/12 72/61/23 71/61/12
f 26/61/3 27/61/10 59/61/24 58/61/10
f 13/61/3 14/61/10 46/61/25 45/61/12
f 40/61/3 9/61/12 42/61/26 72/61/12
f 27/61/3 28/61/12 60/61/27 59/61/10
f 14/61/3 15/61/12 47/61/28 46/61/12
f 28/61/3 29/61/12 61/61/29 60/61/10
f 15/61/30 16/61/10 48/61/31 47/61/12
f 29/61/3 30/61/10 62/61/32 61/61/10
f 16/61/3 17/61/12 49/61/33 48/61/12
f 30/61/3 31/61/10 63/61/34 62/61/10
f 17/61/3 18/61/10 50/61/35 49/61/12
f 31/61/3 32/61/12 64/61/36 63/61/10
f 18/61/3 19/61/12 51/61/37 50/61/12
f 32/61/3 33/61/10 65/61/38 64/61/10
f 19/61/3 20/61/12 52/61/39 51/61/12
f 33/61/3 34/61/12 66/61/40 65/61/10
f 20/61/30 21/61/10 53/61/41 52/61/12
f 34/61/3 35/61/10 67/61/42 66/61/10
f 21/61/3 22/61/10 54/61/43 53/61/10
f 35/61/3 36/61/10 68/61/44 67/61/10
f 22/61/3 23/61/10 55/61/45 54/61/10
f 138/62/46 168/63/46 104/64/46 74/65/46
f 50/66/47 51/67/48 115/68/49 114/69/49
f 64/58/50 65/70/51 129/71/52 128/59/52
f 51/72/53 52/73/54 116/74/55 115/75/55
f 65/70/56 66/76/57 130/77/58 129/71/58
f 52/73/59 53/78/60 117/79/61 116/74/61
f 66/76/62 67/80/63 131/81/64 130/77/64
f 53/78/65 54/82/66 118/83/67 117/79/67
f 67/84/68 68/85/69 132/86/70 131/87/70
f 54/82/71 55/88/72 119/89/73 118/83/73
f 42/90/74 41/91/75 105/92/76 106/93/76
f 68/85/77 69/94/78 133/95/79 132/86/79
f 55/88/80 56/96/81 120/97/82 119/89/82
f 41/91/83 43/98/84 107/99/85 105/92/85
f 69/94/86 70/100/87 134/101/88 133/95/88
f 56/96/89 57/102/90 121/103/91 120/97/91
f 43/104/92 44/105/93 108/106/94 107/107/94
f 70/100/95 71/108/96 135/109/97 134/101/97
f 57/102/98 58/110/99 122/111/100 121/103/100
f 44/105/101 45/112/102 109/113/103 108/106/103
f 71/108/104 72/114/105 136/115/106 135/109/106
f 58/110/107 59/116/108 123/117/109 122/111/109
f 45/112/110 46/118/111 110/119/112 109/113/112
f 72/114/113 42/90/114 106/93/115 136/115/115
f 59/120/116 60/121/117 124/122/118 123/123/118
f 46/118/119 47/124/120 111/125/121 110/119/121
f 60/121/122 61/126/123 125/127/124 124/122/124
f 47/124/125 48/128/126 112/129/127 111/125/127
f 61/126/128 62/130/129 126/131/130 125/127/130
f 48/128/131 49/132/132 113/133/133 112/129/133
f 62/130/134 63/57/135 127/60/136 126/131/136
f 49/132/137 50/66/138 114/69/139 113/133/139
f 73/134/3 74/135/3 106/136/3 105/137/3
f 75/138/3 73/134/3 105/137/3 107/139/3
f 76/140/3 75/138/3 107/139/3 108/141/3
f 77/142/3 76/140/3 108/141/3 109/143/3
f 78/144/3 77/142/3 109/143/3 110/145/3
f 79/146/3 78/144/3 110/145/3 111/147/3
f 80/148/3 79/146/3 111/147/3 112/149/3
f 81/150/3 80/148/3 112/149/3 113/151/3
f 82/152/3 81/150/3 113/151/3 114/153/3
f 83/154/140 82/152/3 114/153/3 115/155/3
f 84/156/3 83/154/141 115/155/3 116/157/3
f 85/158/3 84/156/3 116/157/3 117/159/3
f 86/160/3 85/158/3 117/159/3 118/161/3
f 87/162/142 86/160/142 118/161/142 119/163/142
f 88/164/143 87/162/143 119/163/143 120/165/143
f 89/166/144 88/164/144 120/165/144 121/167/144
f 90/168/145 89/166/145 121/167/145 122/169/145
f 91/170/146 90/168/146 122/169/146 123/171/146
f 92/172/147 91/170/147 123/171/147 124/173/147
f 93/174/3 92/172/3 124/173/3 125/175/3
f 94/176/3 93/174/3 125/175/3 126/177/3
f 95/178/3 94/176/3 126/177/3 127/179/3
f 96/180/3 95/178/3 127/179/3 128/181/3
f 97/182/3 96/180/3 128/181/3 129/183/3
f 98/184/3 97/182/3 129/183/3 130/185/3
f 99/186/3 98/184/3 130/185/3 131/187/3
f 100/188/3 99/186/3 131/187/3 132/189/3
f 101/190/3 100/188/3 132/189/3 133/191/3
f 102/192/3 101/190/3 133/191/3 134/193/3
f 103/194/3 102/192/3 134/193/3 135/195/3
f 104/196/3 103/194/3 135/195/3 136/197/3
f 74/135/3 104/196/3 136/197/3 106/136/3
f 138/198/148 137/199/148 169/200/148 170/201/148
f 168/63/149 167/202/149 103/203/149 104/64/149
f 167/202/150 166/204/150 102/205/150 103/203/150
f 166/204/151 165/206/151 101/207/151 102/205/151
f 165/206/152 164/208/152 100/209/152 101/207/152
f 164/208/153 163/210/153 99/211/153 100/209/153
f 163/212/154 162/213/154 98/214/154 99/215/154
f 162/213/155 161/216/155 97/217/155 98/214/155
f 161/216/156 160/218/156 96/219/156 97/217/156
f 160/218/157 159/220/157 95/221/157 96/219/157
f 159/220/158 158/222/158 94/223/158 95/221/158
f 158/222/159 157/224/159 93/225/159 94/223/159
f 157/224/160 156/226/160 92/227/160 93/225/160
f 156/226/161 155/228/161 91/229/161 92/227/161
f 155/230/162 154/231/162 90/232/162 91/233/162
f 154/231/163 153/234/163 89/235/163 90/232/163
f 153/234/164 152/236/164 88/237/164 89/235/164
f 152/236/165 151/238/165 87/239/165 88/237/165
f 151/238/166 150/240/166 86/241/166 87/239/166
f 150/240/167 149/242/167 85/243/167 86/241/167
f 149/242/168 148/244/168 84/245/168 85/243/168
f 148/244/169 147/246/169 83/247/170 84/245/169
f 147/248/171 146/249/171 82/250/171 83/251/172
f 146/249/173 145/252/173 81/253/173 82/250/173
f 145/252/174 144/254/174 80/255/174 81/253/174
f 144/254/175 143/256/175 79/257/175 80/255/175
f 143/256/176 142/258/176 78/259/176 79/257/176
f 142/258/177 141/260/177 77/261/177 78/259/177
f 141/260/178 140/262/178 76/263/178 77/261/178
f 140/262/179 139/264/179 75/265/179 76/263/179
f 139/266/180 137/267/180 73/268/180 75/269/180
f 137/267/181 138/62/181 74/65/181 73/268/181
f 164/270/182 165/271/182 197/272/182 196/273/182
f 151/274/183 152/275/183 184/276/183 183/277/183
f 137/199/184 139/278/184 171/279/184 169/200/184
f 165/280/185 166/281/185 198/282/185 197/283/185
f 152/275/186 153/284/186 185/285/186 184/276/186
f 139/278/187 140/286/187 172/287/187 171/279/187
f 166/281/188 167/288/188 199/289/188 198/282/188
f 153/284/189 154/290/189 186/291/189 185/285/189
f 140/286/190 141/292/190 173/293/190 172/287/190
f 167/288/191 168/294/191 200/295/191 199/289/191
f 154/290/192 155/296/192 187/297/192 186/291/192
f 141/260/193 142/258/193 174/298/193 173/299/193
f 168/294/194 138/198/194 170/201/194 200/295/194
f 155/296/195 156/300/195 188/301/195 187/297/195
f 142/258/196 143/256/196 175/302/196 174/298/196
f 156/300/197 157/303/197 189/304/197 188/301/197
f 143/256/198 144/254/198 176/305/198 175/302/198
f 157/224/199 158/222/199 190/306/199 189/307/199
f 144/254/200 145/252/200 177/308/200 176/305/200
f 158/222/201 159/220/201 191/309/201 190/306/201
f 145/252/202 146/249/202 178/310/202 177/308/202
f 159/220/203 160/218/203 192/311/203 191/309/203
f 146/249/204 147/248/204 179/312/204 178/310/204
f 160/218/205 161/216/205 193/313/205 192/311/205
f 147/248/206 148/314/206 180/315/206 179/312/206
f 161/216/207 162/213/207 194/316/207 193/313/207
f 148/314/208 149/317/208 181/318/208 180/315/208
f 162/213/209 163/212/209 195/319/209 194/316/209
f 149/320/210 150/321/210 182/322/210 181/323/210
f 163/212/211 164/270/211 196/273/211 195/319/211
f 150/321/212 151/274/212 183/277/212 182/322/212
f 231/324/213 232/325/213 264/326/213 263/327/213
f 253/328/214 254/329/214 286/330/214 285/331/214
f 218/332/215 219/333/215 251/334/215 250/335/215
f 205/336/216 206/337/216 238/338/216 237/339/216
f 232/325/217 202/340/217 234/341/217 264/326/217
f 219/342/218 220/343/219 252/344/218 251/345/218
f 206/337/220 207/346/220 239/347/220 238/338/220
f 220/343/221 221/348/222 253/349/222 252/344/222
f 207/346/223 208/350/223 240/351/223 239/347/223
f 221/348/224 222/352/224 254/353/224 253/349/224
f 208/350/133 209/354/133 241/355/133 240/351/133
f 222/352/225 223/356/225 255/357/225 254/353/225
f 209/354/139 210/358/139 242/359/139 241/355/139
f 223/356/226 224/360/226 256/361/226 255/357/226
f 210/358/227 211/362/227 243/363/227 242/359/227
f 224/360/228 225/364/228 257/365/228 256/361/228
f 211/366/55 212/367/55 244/368/55 243/369/55
f 225/364/229 226/370/229 258/371/229 257/365/229
f 212/367/230 213/372/230 245/373/230 244/368/230
f 226/370/231 227/374/231 259/375/231 258/371/231
f 213/372/232 214/376/232 246/377/232 245/373/232
f 227/378/70 228/379/70 260/380/70 259/381/70
f 214/376/233 215/382/233 247/383/233 246/377/233
f 202/340/234 201/384/234 233/385/234 234/341/234
f 228/379/235 229/386/235 261/387/235 260/380/235
f 215/382/236 216/388/236 248/389/236 247/383/236
f 201/384/85 203/390/85 235/391/85 233/385/85
f 229/386/237 230/392/237 262/393/237 261/387/237
f 216/388/238 217/394/238 249/395/238 248/389/238
f 203/396/239 204/397/239 236/398/239 235/399/239
f 230/392/240 231/324/240 263/327/240 262/393/240
f 217/394/241 218/332/241 250/335/241 249/395/241
f 204/397/103 205/336/103 237/339/103 236/398/103
f 288/400/242 289/401/242 321/402/242 320/403/242
f 240/404/214 241/405/214 273/406/214 272/407/214
f 254/329/214 255/408/214 287/409/214 286/330/214
f 241/405/214 242/410/214 274/411/214 273/406/214
f 255/408/214 256/412/214 288/413/214 287/409/214
f 242/410/214 243/414/214 275/415/214 274/411/214
f 256/412/214 257/416/214 289/417/214 288/413/214
f 243/414/214 244/418/214 276/419/214 275/415/214
f 257/416/214 258/420/214 290/421/214 289/417/214
f 244/418/214 245/422/214 277/423/214 276/419/214
f 258/420/214 259/424/214 291/425/214 290/421/214
f 245/422/214 246/426/214 278/427/214 277/423/214
f 259/424/214 260/428/214 292/429/214 291/425/214
f 246/426/214 247/430/214 279/431/214 278/427/214
f 234/432/214 233/433/214 265/434/214 266/435/214
f 260/428/214 261/436/214 293/437/214 292/429/214
f 247/430/214 248/438/214 280/439/214 279/431/214
f 233/433/214 235/440/214 267/441/214 265/434/214
f 261/436/214 262/442/214 294/443/214 293/437/214
f 248/438/214 249/444/214 281/445/214 280/439/214
f 235/440/214 236/446/214 268/447/214 267/441/214
f 262/442/214 263/448/214 295/449/214 294/443/214
f 249/444/214 250/450/214 282/451/214 281/445/214
f 236/446/214 237/452/214 269/453/214 268/447/214
f 263/448/214 264/454/214 296/455/214 295/449/214
f 250/450/214 251/456/214 283/457/214 282/451/214
f 237/452/214 238/458/214 270/459/214 269/453/214
f 264/454/214 234/432/214 266/435/214 296/455/214
f 251/456/214 252/460/214 284/461/214 283/457/214
f 238/458/214 239/462/214 271/463/214 270/459/214
f 252/460/214 253/328/214 285/331/214 284/461/214
f 239/462/214 240/404/214 272/407/214 271/463/214
f 297/464/243 299/465/243 300/466/243 301/467/243 302/468/243 303/469/243 304/470/243 305/471/243 306/472/243 307/473/243 308/474/243 309/475/243 310/476/243 311/477/243 312/478/243 313/479/243 314/480/243 315/481/243 316/482/243 317/483/243 318/484/243 319/485/243 320/486/243 321/487/243 322/488/243 323/489/243 324/490/243 325/491/243 326/492/243 327/493/243 328/494/243 298/495/243
f 275/496/244 276/497/244 308/498/244 307/499/244
f 289/401/245 290/500/245 322/501/245 321/402/245
f 276/497/246 277/502/246 309/503/246 308/498/246
f 290/500/247 291/504/247 323/505/247 322/501/247
f 277/502/248 278/506/248 310/507/248 309/503/248
f 291/508/249 292/509/249 324/510/249 323/511/249
f 278/506/250 279/512/250 311/513/250 310/507/250
f 266/514/251 265/515/251 297/516/251 298/517/251
f 292/509/252 293/518/252 325/519/252 324/510/252
f 279/512/253 280/520/253 312/521/253 311/513/253
f 265/515/254 267/522/254 299/523/254 297/516/254
f 293/518/255 294/524/255 326/525/255 325/519/255
f 280/520/256 281/526/256 313/527/256 312/521/256
f 267/528/257 268/529/257 300/530/257 299/531/257
f 294/524/258 295/532/258 327/533/258 326/525/258
f 281/526/259 282/534/259 314/535/259 313/527/259
f 268/529/260 269/536/260 301/537/260 300/530/260
f 295/532/261 296/538/261 328/539/261 327/533/261
f 282/534/262 283/540/262 315/541/262 314/535/262
f 269/536/263 270/542/263 302/543/263 301/537/263
f 296/538/264 266/514/264 298/517/264 328/539/264
f 283/544/265 284/545/265 316/546/265 315/547/265
f 270/542/266 271/548/266 303/549/266 302/543/266
f 284/545/267 285/550/267 317/551/267 316/546/267
f 271/548/268 272/552/268 304/553/268 303/549/268
f 285/550/269 286/554/269 318/555/269 317/551/269
f 272/552/270 273/556/270 305/557/270 304/553/270
f 286/554/271 287/558/271 319/559/271 318/555/271
f 273/556/272 274/560/272 306/561/272 305/557/272
f 287/558/273 288/400/273 320/403/273 319/559/273
f 274/560/274 275/562/274 307/563/274 306/561/274
f 232/325/275 231/324/275 337/564/275 334/565/275
f 202/340/276 232/325/276 334/565/276 329/566/276
f 231/324/277 230/392/277 340/567/277 337/564/277
f 230/392/278 229/386/278 343/568/278 340/567/278
f 229/386/279 228/379/279 346/569/279 343/568/279
f 228/379/280 227/378/280 349/570/280 346/569/280
f 227/374/281 226/370/281 352/571/281 349/572/281
f 226/370/282 225/364/282 355/573/282 352/571/282
f 225/364/283 224/360/283 358/574/283 355/573/283
f 224/360/284 223/356/284 361/575/284 358/574/284
f 223/356/285 222/352/285 364/576/285 361/575/285
f 222/352/286 221/348/286 367/577/286 364/576/286
f 221/348/287 220/343/288 370/578/287 367/577/287
f 220/343/289 219/342/290 373/579/290 370/578/290
f 219/333/291 218/332/291 376/580/291 373/581/291
f 218/332/292 217/394/292 379/582/292 376/580/292
f 217/394/293 216/388/293 382/583/293 379/582/293
f 216/388/294 215/382/294 385/584/294 382/583/294
f 215/382/295 214/376/295 388/585/295 385/584/295
f 214/376/296 213/372/296 391/586/296 388/585/296
f 213/372/297 212/367/297 394/587/297 391/586/297
f 212/367/298 211/366/298 397/588/298 394/587/298
f 211/362/299 210/358/299 400/589/299 397/590/299
f 210/358/300 209/354/300 403/591/300 400/589/300
f 209/354/301 208/350/301 406/592/301 403/591/301
f 208/350/302 207/346/302 409/593/302 406/592/302
f 207/346/303 206/337/303 412/594/303 409/593/303
f 206/337/304 205/336/304 415/595/304 412/594/304
f 205/336/305 204/397/305 418/596/306 415/595/305
f 204/397/307 203/396/307 421/597/307 418/596/308
f 203/390/309 201/384/309 424/598/309 421/599/309
f 201/384/310 202/340/310 329/566/310 424/598/310
f 329/600/311 334/601/311 333/602/311 330/603/311
f 330/604/312 333/605/312 332/606/312 331/607/312
f 331/607/313 332/606/313 200/295/313 170/201/313
f 334/601/314 337/608/314 336/609/314 333/602/314
f 333/605/315 336/610/315 335/611/315 332/606/315
f 332/606/316 335/611/316 199/289/316 200/295/316
f 337/608/317 340/612/317 339/613/318 336/609/317
f 336/610/319 339/614/320 338/615/319 335/611/319
f 335/611/321 338/615/321 198/282/321 199/289/321
f 340/612/322 343/616/322 342/617/322 339/613/323
f 339/614/324 342/618/325 341/619/325 338/615/325
f 338/615/326 341/619/326 197/283/326 198/282/326
f 343/616/327 346/620/327 345/621/327 342/617/327
f 342/618/328 345/622/328 344/623/328 341/619/328
f 341/624/329 344/625/329 196/273/329 197/272/329
f 346/569/330 349/570/330 348/626/330 345/627/330
f 345/628/331 348/629/331 347/630/331 344/625/331
f 344/625/332 347/630/332 195/319/332 196/273/332
f 349/572/333 352/571/333 351/631/333 348/629/333
f 348/629/334 351/631/334 350/632/334 347/630/334
f 347/630/335 350/632/335 194/316/335 195/319/335
f 352/571/336 355/573/336 354/633/336 351/631/336
f 351/631/337 354/633/337 353/634/337 350/632/337
f 350/632/338 353/634/338 193/313/338 194/316/338
f 355/573/339 358/574/339 357/635/339 354/633/339
f 354/633/340 357/635/340 356/636/340 353/634/340
f 353/634/341 356/636/341 192/311/341 193/313/341
f 358/574/342 361/575/342 360/637/342 357/635/342
f 357/635/343 360/637/343 359/638/343 356/636/343
f 356/636/344 359/638/344 191/309/344 192/311/344
f 361/575/345 364/576/345 363/639/345 360/637/345
f 360/637/346 363/639/346 362/640/346 359/638/346
f 359/638/347 362/640/347 190/306/347 191/309/347
f 364/576/348 367/577/348 366/641/348 363/639/348
f 363/639/349 366/641/349 365/642/349 362/640/349
f 362/640/350 365/642/350 189/307/350 190/306/350
f 367/577/351 370/578/351 369/643/351 366/641/351
f 366/644/352 369/645/352 368/646/352 365/647/352
f 365/647/353 368/646/353 188/301/353 189/304/353
f 370/578/354 373/579/354 372/648/354 369/643/354
f 369/645/355 372/649/355 371/650/355 368/646/355
f 368/646/356 371/650/356 187/297/356 188/301/356
f 373/651/357 376/652/357 375/653/357 372/649/357
f 372/649/358 375/653/358 374/654/358 371/650/358
f 371/650/359 374/654/359 186/291/359 187/297/359
f 376/580/360 379/582/360 378/655/360 375/656/360
f 375/653/361 378/657/361 377/658/361 374/654/361
f 374/654/362 377/658/362 185/285/362 186/291/362
f 379/582/363 382/583/363 381/659/363 378/655/363
f 378/657/364 381/660/364 380/661/364 377/658/364
f 377/658/365 380/661/365 184/276/365 185/285/365
f 382/583/366 385/584/366 384/662/366 381/659/366
f 381/660/367 384/663/367 383/664/367 380/661/367
f 380/661/368 383/664/368 183/277/368 184/276/368
f 385/584/369 388/585/369 387/665/369 384/662/369
f 384/663/370 387/666/370 386/667/370 383/664/370
f 383/664/371 386/667/371 182/322/371 183/277/371
f 388/585/372 391/586/372 390/668/372 387/665/372
f 387/666/373 390/669/373 389/670/373 386/667/373
f 386/667/374 389/670/374 181/323/374 182/322/374
f 391/586/375 394/587/375 393/671/375 390/668/375
f 390/672/376 393/673/376 392/674/376 389/675/376
f 389/675/377 392/674/377 180/315/377 181/318/377
f 394/676/378 397/590/378 396/677/378 393/673/378
f 393/673/379 396/677/379 395/678/379 392/674/379
f 392/674/380 395/678/380 179/312/380 180/315/380
f 397/590/381 400/589/381 399/679/381 396/677/381
f 396/677/382 399/679/382 398/680/382 395/678/382
f 395/678/383 398/680/383 178/310/383 179/312/383
f 400/589/384 403/591/384 402/681/384 399/679/384
f 399/679/385 402/681/385 401/682/385 398/680/385
f 398/680/386 401/682/386 177/308/386 178/310/386
f 403/591/387 406/592/387 405/683/387 402/681/387
f 402/681/388 405/683/388 404/684/388 401/682/388
f 401/682/389 404/684/389 176/305/389 177/308/389
f 406/592/390 409/593/390 408/685/390 405/683/390
f 405/683/391 408/685/391 407/686/391 404/684/391
f 404/684/392 407/686/392 175/302/392 176/305/392
f 409/593/393 412/594/393 411/687/393 408/685/393
f 408/685/394 411/687/394 410/688/394 407/686/394
f 407/686/395 410/688/395 174/298/395 175/302/395
f 412/689/396 415/690/396 414/691/396 411/692/396
f 411/687/397 414/693/397 413/694/397 410/688/397
f 410/688/398 413/694/398 173/299/398 174/298/398
f 415/690/399 418/695/400 417/696/401 414/691/399
f 414/697/402 417/698/403 416/699/402 413/700/402
f 413/700/404 416/699/404 172/287/404 173/293/404
f 418/695/405 421/701/406 420/702/406 417/696/407
f 417/698/408 420/703/409 419/704/409 416/699/409
f 416/699/410 419/704/410 171/279/410 172/287/410
f 421/701/411 424/705/411 423/706/411 420/702/411
f 420/703/412 423/707/412 422/708/412 419/704/412
f 419/704/413 422/708/413 169/200/413 171/279/413
f 424/705/414 329/600/414 330/603/414 423/706/414
f 423/707/415 330/604/415 331/607/415 422/708/415
f 422/708/416 331/607/416 170/201/416 169/200/416
f 426/709/417 425/710/417 456/711/417 455/712/417 454/713/417 453/714/417 452/715/418 451/716/418 450/717/417 449/718/417 448/719/417 447/720/417 446/721/417 445/722/417 444/723/417 443/724/417 442/725/417 441/726/417 440/727/417 439/728/417 438/729/417 437/730/417 436/731/418 435/732/418 434/733/417 433/734/417 432/735/417 431/736/417 430/737/417 429/738/417 428/739/417 427/740/417
f 479/741/419 480/742/420 544/743/421 543/744/421
f 425/61/3 426/61/12 457/61/422 458/61/10
f 452/61/20 453/61/10 485/61/423 484/61/10
f 439/61/3 440/61/10 472/61/424 471/61/12
f 426/61/3 427/61/10 459/61/425 457/61/10
f 453/61/3 454/61/10 486/61/426 485/61/10
f 440/61/3 441/61/10 473/61/427 472/61/12
f 427/61/3 428/61/12 460/61/428 459/61/10
f 454/61/3 455/61/10 487/61/429 486/61/10
f 441/61/3 442/61/12 474/61/430 473/61/12
f 428/61/3 429/61/10 461/61/431 460/61/10
f 455/61/3 456/61/10 488/61/432 487/61/10
f 442/61/3 443/61/10 475/61/433 474/61/12
f 429/61/3 430/61/10 462/61/434 461/61/10
f 456/61/20 425/61/10 458/61/435 488/61/10
f 443/61/3 444/61/12 476/61/436 475/61/12
f 430/61/3 431/61/10 463/61/437 462/61/10
f 444/61/30 445/61/10 477/61/438 476/61/12
f 431/61/3 432/61/12 464/61/439 463/61/10
f 445/61/3 446/61/12 478/61/440 477/61/12
f 432/61/3 433/61/12 465/61/441 464/61/10
f 446/61/3 447/61/12 479/61/442 478/61/12
f 433/61/3 434/61/12 466/61/443 465/61/10
f 447/61/3 448/61/10 480/61/444 479/61/12
f 434/61/3 435/61/12 467/61/445 466/61/10
f 448/61/20 449/61/12 481/61/446 480/61/12
f 435/61/3 436/61/10 468/61/447 467/61/10
f 449/61/448 450/61/10 482/61/449 481/61/12
f 436/61/3 437/61/10 469/61/450 468/61/12
f 450/61/448 451/61/10 483/61/451 482/61/12
f 437/61/3 438/61/10 470/61/452 469/61/12
f 451/61/3 452/61/12 484/61/453 483/61/12
f 438/61/448 439/61/12 471/61/454 470/61/12
f 554/745/455 584/746/455 520/747/455 490/748/455
f 466/749/456 467/750/457 531/751/458 530/752/458
f 480/742/459 481/753/460 545/754/461 544/743/461
f 467/750/462 468/755/463 532/756/464 531/751/464
f 481/753/465 482/757/466 546/758/467 545/754/467
f 468/755/468 469/759/469 533/760/470 532/756/470
f 482/761/471 483/762/472 547/763/473 546/764/473
f 469/759/474 470/765/475 534/766/476 533/760/476
f 483/762/477 484/767/478 548/768/479 547/763/479
f 470/765/480 471/769/481 535/770/482 534/766/482
f 458/771/483 457/772/484 521/773/485 522/774/485
f 484/767/486 485/775/487 549/776/488 548/768/488
f 471/769/489 472/777/490 536/778/491 535/770/491
f 457/779/492 459/780/493 523/781/494 521/782/494
f 485/775/495 486/783/496 550/784/497 549/776/497
f 472/777/498 473/785/499 537/786/500 536/778/500
f 459/780/501 460/787/502 524/788/503 523/781/503
f 486/783/504 487/789/505 551/790/506 550/784/506
f 473/785/507 474/791/508 538/792/509 537/786/509
f 460/787/510 461/793/511 525/794/512 524/788/512
f 487/789/513 488/795/514 552/796/515 551/790/515
f 474/797/516 475/798/517 539/799/518 538/800/518
f 461/793/519 462/801/520 526/802/521 525/794/521
f 488/795/522 458/771/523 522/774/524 552/796/524
f 475/798/525 476/803/526 540/804/527 539/799/527
f 462/801/528 463/805/529 527/806/530 526/802/530
f 476/803/531 477/807/532 541/808/533 540/804/533
f 463/805/534 464/809/535 528/810/536 527/806/536
f 477/807/537 478/811/538 542/812/539 541/808/539
f 464/809/540 465/813/541 529/814/542 528/810/542
f 478/811/543 479/741/544 543/744/545 542/812/545
f 465/813/546 466/815/547 530/816/548 529/814/548
f 489/817/3 490/818/3 522/819/3 521/820/3
f 491/821/3 489/817/3 521/820/3 523/822/3
f 492/823/3 491/821/3 523/822/3 524/824/3
f 493/825/3 492/823/3 524/824/3 525/826/3
f 494/827/3 493/825/3 525/826/3 526/828/3
f 495/829/3 494/827/3 526/828/3 527/830/3
f 496/831/3 495/829/3 527/830/3 528/832/3
f 497/833/3 496/831/3 528/832/3 529/834/3
f 498/835/3 497/833/3 529/834/3 530/836/3
f 499/837/3 498/835/3 530/836/3 531/838/3
f 500/839/3 499/837/3 531/838/3 532/840/3
f 501/841/549 500/839/3 532/840/3 533/842/3
f 502/843/3 501/841/550 533/842/3 534/844/3
f 503/845/551 502/843/551 534/844/551 535/846/551
f 504/847/552 503/845/552 535/846/552 536/848/552
f 505/849/553 504/847/553 536/848/553 537/850/553
f 506/851/554 505/849/554 537/850/554 538/852/554
f 507/853/555 506/851/555 538/852/555 539/854/555
f 508/855/556 507/853/556 539/854/556 540/856/556
f 509/857/3 508/855/3 540/856/3 541/858/3
f 510/859/3 509/857/3 541/858/3 542/860/3
f 511/861/3 510/859/3 542/860/3 543/862/3
f 512/863/557 511/861/3 543/862/3 544/864/3
f 513/865/3 512/863/558 544/864/3 545/866/3
f 514/867/3 513/865/3 545/866/3 546/868/3
f 515/869/3 514/867/3 546/868/3 547/870/3
f 516/871/3 515/869/3 547/870/3 548/872/3
f 517/873/3 516/871/3 548/872/3 549/874/3
f 518/875/3 517/873/3 549/874/3 550/876/3
f 519/877/3 518/875/3 550/876/3 551/878/3
f 520/879/3 519/877/3 551/878/3 552/880/3
f 490/818/3 520/879/3 552/880/3 522/819/3
f 554/881/559 553/882/559 585/883/559 586/884/559
f 584/746/560 583/885/560 519/886/560 520/747/560
f 583/885/561 582/887/561 518/888/561 519/886/561
f 582/887/562 581/889/562 517/890/562 518/888/562
f 581/889/563 580/891/563 516/892/563 517/890/563
f 580/891/564 579/893/564 515/894/564 516/892/564
f 579/893/565 578/895/565 514/896/565 515/894/565
f 578/897/566 577/898/566 513/899/566 514/900/566
f 577/898/567 576/901/567 512/902/568 513/899/567
f 576/901/569 575/903/569 511/904/569 512/902/570
f 575/903/571 574/905/571 510/906/571 511/904/571
f 574/905/572 573/907/572 509/908/572 510/906/572
f 573/907/573 572/909/573 508/910/573 509/908/573
f 572/909/574 571/911/574 507/912/574 508/910/574
f 571/911/575 570/913/575 506/914/575 507/912/575
f 570/915/576 569/916/576 505/917/576 506/918/576
f 569/916/577 568/919/577 504/920/577 505/917/577
f 568/919/578 567/921/578 503/922/578 504/920/578
f 567/921/579 566/923/579 502/924/579 503/922/579
f 566/923/580 565/925/580 501/926/581 502/924/580
f 565/925/582 564/927/582 500/928/582 501/926/583
f 564/927/584 563/929/584 499/930/584 500/928/584
f 563/929/585 562/931/585 498/932/585 499/930/585
f 562/933/586 561/934/586 497/935/586 498/936/586
f 561/934/587 560/937/587 496/938/587 497/935/587
f 560/937/588 559/939/588 495/940/588 496/938/588
f 559/939/589 558/941/589 494/942/589 495/940/589
f 558/941/590 557/943/590 493/944/590 494/942/590
f 557/943/591 556/945/591 492/946/591 493/944/591
f 556/945/592 555/947/592 491/948/592 492/946/592
f 555/947/593 553/949/593 489/950/593 491/948/593
f 553/951/594 554/745/594 490/748/594 489/952/594
f 580/953/595 581/954/595 613/955/595 612/956/595
f 567/957/596 568/958/596 600/959/596 599/960/596
f 553/882/597 555/961/597 587/962/597 585/883/597
f 581/954/598 582/963/598 614/964/598 613/955/598
f 568/958/599 569/965/599 601/966/599 600/959/599
f 555/961/600 556/967/600 588/968/600 587/962/600
f 582/963/601 583/969/601 615/970/601 614/964/601
f 569/965/602 570/971/602 602/972/602 601/966/602
f 556/967/603 557/973/603 589/974/603 588/968/603
f 583/969/604 584/975/604 616/976/604 615/970/604
f 570/971/605 571/977/605 603/978/605 602/972/605
f 557/943/606 558/941/606 590/979/606 589/980/606
f 584/975/607 554/881/607 586/884/607 616/976/607
f 571/977/608 572/981/608 604/982/608 603/978/608
f 558/941/609 559/939/609 591/983/609 590/979/609
f 572/981/610 573/984/610 605/985/610 604/982/610
f 559/939/611 560/937/611 592/986/611 591/983/611
f 573/907/612 574/905/612 606/987/612 605/988/612
f 560/937/613 561/934/613 593/989/613 592/986/613
f 574/905/614 575/903/614 607/990/614 606/987/614
f 561/934/615 562/933/615 594/991/615 593/989/615
f 575/903/616 576/901/616 608/992/616 607/990/616
f 562/933/617 563/993/617 595/994/617 594/991/617
f 576/901/618 577/898/618 609/995/618 608/992/618
f 563/993/619 564/996/619 596/997/619 595/994/619
f 577/898/620 578/897/620 610/998/620 609/995/620
f 564/996/621 565/999/621 597/1000/621 596/997/621
f 578/897/622 579/1001/622 611/1002/622 610/998/622
f 565/1003/623 566/1004/623 598/1005/623 597/1006/623
f 579/1001/624 580/1007/624 612/1008/624 611/1002/624
f 566/1004/625 567/957/625 599/960/625 598/1005/625
f 647/1009/515 648/1010/515 680/1011/515 679/1012/515
f 669/1013/626 670/1014/626 702/1015/626 701/1016/626
f 634/1017/627 635/1018/627 667/1019/627 666/1020/627
f 621/1021/628 622/1022/628 654/1023/628 653/1024/628
f 648/1010/629 618/1025/629 650/1026/629 680/1011/629
f 635/1018/630 636/1027/630 668/1028/630 667/1019/630
f 622/1022/631 623/1029/631 655/1030/631 654/1023/631
f 636/1027/632 637/1031/632 669/1032/632 668/1028/632
f 623/1029/536 624/1033/536 656/1034/536 655/1030/536
f 637/1031/633 638/1035/633 670/1036/633 669/1032/633
f 624/1033/542 625/1037/542 657/1038/542 656/1034/542
f 638/1035/634 639/1039/635 671/1040/634 670/1036/634
f 625/1037/636 626/1041/636 658/1042/636 657/1038/636
f 639/1039/637 640/1043/638 672/1044/638 671/1040/638
f 626/1045/639 627/1046/639 659/1047/639 658/1048/639
f 640/1043/640 641/1049/640 673/1050/640 672/1044/640
f 627/1046/641 628/1051/641 660/1052/641 659/1047/641
f 641/1049/642 642/1053/642 674/1054/642 673/1050/642
f 628/1051/643 629/1055/643 661/1056/643 660/1052/643
f 642/1057/644 643/1058/644 675/1059/644 674/1060/644
f 629/1055/645 630/1061/645 662/1062/645 661/1056/645
f 643/1058/646 644/1063/646 676/1064/646 675/1059/646
f 630/1061/647 631/1065/647 663/1066/647 662/1062/647
f 618/1025/648 617/1067/648 649/1068/648 650/1026/648
f 644/1063/649 645/1069/649 677/1070/649 676/1064/649
f 631/1065/650 632/1071/650 664/1072/650 663/1066/650
f 617/1073/651 619/1074/651 651/1075/651 649/1076/651
f 645/1069/497 646/1077/497 678/1078/497 677/1070/497
f 632/1071/652 633/1079/652 665/1080/652 664/1072/652
f 619/1074/653 620/1081/653 652/1082/653 651/1075/653
f 646/1077/654 647/1009/654 679/1012/654 678/1078/654
f 633/1079/655 634/1083/655 666/1084/655 665/1080/655
f 620/1081/656 621/1021/656 653/1024/656 652/1082/656
f 704/1085/657 705/1086/657 737/1087/657 736/1088/657
f 656/1089/626 657/1090/626 689/1091/626 688/1092/658
f 670/1014/626 671/1093/626 703/1094/626 702/1015/626
f 657/1090/626 658/1095/626 690/1096/626 689/1091/626
f 671/1093/626 672/1097/626 704/1098/626 703/1094/626
f 658/1095/626 659/1099/626 691/1100/626 690/1096/626
f 672/1097/626 673/1101/626 705/1102/626 704/1098/626
f 659/1099/626 660/1103/626 692/1104/626 691/1100/626
f 673/1101/626 674/1105/626 706/1106/626 705/1102/626
f 660/1103/659 661/1107/659 693/1108/659 692/1104/659
f 674/1105/626 675/1109/626 707/1110/626 706/1106/626
f 661/1107/626 662/1111/626 694/1112/626 693/1108/626
f 675/1109/626 676/1113/626 708/1114/626 707/1110/626
f 662/1111/659 663/1115/659 695/1116/659 694/1112/659
f 650/1117/659 649/1118/659 681/1119/659 682/1120/659
f 676/1113/659 677/1121/659 709/1122/659 708/1114/659
f 663/1115/626 664/1123/626 696/1124/626 695/1116/626
f 649/1118/626 651/1125/626 683/1126/626 681/1119/626
f 677/1121/626 678/1127/626 710/1128/626 709/1122/626
f 664/1123/626 665/1129/626 697/1130/626 696/1124/626
f 651/1125/626 652/1131/626 684/1132/626 683/1126/626
f 678/1127/626 679/1133/626 711/1134/626 710/1128/626
f 665/1129/626 666/1135/626 698/1136/626 697/1130/626
f 652/1131/626 653/1137/626 685/1138/626 684/1132/626
f 679/1133/659 680/1139/659 712/1140/659 711/1134/659
f 666/1135/626 667/1141/626 699/1142/626 698/1136/626
f 653/1137/626 654/1143/626 686/1144/626 685/1138/626
f 680/1139/626 650/1117/626 682/1120/626 712/1140/626
f 667/1141/626 668/1145/626 700/1146/626 699/1142/626
f 654/1143/626 655/1147/626 687/1148/626 686/1144/626
f 668/1145/626 669/1013/626 701/1016/626 700/1146/626
f 655/1147/626 656/1089/626 688/1092/660 687/1148/626
f 713/1149/661 715/1150/661 716/1151/661 717/1152/661 718/1153/661 719/1154/661 720/1155/661 721/1156/661 722/1157/661 723/1158/661 724/1159/661 725/1160/661 726/1161/661 727/1162/661 728/1163/661 729/1164/661 730/1165/661 731/1166/661 732/1167/661 733/1168/661 734/1169/661 735/1170/661 736/1171/661 737/1172/661 738/1173/661 739/1174/661 740/1175/661 741/1176/661 742/1177/661 743/1178/661 744/1179/661 714/1180/661
f 691/1181/662 692/1182/662 724/1183/662 723/1184/662
f 705/1086/663 706/1185/663 738/1186/663 737/1087/663
f 692/1182/664 693/1187/664 725/1188/664 724/1183/664
f 706/1189/665 707/1190/665 739/1191/665 738/1192/665
f 693/1187/666 694/1193/666 726/1194/666 725/1188/666
f 707/1190/667 708/1195/667 740/1196/667 739/1191/667
f 694/1193/668 695/1197/668 727/1198/668 726/1194/668
f 682/1199/669 681/1200/669 713/1201/669 714/1202/669
f 708/1195/670 709/1203/670 741/1204/670 740/1196/670
f 695/1197/671 696/1205/671 728/1206/671 727/1198/671
f 681/1207/672 683/1208/672 715/1209/672 713/1210/672
f 709/1203/673 710/1211/673 742/1212/673 741/1204/673
f 696/1205/674 697/1213/674 729/1214/674 728/1206/674
f 683/1208/675 684/1215/675 716/1216/675 715/1209/675
f 710/1211/676 711/1217/676 743/1218/676 742/1212/676
f 697/1213/677 698/1219/677 730/1220/677 729/1214/677
f 684/1215/678 685/1221/678 717/1222/678 716/1216/678
f 711/1217/679 712/1223/679 744/1224/679 743/1218/679
f 698/1225/680 699/1226/680 731/1227/680 730/1228/680
f 685/1221/681 686/1229/681 718/1230/681 717/1222/681
f 712/1223/682 682/1199/682 714/1202/682 744/1224/682
f 699/1226/683 700/1231/683 732/1232/683 731/1227/683
f 686/1229/684 687/1233/684 719/1234/684 718/1230/684
f 700/1231/685 701/1235/685 733/1236/685 732/1232/685
f 687/1233/686 688/1237/687 720/1238/686 719/1234/686
f 701/1235/688 702/1239/688 734/1240/688 733/1236/688
f 688/1237/689 689/1241/690 721/1242/690 720/1238/690
f 702/1239/691 703/1243/691 735/1244/691 734/1240/691
f 689/1241/692 690/1245/692 722/1246/692 721/1242/692
f 703/1243/693 704/1085/693 736/1088/693 735/1244/693
f 690/1247/694 691/1181/694 723/1184/694 722/1248/694
f 648/1010/695 647/1009/695 753/1249/695 750/1250/695
f 618/1025/696 648/1010/696 750/1250/696 745/1251/696
f 647/1009/697 646/1077/697 756/1252/697 753/1249/697
f 646/1077/698 645/1069/698 759/1253/698 756/1252/698
f 645/1069/699 644/1063/699 762/1254/699 759/1253/699
f 644/1063/700 643/1058/700 765/1255/700 762/1254/700
f 643/1058/701 642/1057/701 768/1256/701 765/1255/701
f 642/1053/702 641/1049/702 771/1257/702 768/1258/702
f 641/1049/703 640/1043/703 774/1259/703 771/1257/703
f 640/1043/704 639/1039/705 777/1260/704 774/1259/704
f 639/1039/706 638/1035/707 780/1261/707 777/1260/707
f 638/1035/708 637/1031/708 783/1262/708 780/1261/708
f 637/1031/709 636/1027/709 786/1263/709 783/1262/709
f 636/1027/710 635/1018/710 789/1264/710 786/1263/710
f 635/1018/711 634/1017/711 792/1265/711 789/1264/711
f 634/1083/712 633/1079/712 795/1266/712 792/1267/712
f 633/1079/713 632/1071/713 798/1268/713 795/1266/713
f 632/1071/714 631/1065/714 801/1269/714 798/1268/714
f 631/1065/715 630/1061/715 804/1270/715 801/1269/715
f 630/1061/716 629/1055/716 807/1271/716 804/1270/716
f 629/1055/717 628/1051/717 810/1272/717 807/1271/717
f 628/1051/718 627/1046/718 813/1273/718 810/1272/718
f 627/1046/719 626/1045/719 816/1274/719 813/1273/719
f 626/1041/720 625/1037/720 819/1275/720 816/1276/720
f 625/1037/721 624/1033/721 822/1277/721 819/1275/721
f 624/1033/722 623/1029/722 825/1278/722 822/1277/722
f 623/1029/723 622/1022/723 828/1279/723 825/1278/723
f 622/1022/724 621/1021/724 831/1280/724 828/1279/724
f 621/1021/725 620/1081/725 834/1281/725 831/1280/725
f 620/1081/726 619/1074/726 837/1282/726 834/1281/726
f 619/1074/727 617/1073/727 840/1283/727 837/1282/727
f 617/1067/728 618/1025/728 745/1251/728 840/1284/728
f 745/1285/729 750/1286/729 749/1287/729 746/1288/729
f 746/1289/730 749/1290/730 748/1291/730 747/1292/730
f 747/1292/731 748/1291/731 616/976/731 586/884/731
f 750/1286/732 753/1293/732 752/1294/733 749/1287/732
f 749/1290/734 752/1295/735 751/1296/734 748/1291/734
f 748/1291/736 751/1296/736 615/970/736 616/976/736
f 753/1293/737 756/1297/737 755/1298/737 752/1294/738
f 752/1295/739 755/1299/740 754/1300/740 751/1296/740
f 751/1296/741 754/1300/741 614/964/741 615/970/741
f 756/1297/742 759/1301/742 758/1302/742 755/1298/742
f 755/1299/743 758/1303/743 757/1304/743 754/1300/743
f 754/1300/744 757/1304/744 613/955/744 614/964/744
f 759/1301/745 762/1305/745 761/1306/745 758/1302/745
f 758/1303/746 761/1307/746 760/1308/746 757/1304/746
f 757/1304/747 760/1308/747 612/956/747 613/955/747
f 762/1254/748 765/1255/748 764/1309/748 761/1310/748
f 761/1311/749 764/1312/749 763/1313/749 760/1314/749
f 760/1314/750 763/1313/750 611/1002/750 612/1008/750
f 765/1255/751 768/1256/751 767/1315/751 764/1309/751
f 764/1312/752 767/1316/752 766/1317/752 763/1313/752
f 763/1313/753 766/1317/753 610/998/753 611/1002/753
f 768/1258/754 771/1257/754 770/1318/754 767/1316/754
f 767/1316/755 770/1318/755 769/1319/755 766/1317/755
f 766/1317/756 769/1319/756 609/995/756 610/998/756
f 771/1257/757 774/1259/757 773/1320/757 770/1318/757
f 770/1318/758 773/1320/758 772/1321/758 769/1319/758
f 769/1319/759 772/1321/759 608/992/759 609/995/759
f 774/1259/760 777/1260/760 776/1322/760 773/1320/760
f 773/1320/761 776/1322/761 775/1323/761 772/1321/761
f 772/1321/762 775/1323/762 607/990/762 608/992/762
f 777/1260/763 780/1261/763 779/1324/763 776/1322/763
f 776/1322/764 779/1324/764 778/1325/764 775/1323/764
f 775/1323/765 778/1325/765 606/987/765 607/990/765
f 780/1261/766 783/1262/766 782/1326/766 779/1324/766
f 779/1324/767 782/1326/767 781/1327/767 778/1325/767
f 778/1325/768 781/1327/768 605/988/768 606/987/768
f 783/1262/769 786/1263/769 785/1328/769 782/1326/769
f 782/1329/770 785/1330/770 784/1331/770 781/1332/770
f 781/1332/771 784/1331/771 604/982/771 605/985/771
f 786/1263/772 789/1264/772 788/1333/772 785/1328/772
f 785/1330/773 788/1334/773 787/1335/773 784/1331/773
f 784/1331/774 787/1335/774 603/978/774 604/982/774
f 789/1336/775 792/1337/775 791/1338/775 788/1334/775
f 788/1334/776 791/1338/776 790/1339/776 787/1335/776
f 787/1335/777 790/1339/777 602/972/777 603/978/777
f 792/1337/778 795/1340/778 794/1341/778 791/1338/778
f 791/1338/779 794/1341/779 793/1342/779 790/1339/779
f 790/1339/780 793/1342/780 601/966/780 602/972/780
f 795/1266/781 798/1268/781 797/1343/781 794/1344/781
f 794/1341/782 797/1345/782 796/1346/782 793/1342/782
f 793/1342/783 796/1346/783 600/959/783 601/966/783
f 798/1268/784 801/1269/784 800/1347/784 797/1343/784
f 797/1345/785 800/1348/785 799/1349/785 796/1346/785
f 796/1346/786 799/1349/786 599/960/786 600/959/786
f 801/1269/787 804/1270/787 803/1350/787 800/1347/787
f 800/1348/788 803/1351/788 802/1352/788 799/1349/788
f 799/1349/789 802/1352/789 598/1005/789 599/960/789
f 804/1270/790 807/1271/790 806/1353/790 803/1350/790
f 803/1351/791 806/1354/791 805/1355/791 802/1352/791
f 802/1352/792 805/1355/792 597/1006/792 598/1005/792
f 807/1271/793 810/1272/793 809/1356/793 806/1353/793
f 806/1354/794 809/1357/794 808/1358/794 805/1355/794
f 805/1359/795 808/1360/795 596/997/795 597/1000/795
f 810/1272/796 813/1273/796 812/1361/796 809/1356/796
f 809/1362/797 812/1363/797 811/1364/797 808/1360/797
f 808/1360/798 811/1364/798 595/994/798 596/997/798
f 813/1365/799 816/1276/799 815/1366/799 812/1363/799
f 812/1363/800 815/1366/800 814/1367/800 811/1364/800
f 811/1364/801 814/1367/801 594/991/801 595/994/801
f 816/1276/802 819/1275/802 818/1368/802 815/1366/802
f 815/1366/803 818/1368/803 817/1369/803 814/1367/803
f 814/1367/804 817/1369/804 593/989/804 594/991/804
f 819/1275/805 822/1277/805 821/1370/805 818/1368/805
f 818/1368/806 821/1370/806 820/1371/806 817/1369/806
f 817/1369/807 820/1371/807 592/986/807 593/989/807
f 822/1277/808 825/1278/808 824/1372/808 821/1370/808
f 821/1370/809 824/1372/809 823/1373/809 820/1371/809
f 820/1371/810 823/1373/810 591/983/810 592/986/810
f 825/1278/811 828/1279/811 827/1374/811 824/1372/811
f 824/1372/812 827/1374/812 826/1375/812 823/1373/812
f 823/1373/813 826/1375/813 590/979/813 591/983/813
f 828/1376/814 831/1377/814 830/1378/814 827/1379/814
f 827/1374/815 830/1380/815 829/1381/815 826/1375/815
f 826/1375/816 829/1381/816 589/980/816 590/979/816
f 831/1377/817 834/1382/817 833/1383/818 830/1378/817
f 830/1384/819 833/1385/820 832/1386/819 829/1387/819
f 829/1387/821 832/1386/821 588/968/821 589/974/821
f 834/1382/822 837/1388/822 836/1389/822 833/1383/823
f 833/1385/824 836/1390/825 835/1391/825 832/1386/825
f 832/1386/826 835/1391/826 587/962/826 588/968/826
f 837/1388/827 840/1392/827 839/1393/827 836/1389/827
f 836/1390/828 839/1394/828 838/1395/828 835/1391/828
f 835/1391/829 838/1395/829 585/883/829 587/962/829
f 840/1392/830 745/1285/830 746/1288/830 839/1393/830
f 839/1394/831 746/1289/831 747/1292/831 838/1395/831
f 838/1395/832 747/1292/832 586/884/832 585/883/832
f 842/1396/833 841/1397/833 872/1398/833 871/1399/833 870/1400/833 869/1401/833 868/1402/833 867/1403/833 866/1404/833 865/1405/833 864/1406/833 863/1407/833 862/1408/833 861/1409/834 860/1410/833 859/1411/833 858/1412/833 857/1413/833 856/1414/833 855/1415/833 854/1416/833 853/1417/833 852/1418/833 851/1419/833 850/1420/833 849/1421/833 848/1422/833 847/1423/833 846/1424/833 845/1425/834 844/1426/833 843/1427/833
f 895/1428/835 896/1429/836 960/1430/837 959/1431/837
f 841/61/3 842/61/10 873/61/838 874/61/10
f 868/61/3 869/61/10 901/61/29 900/61/10
f 855/61/20 856/61/12 888/61/839 887/61/12
f 842/61/3 843/61/10 875/61/42 873/61/10
f 869/61/3 870/61/10 902/61/32 901/61/10
f 856/61/3 857/61/12 889/61/840 888/61/12
f 843/61/3 844/61/10 876/61/44 875/61/10
f 870/61/3 871/61/12 903/61/34 902/61/10
f 857/61/3 858/61/10 890/61/841 889/61/12
f 844/61/3 845/61/10 877/61/842 876/61/10
f 871/61/3 872/61/12 904/61/36 903/61/10
f 858/61/3 859/61/12 891/61/843 890/61/12
f 845/61/3 846/61/10 878/61/16 877/61/12
f 872/61/3 841/61/10 874/61/38 904/61/10
f 859/61/3 860/61/10 892/61/844 891/61/12
f 846/61/448 847/61/10 879/61/19 878/61/12
f 860/61/20 861/61/10 893/61/41 892/61/12
f 847/61/448 848/61/12 880/61/23 879/61/12
f 861/61/3 862/61/10 894/61/845 893/61/10
f 848/61/3 849/61/12 881/61/26 880/61/12
f 862/61/3 863/61/10 895/61/846 894/61/10
f 849/61/3 850/61/10 882/61/11 881/61/12
f 863/61/847 864/61/10 896/61/848 895/61/10
f 850/61/3 851/61/12 883/61/15 882/61/12
f 864/61/847 865/61/10 897/61/849 896/61/10
f 851/61/3 852/61/10 884/61/18 883/61/12
f 865/61/3 866/61/12 898/61/850 897/61/10
f 852/61/3 853/61/10 885/61/22 884/61/12
f 866/61/3 867/61/12 899/61/851 898/61/10
f 853/61/3 854/61/12 886/61/852 885/61/12
f 867/61/3 868/61/10 900/61/853 899/61/10
f 854/61/3 855/61/12 887/61/854 886/61/12
f 970/1432/855 1000/1433/855 936/1434/855 906/1435/855
f 882/1436/83 883/1437/84 947/1438/856 946/1439/856
f 896/1429/857 897/1440/858 961/1441/859 960/1430/859
f 883/1442/92 884/1443/93 948/1444/94 947/1445/94
f 897/1440/860 898/1446/861 962/1447/862 961/1441/862
f 884/1443/863 885/1448/864 949/1449/865 948/1444/865
f 898/1446/866 899/1450/867 963/1451/868 962/1447/868
f 885/1448/110 886/1452/869 950/1453/112 949/1449/112
f 899/1454/870 900/1455/871 964/1456/872 963/1457/872
f 886/1452/873 887/1458/874 951/1459/875 950/1453/875
f 874/1460/56 873/1461/876 937/1462/877 938/1463/877
f 900/1455/878 901/1464/879 965/1465/124 964/1456/124
f 887/1458/880 888/1466/881 952/1467/882 951/1459/882
f 873/1461/883 875/1468/63 939/1469/64 937/1462/64
f 901/1464/128 902/1470/884 966/1471/130 965/1465/130
f 888/1466/885 889/1472/886 953/1473/887 952/1467/887
f 875/1474/68 876/1475/69 940/1476/70 939/1477/70
f 902/1470/888 903/1478/135 967/1479/225 966/1471/225
f 889/1472/889 890/1480/890 954/1481/891 953/1473/891
f 876/1475/892 877/1482/78 941/1483/893 940/1476/893
f 903/1478/894 904/1484/895 968/1485/9 967/1479/9
f 890/1480/896 891/1486/897 955/1487/898 954/1481/898
f 877/1482/899 878/1488/900 942/1489/901 941/1483/901
f 904/1484/50 874/1460/902 938/1463/903 968/1485/903
f 891/1490/904 892/1491/905 956/1492/906 955/1493/906
f 878/1488/907 879/1494/96 943/1495/97 942/1489/97
f 892/1491/908 893/1496/909 957/1497/910 956/1492/910
f 879/1494/911 880/1498/912 944/1499/213 943/1495/213
f 893/1496/913 894/1500/914 958/1501/67 957/1497/67
f 880/1498/113 881/1502/915 945/1503/916 944/1499/916
f 894/1500/917 895/1428/918 959/1431/919 958/1501/919
f 881/1502/920 882/1436/921 946/1439/76 945/1503/76
f 905/1504/922 906/1505/3 938/1506/3 937/1507/3
f 907/1508/3 905/1504/923 937/1507/3 939/1509/3
f 908/1510/3 907/1508/3 939/1509/3 940/1511/3
f 909/1512/3 908/1510/3 940/1511/3 941/1513/3
f 910/1514/3 909/1512/3 941/1513/3 942/1515/3
f 911/1516/3 910/1514/3 942/1515/3 943/1517/3
f 912/1518/3 911/1516/3 943/1517/3 944/1519/3
f 913/1520/3 912/1518/3 944/1519/3 945/1521/3
f 914/1522/3 913/1520/3 945/1521/3 946/1523/3
f 915/1524/3 914/1522/3 946/1523/3 947/1525/3
f 916/1526/3 915/1524/3 947/1525/3 948/1527/3
f 917/1528/3 916/1526/3 948/1527/3 949/1529/3
f 918/1530/3 917/1528/3 949/1529/3 950/1531/3
f 919/1532/924 918/1530/924 950/1531/924 951/1533/924
f 920/1534/925 919/1532/925 951/1533/925 952/1535/925
f 921/1536/926 920/1534/926 952/1535/926 953/1537/926
f 922/1538/927 921/1536/927 953/1537/927 954/1539/927
f 923/1540/928 922/1538/928 954/1539/928 955/1541/928
f 924/1542/929 923/1540/929 955/1541/929 956/1543/929
f 925/1544/3 924/1542/3 956/1543/3 957/1545/3
f 926/1546/3 925/1544/3 957/1545/3 958/1547/3
f 927/1548/3 926/1546/3 958/1547/3 959/1549/3
f 928/1550/3 927/1548/3 959/1549/3 960/1551/3
f 929/1552/3 928/1550/3 960/1551/3 961/1553/3
f 930/1554/3 929/1552/3 961/1553/3 962/1555/3
f 931/1556/3 930/1554/3 962/1555/3 963/1557/3
f 932/1558/3 931/1556/3 963/1557/3 964/1559/3
f 933/1560/3 932/1558/3 964/1559/3 965/1561/3
f 934/1562/3 933/1560/3 965/1561/3 966/1563/3
f 935/1564/3 934/1562/3 966/1563/3 967/1565/3
f 936/1566/3 935/1564/3 967/1565/3 968/1567/3
f 906/1505/3 936/1566/3 968/1567/3 938/1506/3
f 970/1568/930 969/1569/930 1001/1570/930 1002/1571/930
f 1000/1433/931 999/1572/931 935/1573/931 936/1434/931
f 999/1572/932 998/1574/932 934/1575/932 935/1573/932
f 998/1574/933 997/1576/933 933/1577/933 934/1575/933
f 997/1576/934 996/1578/934 932/1579/934 933/1577/934
f 996/1578/935 995/1580/935 931/1581/935 932/1579/935
f 995/1582/936 994/1583/936 930/1584/936 931/1585/936
f 994/1583/937 993/1586/937 929/1587/937 930/1584/937
f 993/1586/938 992/1588/938 928/1589/938 929/1587/938
f 992/1588/939 991/1590/939 927/1591/939 928/1589/939
f 991/1590/940 990/1592/940 926/1593/940 927/1591/940
f 990/1592/941 989/1594/941 925/1595/941 926/1593/941
f 989/1594/942 988/1596/942 924/1597/942 925/1595/942
f 988/1596/943 987/1598/943 923/1599/943 924/1597/943
f 987/1600/944 986/1601/944 922/1602/944 923/1603/944
f 986/1601/945 985/1604/945 921/1605/945 922/1602/945
f 985/1604/946 984/1606/946 920/1607/946 921/1605/946
f 984/1606/947 983/1608/947 919/1609/947 920/1607/947
f 983/1608/948 982/1610/948 918/1611/948 919/1609/948
f 982/1610/949 981/1612/950 917/1613/949 918/1611/949
f 981/1612/951 980/1614/952 916/1615/952 917/1613/952
f 980/1614/953 979/1616/953 915/1617/953 916/1615/953
f 979/1618/954 978/1619/954 914/1620/954 915/1621/954
f 978/1619/955 977/1622/955 913/1623/955 914/1620/955
f 977/1622/956 976/1624/956 912/1625/956 913/1623/956
f 976/1624/957 975/1626/957 911/1627/957 912/1625/957
f 975/1626/958 974/1628/958 910/1629/958 911/1627/958
f 974/1628/959 973/1630/959 909/1631/959 910/1629/959
f 973/1630/960 972/1632/960 908/1633/960 909/1631/960
f 972/1632/961 971/1634/961 907/1635/961 908/1633/961
f 971/1636/962 969/1637/962 905/1638/963 907/1639/962
f 969/1637/964 970/1432/964 906/1435/964 905/1638/965
f 996/1640/966 997/1641/966 1029/1642/966 1028/1643/966
f 983/1644/967 984/1645/967 1016/1646/967 1015/1647/967
f 969/1569/968 971/1648/968 1003/1649/968 1001/1570/968
f 997/1650/969 998/1651/969 1030/1652/969 1029/1653/969
f 984/1645/970 985/1654/970 1017/1655/970 1016/1646/970
f 971/1648/971 972/1656/971 1004/1657/971 1003/1649/971
f 998/1651/972 999/1658/972 1031/1659/972 1030/1652/972
f 985/1654/973 986/1660/973 1018/1661/973 1017/1655/973
f 972/1656/974 973/1662/974 1005/1663/974 1004/1657/974
f 999/1658/975 1000/1664/975 1032/1665/975 1031/1659/975
f 986/1660/976 987/1666/976 1019/1667/976 1018/1661/976
f 973/1630/977 974/1628/977 1006/1668/977 1005/1669/977
f 1000/1664/978 970/1568/978 1002/1571/978 1032/1665/978
f 987/1666/979 988/1670/979 1020/1671/979 1019/1667/979
f 974/1628/980 975/1626/980 1007/1672/980 1006/1668/980
f 988/1670/981 989/1673/981 1021/1674/981 1020/1671/981
f 975/1626/982 976/1624/982 1008/1675/982 1007/1672/982
f 989/1594/983 990/1592/983 1022/1676/983 1021/1677/983
f 976/1624/984 977/1622/984 1009/1678/984 1008/1675/984
f 990/1592/985 991/1590/985 1023/1679/985 1022/1676/985
f 977/1622/986 978/1619/986 1010/1680/986 1009/1678/986
f 991/1590/987 992/1588/987 1024/1681/987 1023/1679/987
f 978/1619/988 979/1618/988 1011/1682/988 1010/1680/988
f 992/1588/989 993/1586/989 1025/1683/989 1024/1681/989
f 979/1618/990 980/1684/990 1012/1685/990 1011/1682/990
f 993/1586/991 994/1583/991 1026/1686/991 1025/1683/991
f 980/1684/992 981/1687/993 1013/1688/992 1012/1685/992
f 994/1583/994 995/1582/994 1027/1689/994 1026/1686/994
f 981/1690/995 982/1691/996 1014/1692/996 1013/1693/996
f 995/1582/997 996/1640/997 1028/1643/997 1027/1689/997
f 982/1691/998 983/1644/998 1015/1647/998 1014/1692/998
f 1063/1694/226 1064/1695/226 1096/1696/226 1095/1697/226
f 1085/1698/999 1086/1699/999 1118/1700/999 1117/1701/999
f 1050/1702/227 1051/1703/227 1083/1704/227 1082/1705/227
f 1037/1706/901 1038/1707/901 1070/1708/901 1069/1709/901
f 1064/1695/52 1034/1710/52 1066/1711/52 1096/1696/52
f 1051/1712/1000 1052/1713/1000 1084/1714/1000 1083/1715/1000
f 1038/1707/1001 1039/1716/1001 1071/1717/1001 1070/1708/1001
f 1052/1713/1002 1053/1718/1002 1085/1719/1002 1084/1714/1002
f 1039/1716/213 1040/1720/213 1072/1721/213 1071/1717/213
f 1053/1718/1003 1054/1722/1003 1086/1723/1003 1085/1719/1003
f 1040/1720/115 1041/1724/115 1073/1725/115 1072/1721/115
f 1054/1722/1004 1055/1726/1004 1087/1727/1004 1086/1723/1004
f 1041/1724/76 1042/1728/76 1074/1729/76 1073/1725/76
f 1055/1726/236 1056/1730/236 1088/1731/236 1087/1727/236
f 1042/1728/85 1043/1732/85 1075/1733/85 1074/1729/85
f 1056/1730/859 1057/1734/859 1089/1735/859 1088/1731/859
f 1043/1736/1005 1044/1737/1005 1076/1738/1005 1075/1739/1005
f 1057/1734/862 1058/1740/862 1090/1741/862 1089/1735/862
f 1044/1737/1006 1045/1742/1006 1077/1743/1006 1076/1738/1006
f 1058/1740/215 1059/1744/215 1091/1745/215 1090/1741/215
f 1045/1742/1007 1046/1746/1007 1078/1747/1007 1077/1743/1007
f 1059/1748/1008 1060/1749/1008 1092/1750/1008 1091/1751/1008
f 1046/1746/220 1047/1752/220 1079/1753/220 1078/1747/220
f 1034/1710/58 1033/1754/58 1065/1755/58 1066/1711/58
f 1060/1749/124 1061/1756/124 1093/1757/124 1092/1750/124
f 1047/1752/223 1048/1758/223 1080/1759/223 1079/1753/223
f 1033/1754/231 1035/1760/231 1067/1761/231 1065/1755/231
f 1061/1756/1009 1062/1762/1009 1094/1763/224 1093/1757/1009
f 1048/1758/1010 1049/1764/1010 1081/1765/1010 1080/1759/1010
f 1035/1766/1011 1036/1767/1011 1068/1768/1011 1067/1769/1011
f 1062/1762/136 1063/1694/136 1095/1697/136 1094/1763/1012
f 1049/1764/1013 1050/1702/1013 1082/1705/1013 1081/1765/1013
f 1036/1767/1014 1037/1706/1014 1069/1709/1014 1068/1768/1014
f 1120/1770/1015 1121/1771/1015 1153/1772/1015 1152/1773/1015
f 1072/1774/999 1073/1775/999 1105/1776/999 1104/1777/999
f 1086/1699/999 1087/1778/999 1119/1779/999 1118/1700/999
f 1073/1775/999 1074/1780/999 1106/1781/999 1105/1776/999
f 1087/1778/999 1088/1782/999 1120/1783/999 1119/1779/999
f 1074/1780/999 1075/1784/999 1107/1785/999 1106/1781/999
f 1088/1782/999 1089/1786/999 1121/1787/999 1120/1783/999
f 1075/1784/999 1076/1788/999 1108/1789/999 1107/1785/999
f 1089/1786/999 1090/1790/999 1122/1791/999 1121/1787/999
f 1076/1788/999 1077/1792/999 1109/1793/999 1108/1789/999
f 1090/1790/999 1091/1794/999 1123/1795/999 1122/1791/999
f 1077/1792/999 1078/1796/999 1110/1797/999 1109/1793/999
f 1091/1794/999 1092/1798/999 1124/1799/999 1123/1795/999
f 1078/1796/999 1079/1800/999 1111/1801/999 1110/1797/999
f 1066/1802/999 1065/1803/999 1097/1804/999 1098/1805/999
f 1092/1798/999 1093/1806/999 1125/1807/999 1124/1799/999
f 1079/1800/999 1080/1808/999 1112/1809/999 1111/1801/999
f 1065/1803/999 1067/1810/999 1099/1811/999 1097/1804/999
f 1093/1806/999 1094/1812/1016 1126/1813/999 1125/1807/999
f 1080/1808/999 1081/1814/999 1113/1815/999 1112/1809/999
f 1067/1810/999 1068/1816/999 1100/1817/999 1099/1811/999
f 1094/1812/1017 1095/1818/999 1127/1819/999 1126/1813/999
f 1081/1814/999 1082/1820/999 1114/1821/999 1113/1815/999
f 1068/1816/999 1069/1822/999 1101/1823/999 1100/1817/999
f 1095/1818/999 1096/1824/999 1128/1825/999 1127/1819/999
f 1082/1820/999 1083/1826/999 1115/1827/999 1114/1821/999
f 1069/1822/999 1070/1828/999 1102/1829/999 1101/1823/999
f 1096/1824/999 1066/1802/999 1098/1805/999 1128/1825/999
f 1083/1826/999 1084/1830/999 1116/1831/999 1115/1827/999
f 1070/1828/999 1071/1832/999 1103/1833/999 1102/1829/999
f 1084/1830/999 1085/1698/999 1117/1701/999 1116/1831/999
f 1071/1832/999 1072/1774/999 1104/1777/999 1103/1833/999
f 1129/1834/1018 1131/1835/1018 1132/1836/1018 1133/1837/1018 1134/1838/1018 1135/1839/1018 1136/1840/1018 1137/1841/1018 1138/1842/1018 1139/1843/1018 1140/1844/1018 1141/1845/1018 1142/1846/1018 1143/1847/1018 1144/1848/1018 1145/1849/1018 1146/1850/1018 1147/1851/1018 1148/1852/1018 1149/1853/1018 1150/1854/1018 1151/1855/1018 1152/1856/1018 1153/1857/1018 1154/1858/1018 1155/1859/1018 1156/1860/1018 1157/1861/1018 1158/1862/1018 1159/1863/1018 1160/1864/1018 1130/1865/1018
f 1107/1866/1019 1108/1867/1019 1140/1868/1019 1139/1869/1019
f 1121/1771/1020 1122/1870/1020 1154/1871/1020 1153/1772/1020
f 1108/1867/1021 1109/1872/1021 1141/1873/1021 1140/1868/1021
f 1122/1870/1022 1123/1874/1022 1155/1875/1022 1154/1871/1022
f 1109/1872/1023 1110/1876/1023 1142/1877/1023 1141/1873/1023
f 1123/1878/1024 1124/1879/1024 1156/1880/1024 1155/1881/1024
f 1110/1876/1025 1111/1882/1025 1143/1883/1025 1142/1877/1025
f 1098/1884/1026 1097/1885/1026 1129/1886/1026 1130/1887/1026
f 1124/1879/1027 1125/1888/1027 1157/1889/1027 1156/1880/1027
f 1111/1882/1028 1112/1890/1028 1144/1891/1028 1143/1883/1028
f 1097/1885/1029 1099/1892/1029 1131/1893/1029 1129/1886/1029
f 1125/1888/1030 1126/1894/1030 1158/1895/1030 1157/1889/1030
f 1112/1890/1031 1113/1896/1031 1145/1897/1031 1144/1891/1031
f 1099/1898/1032 1100/1899/1032 1132/1900/1032 1131/1901/1032
f 1126/1894/1033 1127/1902/1033 1159/1903/1033 1158/1895/1033
f 1113/1896/1034 1114/1904/1034 1146/1905/1034 1145/1897/1034
f 1100/1899/1035 1101/1906/1035 1133/1907/1035 1132/1900/1035
f 1127/1902/1036 1128/1908/1036 1160/1909/1036 1159/1903/1036
f 1114/1904/1037 1115/1910/1037 1147/1911/1037 1146/1905/1037
f 1101/1906/1038 1102/1912/1038 1134/1913/1038 1133/1907/1038
f 1128/1908/1039 1098/1884/1039 1130/1887/1039 1160/1909/1039
f 1115/1914/1040 1116/1915/1040 1148/1916/1040 1147/1917/1040
f 1102/1912/1041 1103/1918/1041 1135/1919/1041 1134/1913/1041
f 1116/1915/1042 1117/1920/1042 1149/1921/1042 1148/1916/1042
f 1103/1918/1043 1104/1922/1043 1136/1923/1043 1135/1919/1043
f 1117/1920/1044 1118/1924/1044 1150/1925/1044 1149/1921/1044
f 1104/1922/1045 1105/1926/1045 1137/1927/1045 1136/1923/1045
f 1118/1924/1046 1119/1928/1046 1151/1929/1046 1150/1925/1046
f 1105/1926/1047 1106/1930/1047 1138/1931/1047 1137/1927/1047
f 1119/1928/1048 1120/1770/1048 1152/1773/1048 1151/1929/1048
f 1106/1930/1049 1107/1932/1049 1139/1933/1049 1138/1931/1049
f 1064/1695/1050 1063/1694/1050 1169/1934/1050 1166/1935/1050
f 1034/1710/1051 1064/1695/1051 1166/1935/1051 1161/1936/1051
f 1063/1694/1052 1062/1762/1052 1172/1937/1052 1169/1934/1052
f 1062/1762/1053 1061/1756/1053 1175/1938/1053 1172/1937/1053
f 1061/1756/1054 1060/1749/1054 1178/1939/1054 1175/1938/1054
f 1060/1749/1055 1059/1748/1055 1181/1940/1055 1178/1939/1055
f 1059/1744/1056 1058/1740/1056 1184/1941/1056 1181/1942/1056
f 1058/1740/1057 1057/1734/1057 1187/1943/1057 1184/1941/1057
f 1057/1734/1058 1056/1730/1058 1190/1944/1058 1187/1943/1058
f 1056/1730/1059 1055/1726/1059 1193/1945/1059 1190/1944/1059
f 1055/1726/1060 1054/1722/1060 1196/1946/1060 1193/1945/1060
f 1054/1722/1061 1053/1718/1061 1199/1947/1061 1196/1946/1061
f 1053/1718/1062 1052/1713/1062 1202/1948/1062 1199/1947/1062
f 1052/1713/1063 1051/1712/1063 1205/1949/1063 1202/1948/1063
f 1051/1703/1064 1050/1702/1064 1208/1950/1064 1205/1951/1064
f 1050/1702/1065 1049/1764/1065 1211/1952/1065 1208/1950/1065
f 1049/1764/1066 1048/1758/1066 1214/1953/1066 1211/1952/1066
f 1048/1758/1067 1047/1752/1067 1217/1954/1067 1214/1953/1067
f 1047/1752/1068 1046/1746/1068 1220/1955/1068 1217/1954/1068
f 1046/1746/1069 1045/1742/1069 1223/1956/1069 1220/1955/1069
f 1045/1742/1070 1044/1737/1070 1226/1957/1070 1223/1956/1070
f 1044/1737/1071 1043/1736/1071 1229/1958/1071 1226/1957/1071
f 1043/1732/1072 1042/1728/1072 1232/1959/1072 1229/1960/1072
f 1042/1728/1073 1041/1724/1073 1235/1961/1073 1232/1959/1073
f 1041/1724/1074 1040/1720/1074 1238/1962/1074 1235/1961/1074
f 1040/1720/1075 1039/1716/1075 1241/1963/1075 1238/1962/1075
f 1039/1716/1076 1038/1707/1076 1244/1964/1077 1241/1963/1076
f 1038/1707/1078 1037/1706/1078 1247/1965/1078 1244/1964/1079
f 1037/1706/1080 1036/1767/1080 1250/1966/1080 1247/1965/1080
f 1036/1767/1081 1035/1766/1081 1253/1967/1081 1250/1966/1081
f 1035/1760/1082 1033/1754/1082 1256/1968/1082 1253/1969/1082
f 1033/1754/1083 1034/1710/1083 1161/1936/1083 1256/1968/1083
f 1161/1970/1084 1166/1971/1084 1165/1972/1084 1162/1973/1084
f 1162/1974/1085 1165/1975/1085 1164/1976/1085 1163/1977/1085
f 1163/1977/1086 1164/1976/1086 1032/1665/1086 1002/1571/1086
f 1166/1971/1087 1169/1978/1087 1168/1979/1087 1165/1972/1087
f 1165/1975/1088 1168/1980/1088 1167/1981/1088 1164/1976/1088
f 1164/1976/1089 1167/1981/1089 1031/1659/1089 1032/1665/1089
f 1169/1978/1090 1172/1982/1090 1171/1983/1090 1168/1979/1090
f 1168/1980/1091 1171/1984/1091 1170/1985/1091 1167/1981/1091
f 1167/1981/1092 1170/1985/1092 1030/1652/1092 1031/1659/1092
f 1172/1982/1093 1175/1986/1093 1174/1987/1093 1171/1983/1093
f 1171/1984/1094 1174/1988/1094 1173/1989/1094 1170/1985/1094
f 1170/1985/1095 1173/1989/1095 1029/1653/1095 1030/1652/1095
f 1175/1986/1096 1178/1990/1096 1177/1991/1096 1174/1987/1096
f 1174/1992/1097 1177/1993/1097 1176/1994/1097 1173/1995/1097
f 1173/1995/1098 1176/1994/1098 1028/1643/1098 1029/1642/1098
f 1178/1939/1099 1181/1940/1099 1180/1996/1099 1177/1997/1099
f 1177/1993/1100 1180/1998/1100 1179/1999/1100 1176/1994/1100
f 1176/1994/1101 1179/1999/1101 1027/1689/1101 1028/1643/1101
f 1181/1942/1102 1184/1941/1102 1183/2000/1102 1180/1998/1102
f 1180/1998/1103 1183/2000/1103 1182/2001/1103 1179/1999/1103
f 1179/1999/1104 1182/2001/1104 1026/1686/1104 1027/1689/1104
f 1184/1941/1105 1187/1943/1105 1186/2002/1105 1183/2000/1105
f 1183/2000/1106 1186/2002/1106 1185/2003/1106 1182/2001/1106
f 1182/2001/1107 1185/2003/1107 1025/1683/1107 1026/1686/1107
f 1187/1943/1108 1190/1944/1108 1189/2004/1108 1186/2002/1108
f 1186/2002/1109 1189/2004/1109 1188/2005/1109 1185/2003/1109
f 1185/2003/1110 1188/2005/1110 1024/1681/1110 1025/1683/1110
f 1190/1944/1111 1193/1945/1111 1192/2006/1111 1189/2004/1111
f 1189/2004/1112 1192/2006/1112 1191/2007/1112 1188/2005/1112
f 1188/2005/1113 1191/2007/1113 1023/1679/1113 1024/1681/1113
f 1193/1945/1114 1196/1946/1114 1195/2008/1114 1192/2006/1114
f 1192/2006/1115 1195/2008/1115 1194/2009/1115 1191/2007/1115
f 1191/2007/1116 1194/2009/1116 1022/1676/1116 1023/1679/1116
f 1196/1946/1117 1199/1947/1117 1198/2010/1117 1195/2008/1117
f 1195/2008/1118 1198/2010/1118 1197/2011/1118 1194/2009/1118
f 1194/2009/1119 1197/2011/1119 1021/1677/1119 1022/1676/1119
f 1199/1947/1120 1202/1948/1120 1201/2012/1120 1198/2010/1120
f 1198/2013/1121 1201/2014/1121 1200/2015/1121 1197/2016/1121
f 1197/2016/1122 1200/2015/1122 1020/1671/1122 1021/1674/1122
f 1202/1948/1123 1205/1949/1123 1204/2017/1123 1201/2012/1123
f 1201/2014/1124 1204/2018/1124 1203/2019/1124 1200/2015/1124
f 1200/2015/1125 1203/2019/1125 1019/1667/1125 1020/1671/1125
f 1205/2020/1126 1208/2021/1126 1207/2022/1126 1204/2018/1126
f 1204/2018/1127 1207/2022/1127 1206/2023/1127 1203/2019/1127
f 1203/2019/1128 1206/2023/1128 1018/1661/1128 1019/1667/1128
f 1208/2021/1129 1211/2024/1129 1210/2025/1129 1207/2022/1129
f 1207/2022/1130 1210/2025/1130 1209/2026/1130 1206/2023/1130
f 1206/2023/1131 1209/2026/1131 1017/1655/1131 1018/1661/1131
f 1211/1952/1132 1214/1953/1132 1213/2027/1132 1210/2028/1132
f 1210/2025/1133 1213/2029/1133 1212/2030/1133 1209/2026/1133
f 1209/2026/1134 1212/2030/1134 1016/1646/1134 1017/1655/1134
f 1214/1953/1135 1217/1954/1135 1216/2031/1135 1213/2027/1135
f 1213/2029/1136 1216/2032/1136 1215/2033/1136 1212/2030/1136
f 1212/2030/1137 1215/2033/1137 1015/1647/1137 1016/1646/1137
f 1217/1954/1138 1220/1955/1138 1219/2034/1138 1216/2031/1138
f 1216/2032/1139 1219/2035/1139 1218/2036/1139 1215/2033/1139
f 1215/2033/1140 1218/2036/1140 1014/1692/1140 1015/1647/1140
f 1220/1955/1141 1223/1956/1141 1222/2037/1141 1219/2034/1141
f 1219/2035/1142 1222/2038/1142 1221/2039/1142 1218/2036/1142
f 1218/2036/1143 1221/2039/1143 1013/1693/1143 1014/1692/1143
f 1223/1956/1144 1226/1957/1144 1225/2040/1144 1222/2037/1144
f 1222/2041/1145 1225/2042/1145 1224/2043/1145 1221/2044/1145
f 1221/2044/1146 1224/2043/1146 1012/1685/1146 1013/1688/1146
f 1226/2045/1147 1229/1960/1147 1228/2046/1147 1225/2042/1147
f 1225/2042/1148 1228/2046/1148 1227/2047/1148 1224/2043/1148
f 1224/2043/1149 1227/2047/1149 1011/1682/1149 1012/1685/1149
f 1229/1960/1150 1232/1959/1150 1231/2048/1150 1228/2046/1150
f 1228/2046/1151 1231/2048/1151 1230/2049/1151 1227/2047/1151
f 1227/2047/1152 1230/2049/1152 1010/1680/1152 1011/1682/1152
f 1232/1959/1153 1235/1961/1153 1234/2050/1153 1231/2048/1153
f 1231/2048/1154 1234/2050/1154 1233/2051/1154 1230/2049/1154
f 1230/2049/1155 1233/2051/1155 1009/1678/1155 1010/1680/1155
f 1235/1961/1156 1238/1962/1156 1237/2052/1156 1234/2050/1156
f 1234/2050/1157 1237/2052/1157 1236/2053/1157 1233/2051/1157
f 1233/2051/1158 1236/2053/1158 1008/1675/1158 1009/1678/1158
f 1238/1962/1159 1241/1963/1159 1240/2054/1159 1237/2052/1159
f 1237/2052/1160 1240/2054/1160 1239/2055/1160 1236/2053/1160
f 1236/2053/1161 1239/2055/1161 1007/1672/1161 1008/1675/1161
f 1241/1963/1162 1244/1964/1163 1243/2056/1162 1240/2054/1162
f 1240/2054/1164 1243/2056/1164 1242/2057/1164 1239/2055/1164
f 1239/2055/1165 1242/2057/1165 1006/1668/1165 1007/1672/1165
f 1244/2058/1166 1247/2059/1167 1246/2060/1167 1243/2061/1167
f 1243/2056/1168 1246/2062/1168 1245/2063/1168 1242/2057/1168
f 1242/2057/1169 1245/2063/1169 1005/1669/1169 1006/1668/1169
f 1247/2059/1170 1250/2064/1170 1249/2065/1170 1246/2060/1170
f 1246/2066/1171 1249/2067/1171 1248/2068/1171 1245/2069/1171
f 1245/2069/1172 1248/2068/1172 1004/1657/1172 1005/1663/1172
f 1250/2064/1173 1253/2070/1173 1252/2071/1173 1249/2065/1173
f 1249/2067/1174 1252/2072/1174 1251/2073/1174 1248/2068/1174
f 1248/2068/1175 1251/2073/1175 1003/1649/1175 1004/1657/1175
f 1253/2070/1176 1256/2074/1176 1255/2075/1176 1252/2071/1176
f 1252/2072/1177 1255/2076/1177 1254/2077/1177 1251/2073/1177
f 1251/2073/1178 1254/2077/1178 1001/1570/1178 1003/1649/1178
f 1256/2074/1179 1161/1970/1179 1162/1973/1179 1255/2075/1179
f 1255/2076/1180 1162/1974/1180 1163/1977/1180 1254/2077/1180
f 1254/2077/1181 1163/1977/1181 1002/1571/1181 1001/1570/1181
f 1258/2078/417 1257/2079/417 1288/2080/417 1287/2081/417 1286/2082/417 1285/2083/417 1284/2084/417 1283/2085/417 1282/2086/417 1281/2087/417 1280/2088/417 1279/2089/417 1278/2090/1182 1277/2091/418 1276/2092/418 1275/2093/417 1274/2094/417 1273/2095/417 1272/2096/417 1271/2097/417 1270/2098/417 1269/2099/417 1268/2100/417 1267/2101/417 1266/2102/417 1265/2103/417 1264/2104/417 1263/2105/417 1262/2106/1182 1261/2107/418 1260/2108/418 1259/2109/417
f 1311/2110/1183 1312/2111/1184 1376/2112/1185 1375/2113/1185
f 1257/61/3 1258/61/10 1289/61/1186 1290/61/12
f 1284/61/3 1285/61/12 1317/61/1187 1316/61/12
f 1271/61/3 1272/61/12 1304/61/1188 1303/61/10
f 1258/61/3 1259/61/12 1291/61/1189 1289/61/12
f 1285/61/20 1286/61/12 1318/61/1190 1317/61/12
f 1272/61/3 1273/61/12 1305/61/1191 1304/61/10
f 1259/61/3 1260/61/12 1292/61/1192 1291/61/12
f 1286/61/3 1287/61/10 1319/61/1193 1318/61/12
f 1273/61/3 1274/61/12 1306/61/1194 1305/61/10
f 1260/61/30 1261/61/10 1293/61/1195 1292/61/12
f 1287/61/20 1288/61/12 1320/61/1196 1319/61/12
f 1274/61/3 1275/61/12 1307/61/1197 1306/61/10
f 1261/61/1198 1262/61/1198 1294/61/1198 1293/61/1198
f 1288/61/448 1257/61/12 1290/61/1199 1320/61/12
f 1275/61/3 1276/61/10 1308/61/1200 1307/61/10
f 1262/61/3 1263/61/10 1295/61/1201 1294/61/10
f 1276/61/3 1277/61/12 1309/61/1202 1308/61/10
f 1263/61/20 1264/61/12 1296/61/1203 1295/61/10
f 1277/61/1198 1278/61/1198 1310/61/1198 1309/61/1198
f 1264/61/3 1265/61/10 1297/61/1204 1296/61/10
f 1278/61/3 1279/61/12 1311/61/1205 1310/61/12
f 1265/61/3 1266/61/12 1298/61/1206 1297/61/10
f 1279/61/3 1280/61/10 1312/61/1207 1311/61/12
f 1266/61/3 1267/61/12 1299/61/1208 1298/61/10
f 1280/61/3 1281/61/10 1313/61/1209 1312/61/12
f 1267/61/3 1268/61/12 1300/61/1210 1299/61/10
f 1281/61/3 1282/61/10 1314/61/1211 1313/61/12
f 1268/61/3 1269/61/12 1301/61/1212 1300/61/10
f 1282/61/3 1283/61/12 1315/61/1213 1314/61/12
f 1269/61/3 1270/61/12 1302/61/1214 1301/61/10
f 1283/61/3 1284/61/10 1316/61/1215 1315/61/12
f 1270/61/3 1271/61/12 1303/61/1216 1302/61/10
f 1386/2114/1217 1416/2115/1217 1352/2116/1217 1322/2117/1217
f 1298/2118/1218 1299/2119/1219 1363/2120/1220 1362/2121/1220
f 1312/2111/1221 1313/2122/1222 1377/2123/1223 1376/2112/1223
f 1299/2119/1224 1300/2124/1225 1364/2125/1226 1363/2120/1226
f 1313/2122/1227 1314/2126/1228 1378/2127/1229 1377/2123/1229
f 1300/2128/1230 1301/2129/1231 1365/2130/1232 1364/2131/1232
f 1314/2126/1233 1315/2132/1234 1379/2133/1235 1378/2127/1235
f 1301/2129/1236 1302/2134/1237 1366/2135/1238 1365/2130/1238
f 1315/2132/1239 1316/2136/1240 1380/2137/1241 1379/2133/1241
f 1302/2134/1242 1303/2138/1243 1367/2139/1244 1366/2135/1244
f 1290/2140/1245 1289/2141/1246 1353/2142/1247 1354/2143/1247
f 1316/2144/1248 1317/2145/1249 1381/2146/1250 1380/2147/1250
f 1303/2138/1251 1304/2148/1252 1368/2149/1253 1367/2139/1253
f 1289/2141/1254 1291/2150/1255 1355/2151/1256 1353/2142/1256
f 1317/2145/1257 1318/2152/1258 1382/2153/1259 1381/2146/1259
f 1304/2148/1260 1305/2154/1261 1369/2155/1262 1368/2149/1262
f 1291/2150/1263 1292/2156/1264 1356/2157/1265 1355/2151/1265
f 1318/2152/1266 1319/2158/1267 1383/2159/1268 1382/2153/1268
f 1305/2154/1269 1306/2160/1270 1370/2161/1271 1369/2155/1271
f 1292/2162/1272 1293/2163/1273 1357/2164/1274 1356/2165/1274
f 1319/2158/1275 1320/2166/1276 1384/2167/1277 1383/2159/1277
f 1306/2160/1278 1307/2168/1279 1371/2169/1280 1370/2161/1280
f 1293/2163/1281 1294/2170/1282 1358/2171/1283 1357/2164/1283
f 1320/2166/1284 1290/2140/1285 1354/2143/1286 1384/2167/1286
f 1307/2168/1287 1308/2172/1288 1372/2173/1289 1371/2169/1289
f 1294/2170/1290 1295/2174/1291 1359/2175/1292 1358/2171/1292
f 1308/2176/1293 1309/2177/1294 1373/2178/1295 1372/2179/1295
f 1295/2174/1296 1296/2180/1297 1360/2181/1298 1359/2175/1298
f 1309/2177/1299 1310/2182/1300 1374/2183/1301 1373/2178/1301
f 1296/2180/1302 1297/2184/1303 1361/2185/1304 1360/2181/1304
f 1310/2182/1305 1311/2110/1306 1375/2113/1307 1374/2183/1307
f 1297/2184/1308 1298/2118/1309 1362/2121/1310 1361/2185/1310
f 1321/2186/3 1322/2187/3 1354/2188/3 1353/2189/3
f 1323/2190/3 1321/2186/3 1353/2189/3 1355/2191/3
f 1324/2192/3 1323/2190/3 1355/2191/3 1356/2193/3
f 1325/2194/3 1324/2192/3 1356/2193/3 1357/2195/3
f 1326/2196/3 1325/2194/3 1357/2195/3 1358/2197/3
f 1327/2198/3 1326/2196/3 1358/2197/3 1359/2199/3
f 1328/2200/3 1327/2198/3 1359/2199/3 1360/2201/3
f 1329/2202/3 1328/2200/3 1360/2201/3 1361/2203/3
f 1330/2204/3 1329/2202/3 1361/2203/3 1362/2205/3
f 1331/2206/3 1330/2204/3 1362/2205/3 1363/2207/3
f 1332/2208/3 1331/2206/3 1363/2207/3 1364/2209/3
f 1333/2210/3 1332/2208/3 1364/2209/3 1365/2211/3
f 1334/2212/3 1333/2210/3 1365/2211/3 1366/2213/3
f 1335/2214/1311 1334/2212/1311 1366/2213/1311 1367/2215/1311
f 1336/2216/1312 1335/2214/1312 1367/2215/1312 1368/2217/1312
f 1337/2218/1313 1336/2216/1313 1368/2217/1313 1369/2219/1313
f 1338/2220/1314 1337/2218/1314 1369/2219/1314 1370/2221/1314
f 1339/2222/1315 1338/2220/1315 1370/2221/1315 1371/2223/1315
f 1340/2224/1316 1339/2222/1316 1371/2223/1316 1372/2225/1316
f 1341/2226/3 1340/2224/3 1372/2225/3 1373/2227/3
f 1342/2228/3 1341/2226/3 1373/2227/3 1374/2229/3
f 1343/2230/3 1342/2228/3 1374/2229/3 1375/2231/3
f 1344/2232/3 1343/2230/3 1375/2231/3 1376/2233/3
f 1345/2234/3 1344/2232/3 1376/2233/3 1377/2235/3
f 1346/2236/3 1345/2234/3 1377/2235/3 1378/2237/3
f 1347/2238/3 1346/2236/3 1378/2237/3 1379/2239/3
f 1348/2240/3 1347/2238/3 1379/2239/3 1380/2241/3
f 1349/2242/3 1348/2240/3 1380/2241/3 1381/2243/3
f 1350/2244/3 1349/2242/3 1381/2243/3 1382/2245/3
f 1351/2246/3 1350/2244/3 1382/2245/3 1383/2247/3
f 1352/2248/3 1351/2246/3 1383/2247/3 1384/2249/3
f 1322/2187/3 1352/2248/3 1384/2249/3 1354/2188/3
f 1386/2250/1317 1385/2251/1317 1417/2252/1317 1418/2253/1317
f 1416/2115/1318 1415/2254/1318 1351/2255/1318 1352/2116/1318
f 1415/2254/1319 1414/2256/1319 1350/2257/1319 1351/2255/1319
f 1414/2256/1320 1413/2258/1320 1349/2259/1320 1350/2257/1320
f 1413/2258/1321 1412/2260/1322 1348/2261/1321 1349/2259/1321
f 1412/2262/1323 1411/2263/1324 1347/2264/1324 1348/2265/1324
f 1411/2263/1325 1410/2266/1325 1346/2267/1325 1347/2264/1325
f 1410/2266/1326 1409/2268/1326 1345/2269/1326 1346/2267/1326
f 1409/2268/1327 1408/2270/1327 1344/2271/1327 1345/2269/1327
f 1408/2270/1328 1407/2272/1328 1343/2273/1328 1344/2271/1328
f 1407/2272/1329 1406/2274/1329 1342/2275/1329 1343/2273/1329
f 1406/2274/1330 1405/2276/1330 1341/2277/1330 1342/2275/1330
f 1405/2276/1331 1404/2278/1331 1340/2279/1331 1341/2277/1331
f 1404/2280/1332 1403/2281/1332 1339/2282/1332 1340/2283/1332
f 1403/2281/1333 1402/2284/1333 1338/2285/1333 1339/2282/1333
f 1402/2284/1334 1401/2286/1334 1337/2287/1334 1338/2285/1334
f 1401/2286/1335 1400/2288/1335 1336/2289/1335 1337/2287/1335
f 1400/2288/1336 1399/2290/1336 1335/2291/1336 1336/2289/1336
f 1399/2290/1337 1398/2292/1337 1334/2293/1337 1335/2291/1337
f 1398/2292/1338 1397/2294/1338 1333/2295/1338 1334/2293/1338
f 1397/2294/1339 1396/2296/1339 1332/2297/1339 1333/2295/1339
f 1396/2298/1340 1395/2299/1340 1331/2300/1340 1332/2301/1340
f 1395/2299/1341 1394/2302/1341 1330/2303/1341 1331/2300/1341
f 1394/2302/1342 1393/2304/1342 1329/2305/1342 1330/2303/1342
f 1393/2304/1343 1392/2306/1343 1328/2307/1343 1329/2305/1343
f 1392/2306/1344 1391/2308/1344 1327/2309/1344 1328/2307/1344
f 1391/2308/1345 1390/2310/1345 1326/2311/1345 1327/2309/1345
f 1390/2310/1346 1389/2312/1346 1325/2313/1346 1326/2311/1346
f 1389/2312/1347 1388/2314/1347 1324/2315/1347 1325/2313/1347
f 1388/2316/1348 1387/2317/1348 1323/2318/1348 1324/2319/1348
f 1387/2317/1349 1385/2320/1349 1321/2321/1349 1323/2318/1349
f 1385/2320/1350 1386/2114/1350 1322/2117/1350 1321/2321/1350
f 1412/2262/1351 1413/2322/1352 1445/2323/1352 1444/2324/1352
f 1399/2325/1353 1400/2326/1353 1432/2327/1353 1431/2328/1353
f 1385/2251/1354 1387/2329/1354 1419/2330/1354 1417/2252/1354
f 1413/2331/1355 1414/2332/1355 1446/2333/1355 1445/2334/1355
f 1400/2326/1356 1401/2335/1356 1433/2336/1356 1432/2327/1356
f 1387/2329/1357 1388/2337/1357 1420/2338/1357 1419/2330/1357
f 1414/2332/1358 1415/2339/1358 1447/2340/1358 1446/2333/1358
f 1401/2335/1359 1402/2341/1359 1434/2342/1359 1433/2336/1359
f 1388/2337/1360 1389/2343/1360 1421/2344/1360 1420/2338/1360
f 1415/2339/1361 1416/2345/1361 1448/2346/1361 1447/2340/1361
f 1402/2341/1362 1403/2347/1362 1435/2348/1362 1434/2342/1362
f 1389/2312/1363 1390/2310/1363 1422/2349/1363 1421/2350/1363
f 1416/2345/1364 1386/2250/1364 1418/2253/1364 1448/2346/1364
f 1403/2347/1365 1404/2351/1365 1436/2352/1365 1435/2348/1365
f 1390/2310/1366 1391/2308/1366 1423/2353/1366 1422/2349/1366
f 1404/2351/1367 1405/2354/1367 1437/2355/1367 1436/2352/1367
f 1391/2308/1368 1392/2306/1368 1424/2356/1368 1423/2353/1368
f 1405/2276/1369 1406/2274/1369 1438/2357/1369 1437/2358/1369
f 1392/2306/1370 1393/2304/1370 1425/2359/1370 1424/2356/1370
f 1406/2274/1371 1407/2272/1371 1439/2360/1371 1438/2357/1371
f 1393/2304/1372 1394/2302/1372 1426/2361/1372 1425/2359/1372
f 1407/2272/1373 1408/2270/1373 1440/2362/1373 1439/2360/1373
f 1394/2302/1374 1395/2299/1374 1427/2363/1374 1426/2361/1374
f 1408/2270/1375 1409/2268/1375 1441/2364/1375 1440/2362/1375
f 1395/2299/1376 1396/2298/1376 1428/2365/1376 1427/2363/1376
f 1409/2268/1377 1410/2266/1377 1442/2366/1377 1441/2364/1377
f 1396/2298/1378 1397/2367/1378 1429/2368/1378 1428/2365/1378
f 1410/2266/1379 1411/2263/1379 1443/2369/1379 1442/2366/1379
f 1397/2370/1380 1398/2371/1380 1430/2372/1380 1429/2373/1380
f 1411/2263/1381 1412/2262/1382 1444/2324/1381 1443/2369/1381
f 1398/2371/1383 1399/2325/1383 1431/2328/1383 1430/2372/1383
f 1479/2374/1384 1480/2375/1384 1512/2376/1384 1511/2377/1384
f 1501/2378/1385 1502/2379/1385 1534/2380/1385 1533/2381/1385
f 1466/2382/1386 1467/2383/1386 1499/2384/1386 1498/2385/1386
f 1453/2386/1387 1454/2387/1387 1486/2388/1387 1485/2389/1387
f 1480/2375/1388 1450/2390/1388 1482/2391/1388 1512/2376/1388
f 1467/2383/1389 1468/2392/1389 1500/2393/1389 1499/2384/1389
f 1454/2387/1390 1455/2394/1390 1487/2395/1390 1486/2388/1390
f 1468/2396/1391 1469/2397/1391 1501/2398/1391 1500/2399/1391
f 1455/2394/1392 1456/2400/1392 1488/2401/1392 1487/2395/1392
f 1469/2397/1393 1470/2402/1393 1502/2403/1393 1501/2398/1393
f 1456/2400/1394 1457/2404/1394 1489/2405/1394 1488/2401/1394
f 1470/2402/1395 1471/2406/1395 1503/2407/1395 1502/2403/1395
f 1457/2404/1396 1458/2408/1396 1490/2409/1396 1489/2405/1396
f 1471/2406/1397 1472/2410/1397 1504/2411/1397 1503/2407/1397
f 1458/2408/1398 1459/2412/1398 1491/2413/1398 1490/2409/1398
f 1472/2410/1223 1473/2414/1223 1505/2415/1223 1504/2411/1223
f 1459/2412/1399 1460/2416/1399 1492/2417/1399 1491/2413/1399
f 1473/2414/1400 1474/2418/1400 1506/2419/1400 1505/2415/1400
f 1460/2420/1232 1461/2421/1232 1493/2422/1232 1492/2423/1232
f 1474/2418/1401 1475/2424/1401 1507/2425/1401 1506/2419/1401
f 1461/2421/1238 1462/2426/1238 1494/2427/1238 1493/2422/1238
f 1475/2424/1241 1476/2428/1241 1508/2429/1241 1507/2425/1241
f 1462/2426/1402 1463/2430/1402 1495/2431/1402 1494/2427/1402
f 1450/2390/1403 1449/2432/1403 1481/2433/1403 1482/2391/1403
f 1476/2434/1404 1477/2435/1404 1509/2436/1404 1508/2437/1404
f 1463/2430/1405 1464/2438/1405 1496/2439/1405 1495/2431/1405
f 1449/2432/1406 1451/2440/1406 1483/2441/1406 1481/2433/1406
f 1477/2435/1259 1478/2442/1259 1510/2443/1259 1509/2436/1259
f 1464/2438/1407 1465/2444/1407 1497/2445/1407 1496/2439/1407
f 1451/2440/1408 1452/2446/1408 1484/2447/1408 1483/2441/1408
f 1478/2442/1409 1479/2374/1409 1511/2377/1409 1510/2443/1409
f 1465/2444/1410 1466/2382/1410 1498/2385/1410 1497/2445/1410
f 1452/2448/1274 1453/2386/1274 1485/2389/1274 1484/2449/1274
f 1536/2450/1411 1537/2451/1411 1569/2452/1411 1568/2453/1411
f 1488/2454/1385 1489/2455/1385 1521/2456/1385 1520/2457/1385
f 1502/2379/1385 1503/2458/1385 1535/2459/1385 1534/2380/1385
f 1489/2455/1385 1490/2460/1385 1522/2461/1385 1521/2456/1385
f 1503/2458/1385 1504/2462/1385 1536/2463/1385 1535/2459/1385
f 1490/2460/1385 1491/2464/1385 1523/2465/1385 1522/2461/1385
f 1504/2462/1385 1505/2466/1385 1537/2467/1385 1536/2463/1385
f 1491/2464/1385 1492/2468/1385 1524/2469/1385 1523/2465/1385
f 1505/2466/1385 1506/2470/1385 1538/2471/1385 1537/2467/1385
f 1492/2468/1385 1493/2472/1385 1525/2473/1385 1524/2469/1385
f 1506/2470/1385 1507/2474/1385 1539/2475/1385 1538/2471/1385
f 1493/2472/1385 1494/2476/1385 1526/2477/1385 1525/2473/1385
f 1507/2474/1385 1508/2478/1385 1540/2479/1385 1539/2475/1385
f 1494/2476/1385 1495/2480/1385 1527/2481/1385 1526/2477/1385
f 1482/2482/1385 1481/2483/1385 1513/2484/1385 1514/2485/1385
f 1508/2478/1385 1509/2486/1385 1541/2487/1385 1540/2479/1385
f 1495/2480/1385 1496/2488/1385 1528/2489/1385 1527/2481/1385
f 1481/2483/1385 1483/2490/1385 1515/2491/1385 1513/2484/1385
f 1509/2486/1385 1510/2492/1385 1542/2493/1385 1541/2487/1385
f 1496/2488/1385 1497/2494/1385 1529/2495/1385 1528/2489/1385
f 1483/2490/1385 1484/2496/1385 1516/2497/1385 1515/2491/1385
f 1510/2492/1385 1511/2498/1385 1543/2499/1385 1542/2493/1385
f 1497/2494/1385 1498/2500/1385 1530/2501/1385 1529/2495/1385
f 1484/2496/1385 1485/2502/1385 1517/2503/1385 1516/2497/1385
f 1511/2498/1385 1512/2504/1385 1544/2505/1385 1543/2499/1385
f 1498/2500/1385 1499/2506/1385 1531/2507/1385 1530/2501/1385
f 1485/2502/1385 1486/2508/1385 1518/2509/1385 1517/2503/1385
f 1512/2504/1385 1482/2482/1385 1514/2485/1385 1544/2505/1385
f 1499/2506/1385 1500/2510/1385 1532/2511/1385 1531/2507/1385
f 1486/2508/1385 1487/2512/1385 1519/2513/1385 1518/2509/1385
f 1500/2510/1385 1501/2378/1385 1533/2381/1385 1532/2511/1385
f 1487/2512/1385 1488/2454/1385 1520/2457/1385 1519/2513/1385
f 1545/2514/1412 1547/2515/1412 1548/2516/1412 1549/2517/1412 1550/2518/1412 1551/2519/1412 1552/2520/1412 1553/2521/1412 1554/2522/1412 1555/2523/1412 1556/2524/1412 1557/2525/1412 1558/2526/1412 1559/2527/1412 1560/2528/1412 1561/2529/1412 1562/2530/1412 1563/2531/1412 1564/2532/1412 1565/2533/1412 1566/2534/1412 1567/2535/1412 1568/2536/1412 1569/2537/1412 1570/2538/1412 1571/2539/1412 1572/2540/1412 1573/2541/1412 1574/2542/1412 1575/2543/1412 1576/2544/1412 1546/2545/1412
f 1523/2546/1413 1524/2547/1413 1556/2548/1413 1555/2549/1413
f 1537/2451/1414 1538/2550/1414 1570/2551/1414 1569/2452/1414
f 1524/2552/1415 1525/2553/1415 1557/2554/1415 1556/2555/1415
f 1538/2550/1416 1539/2556/1416 1571/2557/1416 1570/2551/1416
f 1525/2553/1417 1526/2558/1417 1558/2559/1417 1557/2554/1417
f 1539/2556/1418 1540/2560/1418 1572/2561/1418 1571/2557/1418
f 1526/2558/1419 1527/2562/1419 1559/2563/1419 1558/2559/1419
f 1514/2564/1420 1513/2565/1420 1545/2566/1420 1546/2567/1420
f 1540/2568/1421 1541/2569/1421 1573/2570/1421 1572/2571/1421
f 1527/2562/1422 1528/2572/1422 1560/2573/1422 1559/2563/1422
f 1513/2565/1423 1515/2574/1423 1547/2575/1423 1545/2566/1423
f 1541/2569/1424 1542/2576/1424 1574/2577/1424 1573/2570/1424
f 1528/2572/1425 1529/2578/1425 1561/2579/1425 1560/2573/1425
f 1515/2574/1426 1516/2580/1426 1548/2581/1426 1547/2575/1426
f 1542/2576/1427 1543/2582/1427 1575/2583/1427 1574/2577/1427
f 1529/2578/1428 1530/2584/1428 1562/2585/1428 1561/2579/1428
f 1516/2586/1429 1517/2587/1429 1549/2588/1429 1548/2589/1429
f 1543/2582/1430 1544/2590/1430 1576/2591/1430 1575/2583/1430
f 1530/2584/1431 1531/2592/1431 1563/2593/1431 1562/2585/1431
f 1517/2587/1432 1518/2594/1432 1550/2595/1432 1549/2588/1432
f 1544/2590/1433 1514/2564/1433 1546/2567/1433 1576/2591/1433
f 1531/2592/1434 1532/2596/1434 1564/2597/1434 1563/2593/1434
f 1518/2594/1435 1519/2598/1435 1551/2599/1435 1550/2595/1435
f 1532/2600/1436 1533/2601/1436 1565/2602/1436 1564/2603/1436
f 1519/2598/1437 1520/2604/1437 1552/2605/1437 1551/2599/1437
f 1533/2601/1438 1534/2606/1438 1566/2607/1438 1565/2602/1438
f 1520/2604/1439 1521/2608/1439 1553/2609/1439 1552/2605/1439
f 1534/2606/1440 1535/2610/1440 1567/2611/1440 1566/2607/1440
f 1521/2608/1441 1522/2612/1441 1554/2613/1441 1553/2609/1441
f 1535/2610/1442 1536/2450/1442 1568/2453/1442 1567/2611/1442
f 1522/2612/1443 1523/2546/1443 1555/2549/1443 1554/2613/1443
f 1480/2375/1444 1479/2374/1444 1585/2614/1444 1582/2615/1444
f 1450/2390/1445 1480/2375/1445 1582/2615/1445 1577/2616/1445
f 1479/2374/1446 1478/2442/1446 1588/2617/1446 1585/2614/1446
f 1478/2442/1447 1477/2435/1447 1591/2618/1447 1588/2617/1447
f 1477/2435/1448 1476/2434/1448 1594/2619/1449 1591/2618/1448
f 1476/2428/1450 1475/2424/1450 1597/2620/1450 1594/2621/1451
f 1475/2424/1452 1474/2418/1452 1600/2622/1452 1597/2620/1452
f 1474/2418/1453 1473/2414/1453 1603/2623/1453 1600/2622/1453
f 1473/2414/1454 1472/2410/1454 1606/2624/1454 1603/2623/1454
f 1472/2410/1455 1471/2406/1455 1609/2625/1455 1606/2624/1455
f 1471/2406/1456 1470/2402/1456 1612/2626/1456 1609/2625/1456
f 1470/2402/1457 1469/2397/1457 1615/2627/1457 1612/2626/1457
f 1469/2397/1458 1468/2396/1458 1618/2628/1458 1615/2627/1458
f 1468/2392/1459 1467/2383/1459 1621/2629/1459 1618/2630/1459
f 1467/2383/1460 1466/2382/1460 1624/2631/1460 1621/2629/1460
f 1466/2382/1461 1465/2444/1461 1627/2632/1461 1624/2631/1461
f 1465/2444/1462 1464/2438/1462 1630/2633/1462 1627/2632/1462
f 1464/2438/1463 1463/2430/1463 1633/2634/1463 1630/2633/1463
f 1463/2430/1464 1462/2426/1464 1636/2635/1464 1633/2634/1464
f 1462/2426/1465 1461/2421/1465 1639/2636/1465 1636/2635/1465
f 1461/2421/1466 1460/2420/1466 1642/2637/1466 1639/2636/1466
f 1460/2416/1467 1459/2412/1467 1645/2638/1467 1642/2639/1467
f 1459/2412/1468 1458/2408/1468 1648/2640/1468 1645/2638/1468
f 1458/2408/1469 1457/2404/1469 1651/2641/1469 1648/2640/1469
f 1457/2404/1470 1456/2400/1470 1654/2642/1470 1651/2641/1470
f 1456/2400/1471 1455/2394/1471 1657/2643/1471 1654/2642/1471
f 1455/2394/1472 1454/2387/1472 1660/2644/1472 1657/2643/1472
f 1454/2387/1473 1453/2386/1473 1663/2645/1473 1660/2644/1473
f 1453/2386/1474 1452/2448/1474 1666/2646/1474 1663/2645/1474
f 1452/2446/1475 1451/2440/1475 1669/2647/1475 1666/2648/1475
f 1451/2440/1476 1449/2432/1476 1672/2649/1476 1669/2647/1476
f 1449/2432/1477 1450/2390/1477 1577/2616/1477 1672/2649/1477
f 1577/2650/1478 1582/2651/1478 1581/2652/1478 1578/2653/1478
f 1578/2654/1479 1581/2655/1479 1580/2656/1479 1579/2657/1479
f 1579/2657/1480 1580/2656/1480 1448/2346/1480 1418/2253/1480
f 1582/2651/1481 1585/2658/1481 1584/2659/1481 1581/2652/1481
f 1581/2655/1482 1584/2660/1482 1583/2661/1482 1580/2656/1482
f 1580/2656/1483 1583/2661/1483 1447/2340/1483 1448/2346/1483
f 1585/2658/1484 1588/2662/1484 1587/2663/1484 1584/2659/1484
f 1584/2660/1485 1587/2664/1485 1586/2665/1485 1583/2661/1485
f 1583/2661/1486 1586/2665/1486 1446/2333/1486 1447/2340/1486
f 1588/2662/1487 1591/2666/1487 1590/2667/1487 1587/2663/1487
f 1587/2664/1488 1590/2668/1488 1589/2669/1488 1586/2665/1488
f 1586/2665/1489 1589/2669/1489 1445/2334/1489 1446/2333/1489
f 1591/2666/1490 1594/2670/1491 1593/2671/1490 1590/2667/1490
f 1590/2672/1492 1593/2673/1492 1592/2674/1492 1589/2675/1492
f 1589/2675/1493 1592/2674/1493 1444/2324/1493 1445/2323/1493
f 1594/2676/1494 1597/2677/1495 1596/2678/1495 1593/2679/1495
f 1593/2673/1496 1596/2680/1496 1595/2681/1496 1592/2674/1496
f 1592/2674/1497 1595/2681/1497 1443/2369/1497 1444/2324/1497
f 1597/2620/1498 1600/2622/1498 1599/2682/1498 1596/2680/1498
f 1596/2680/1499 1599/2682/1499 1598/2683/1499 1595/2681/1499
f 1595/2681/1500 1598/2683/1500 1442/2366/1500 1443/2369/1500
f 1600/2622/1501 1603/2623/1501 1602/2684/1501 1599/2682/1501
f 1599/2682/1502 1602/2684/1502 1601/2685/1502 1598/2683/1502
f 1598/2683/1503 1601/2685/1503 1441/2364/1503 1442/2366/1503
f 1603/2623/1504 1606/2624/1504 1605/2686/1504 1602/2684/1504
f 1602/2684/1505 1605/2686/1505 1604/2687/1505 1601/2685/1505
f 1601/2685/1506 1604/2687/1506 1440/2362/1506 1441/2364/1506
f 1606/2624/1507 1609/2625/1507 1608/2688/1507 1605/2686/1507
f 1605/2686/1508 1608/2688/1508 1607/2689/1508 1604/2687/1508
f 1604/2687/1509 1607/2689/1509 1439/2360/1509 1440/2362/1509
f 1609/2625/1510 1612/2626/1510 1611/2690/1510 1608/2688/1510
f 1608/2688/1511 1611/2690/1511 1610/2691/1511 1607/2689/1511
f 1607/2689/1512 1610/2691/1512 1438/2357/1512 1439/2360/1512
f 1612/2626/1513 1615/2627/1513 1614/2692/1513 1611/2690/1513
f 1611/2690/1514 1614/2692/1514 1613/2693/1514 1610/2691/1514
f 1610/2691/1515 1613/2693/1515 1437/2358/1515 1438/2357/1515
f 1615/2627/1516 1618/2628/1516 1617/2694/1516 1614/2692/1516
f 1614/2695/1517 1617/2696/1517 1616/2697/1517 1613/2698/1517
f 1613/2698/1518 1616/2697/1518 1436/2352/1518 1437/2355/1518
f 1618/2699/1519 1621/2700/1519 1620/2701/1519 1617/2696/1519
f 1617/2696/1520 1620/2701/1520 1619/2702/1520 1616/2697/1520
f 1616/2697/1521 1619/2702/1521 1435/2348/1521 1436/2352/1521
f 1621/2700/1522 1624/2703/1522 1623/2704/1522 1620/2701/1522
f 1620/2701/1523 1623/2704/1523 1622/2705/1523 1619/2702/1523
f 1619/2702/1524 1622/2705/1524 1434/2342/1524 1435/2348/1524
f 1624/2631/1525 1627/2632/1525 1626/2706/1525 1623/2707/1525
f 1623/2704/1526 1626/2708/1526 1625/2709/1526 1622/2705/1526
f 1622/2705/1527 1625/2709/1527 1433/2336/1527 1434/2342/1527
f 1627/2632/1528 1630/2633/1528 1629/2710/1528 1626/2706/1528
f 1626/2708/1529 1629/2711/1529 1628/2712/1529 1625/2709/1529
f 1625/2709/1530 1628/2712/1530 1432/2327/1530 1433/2336/1530
f 1630/2633/1531 1633/2634/1531 1632/2713/1531 1629/2710/1531
f 1629/2711/1532 1632/2714/1532 1631/2715/1532 1628/2712/1532
f 1628/2712/1533 1631/2715/1533 1431/2328/1533 1432/2327/1533
f 1633/2634/1534 1636/2635/1534 1635/2716/1534 1632/2713/1534
f 1632/2714/1535 1635/2717/1535 1634/2718/1535 1631/2715/1535
f 1631/2715/1536 1634/2718/1536 1430/2372/1536 1431/2328/1536
f 1636/2635/1537 1639/2636/1537 1638/2719/1537 1635/2716/1537
f 1635/2717/1538 1638/2720/1538 1637/2721/1538 1634/2718/1538
f 1634/2718/1539 1637/2721/1539 1429/2373/1539 1430/2372/1539
f 1639/2636/1540 1642/2637/1540 1641/2722/1540 1638/2719/1540
f 1638/2723/1541 1641/2724/1541 1640/2725/1541 1637/2726/1541
f 1637/2726/1542 1640/2725/1542 1428/2365/1542 1429/2368/1542
f 1642/2639/1543 1645/2638/1543 1644/2727/1543 1641/2724/1543
f 1641/2724/1544 1644/2727/1544 1643/2728/1544 1640/2725/1544
f 1640/2725/1545 1643/2728/1545 1427/2363/1545 1428/2365/1545
f 1645/2638/1546 1648/2640/1546 1647/2729/1546 1644/2727/1546
f 1644/2727/1547 1647/2729/1547 1646/2730/1547 1643/2728/1547
f 1643/2728/1548 1646/2730/1548 1426/2361/1548 1427/2363/1548
f 1648/2640/1549 1651/2641/1549 1650/2731/1549 1647/2729/1549
f 1647/2729/1550 1650/2731/1550 1649/2732/1550 1646/2730/1550
f 1646/2730/1551 1649/2732/1551 1425/2359/1551 1426/2361/1551
f 1651/2641/1552 1654/2642/1552 1653/2733/1552 1650/2731/1552
f 1650/2731/1553 1653/2733/1553 1652/2734/1553 1649/2732/1553
f 1649/2732/1554 1652/2734/1554 1424/2356/1554 1425/2359/1554
f 1654/2642/1555 1657/2643/1555 1656/2735/1555 1653/2733/1555
f 1653/2733/1556 1656/2735/1556 1655/2736/1556 1652/2734/1556
f 1652/2734/1557 1655/2736/1557 1423/2353/1557 1424/2356/1557
f 1657/2643/1558 1660/2644/1558 1659/2737/1558 1656/2735/1558
f 1656/2735/1559 1659/2737/1559 1658/2738/1559 1655/2736/1559
f 1655/2736/1560 1658/2738/1560 1422/2349/1560 1423/2353/1560
f 1660/2739/1561 1663/2740/1561 1662/2741/1562 1659/2742/1561
f 1659/2737/1563 1662/2743/1564 1661/2744/1563 1658/2738/1563
f 1658/2738/1565 1661/2744/1565 1421/2350/1565 1422/2349/1565
f 1663/2740/1566 1666/2745/1566 1665/2746/1566 1662/2741/1567
f 1662/2747/1568 1665/2748/1569 1664/2749/1569 1661/2750/1569
f 1661/2750/1570 1664/2749/1570 1420/2338/1570 1421/2344/1570
f 1666/2745/1571 1669/2751/1571 1668/2752/1572 1665/2746/1571
f 1665/2748/1573 1668/2753/1574 1667/2754/1573 1664/2749/1573
f 1664/2749/1575 1667/2754/1575 1419/2330/1575 1420/2338/1575
f 1669/2751/1576 1672/2755/1576 1671/2756/1576 1668/2752/1577
f 1668/2753/1578 1671/2757/1579 1670/2758/1579 1667/2754/1579
f 1667/2754/1580 1670/2758/1580 1417/2252/1580 1419/2330/1580
f 1672/2755/1581 1577/2650/1581 1578/2653/1581 1671/2756/1581
f 1671/2757/1582 1578/2654/1582 1579/2657/1582 1670/2758/1582
f 1670/2758/1583 1579/2657/1583 1418/2253/1583 1417/2252/1583
s 1
usemtl legs
f 1674/2759/1584 1676/2760/1584 1679/2761/1584 1677/2762/1584
f 1678/2763/1585 1680/2764/1585 1675/2765/1585 1673/2766/1585
f 1678/2767/4 1673/2768/4 1674/2769/4 1677/2770/4
f 1679/2771/3 1676/2772/3 1675/2773/3 1680/2774/3
f 1677/2775/12 1679/2776/12 1680/2777/12 1678/2778/12
f 1673/2779/10 1675/2780/10 1676/2781/10 1674/2782/10
